game_id,stem,calibrated_lead_s,lead_status,quality_status,holdout_status,drift_status,bimodal_curve,tie_status,tie_leads,second_peak_lead,second_peak_rate,abs_half_lead_diff_s,lead_H1,lead_H2,shot_n_naive,shot_rate_naive,shot_agree_calibrated,shot_n_calibrated,shot_rate_calibrated,to_n_naive,to_rate_naive,to_agree_calibrated,to_n_calibrated,to_rate_calibrated,plateau_width_s_within_1_event,plateau_width_s_within_0p02,rising_edge_lead_s,n_local_maxima_within_0p02,external_10,source_reported_lead,n_event_containers,n_raw_moments,n_unique_period_clock,periods,n_pbp_rows,shot_n_H1,shot_rate_H1_at_H1_lead,shot_n_H2,shot_rate_H2_at_H2_lead,to_H1_agree_game_lead,to_H1_agree_half_lead,to_H1_n,to_H2_agree_game_lead,to_H2_agree_half_lead,to_H2_n,eventid_shots_n,eventid_shots_matched,eventid_shots_container_overlaps_window,eventid_to_n,eventid_to_matched,eventid_to_container_overlaps_window,v3_covered,screen_used,timeout_tracking_universe,external_10_overlap,curve_rates
0021500001,10.27.2015.DET.at.ATL,4.0,CLOCK_CALIBRATION_VALIDATED,CALIBRATED,HOLDOUT_PASS,ADEQUATE,False,UNIQUE,4.0,3.5,0.9548022598870056,1.5,4.0,2.5,164,0.3170731707317073,170,177,0.96045197740113,30,0.5,28,30,0.9333333333333332,0.5,2.5,2.5,2,False,,472,222856,71253,1|2|3|4,489,86,0.9534883720930232,92,0.9777777777777776,16,16,18,12,10,11,178,178,174,30,30,29,True,True,True,False,0.3171|0.4970|0.6936|0.8686|0.9318|0.9432|0.9492|0.9548|0.9605|0.9379|0.9379|0.9545|0.9379|0.9266|0.9266|0.9209|0.9205
0021500002,10.27.2015.CLE.at.CHI,4.0,CLOCK_CALIBRATION_VALIDATED,CALIBRATED,HOLDOUT_PASS,ADEQUATE,False,UNIQUE,4.0,4.5,0.9779005524861878,0.5,3.5,4.0,181,0.2707182320441988,176,179,0.9832402234636872,22,0.5,21,22,0.9545454545454546,1.5,2.5,3.0,1,False,,488,210167,70394,1|2|3|4,512,96,0.96875,85,1.0,10,10,11,11,11,11,181,181,170,23,23,15,True,True,True,False,0.2707|0.4261|0.5917|0.8081|0.9375|0.9605|0.9716|0.9775|0.9832|0.9779|0.9778|0.9609|0.9556|0.9497|0.9385|0.9157|0.9162
0021500003,10.27.2015.NOP.at.GSW,5.0,CLOCK_CALIBRATION_VALIDATED,CALIBRATED,HOLDOUT_PASS,ADEQUATE,False,UNIQUE,5.0,4.5,0.9548022598870056,0.5,5.0,4.5,169,0.3195266272189349,169,176,0.9602272727272728,37,0.5675675675675675,33,38,0.868421052631579,1.0,2.0,4.0,1,False,,517,240662,71552,1|2|3|4,542,93,0.945054945054945,86,0.9883720930232558,13,13,17,20,20,21,179,177,175,38,38,38,True,True,True,False,0.3195|0.4157|0.5673|0.7052|0.8182|0.8701|0.8870|0.8920|0.9429|0.9548|0.9602|0.9489|0.9379|0.9143|0.9148|0.8977|0.8864
0021500004,10.28.2015.WAS.at.ORL,3.0,CLOCK_CALIBRATION_VALIDATED,CALIBRATED,HOLDOUT_PASS,ADEQUATE,False,TIE_2_SMALLEST_CHOSEN,3.0|3.5,3.5,0.9775280898876404,2.0,4.5,2.5,172,0.436046511627907,174,178,0.9775280898876404,29,0.3793103448275862,28,29,0.9655172413793104,2.0,3.0,2.5,2,False,,504,213091,67998,1|2|3|4,529,96,0.978021978021978,88,1.0,12,12,12,16,15,17,184,176,81,31,30,11,True,True,True,False,0.4360|0.6512|0.8218|0.8715|0.9382|0.9605|0.9775|0.9775|0.9719|0.9773|0.9657|0.9548|0.9432|0.9371|0.9253|0.9133|0.8851
0021500005,10.28.2015.PHI.at.BOS,5.0,CLOCK_CALIBRATION_VALIDATED,CALIBRATED,HOLDOUT_PASS,ADEQUATE,False,UNIQUE,5.0,5.5,0.9702380952380952,0.0,5.0,5.0,164,0.3048780487804878,165,168,0.9821428571428572,38,0.5,38,39,0.9743589743589745,0.5,1.5,4.5,1,False,,491,214750,71669,1|2|3|4,520,91,0.989010989010989,77,0.974025974025974,16,16,17,22,22,22,168,168,165,39,39,38,False,False,False,False,0.3049|0.3939|0.5093|0.6770|0.8098|0.8970|0.9277|0.9345|0.9581|0.9701|0.9821|0.9702|0.9581|0.9524|0.9102|0.8916|0.8802
0021500007,10.28.2015.UTA.at.DET,6.0,CLOCK_CALIBRATION_VALIDATED,CALIBRATED,HOLDOUT_PASS,ADEQUATE,False,UNIQUE,6.0,6.5,0.9659863945578232,0.5,6.0,5.5,144,0.3472222222222222,143,147,0.9727891156462584,21,0.7142857142857143,22,22,1.0,1.0,2.0,4.5,2,False,,444,229740,71261,1|2|3|4,459,73,0.971830985915493,76,0.9736842105263158,11,11,11,11,11,11,149,149,141,22,22,21,True,True,True,False,0.3472|0.4527|0.5379|0.6149|0.6966|0.7568|0.8707|0.9189|0.9388|0.9592|0.9524|0.9595|0.9728|0.9660|0.9456|0.9320|0.9320
0021500009,10.28.2015.IND.at.TOR,2.0,AMBIGUOUS_LEAD,CALIBRATED,HOLDOUT_PASS,ADEQUATE,True,TIE_2_SMALLEST_CHOSEN,2.0|3.5,3.5,0.9879518072289156,1.5,3.5,2.0,158,0.4556962025316455,164,166,0.9879518072289156,33,0.4848484848484848,30,33,0.9090909090909092,1.5,2.5,2.0,2,False,,519,234006,71982,1|2|3|4,541,84,0.988095238095238,82,1.0,14,17,17,16,16,16,166,166,166,33,33,33,True,True,True,False,0.4557|0.6788|0.8841|0.9337|0.9880|0.9759|0.9819|0.9880|0.9699|0.9578|0.9578|0.9518|0.9515|0.9264|0.9152|0.8916|0.8788
0021500010,10.28.2015.DEN.at.HOU,4.0,CLOCK_CALIBRATION_VALIDATED,CALIBRATED,HOLDOUT_PASS,ADEQUATE,False,UNIQUE,4.0,4.5,0.9939024390243902,1.0,5.0,4.0,154,0.3506493506493506,164,165,0.993939393939394,34,0.4411764705882353,32,35,0.9142857142857144,1.0,3.0,2.5,2,False,,481,253911,70291,1|2|3|4,513,86,1.0,80,1.0,15,14,17,17,17,18,166,165,130,37,36,17,True,True,True,False,0.3506|0.4837|0.7267|0.8500|0.9074|0.9752|0.9877|0.9877|0.9939|0.9939|0.9818|0.9576|0.9515|0.9325|0.9207|0.9018|0.8963
0021500011,10.28.2015.CLE.at.MEM,3.0,AMBIGUOUS_LEAD,CALIBRATED,HOLDOUT_PASS,ADEQUATE,True,TIE_2_SMALLEST_CHOSEN,3.0|4.0,4.0,0.9879518072289156,0.0,3.0,3.0,157,0.2611464968152866,164,166,0.9879518072289156,35,0.5714285714285714,31,33,0.9393939393939394,1.5,2.5,3.0,2,False,,467,219321,71233,1|2|3|4,481,87,0.9770114942528736,79,1.0,13,13,14,18,18,19,166,166,165,35,35,32,True,True,True,False,0.2611|0.4465|0.6211|0.7578|0.8827|0.9512|0.9880|0.9879|0.9880|0.9759|0.9699|0.9576|0.9458|0.9217|0.9212|0.9036|0.9036
0021500012,10.28.2015.NYK.at.MIL,4.5,CLOCK_CALIBRATION_VALIDATED,CALIBRATED,HOLDOUT_PASS,ADEQUATE,False,UNIQUE,4.5,5.0,0.9651162790697676,0.5,5.0,4.5,170,0.288235294117647,167,173,0.9653179190751444,27,0.3333333333333333,28,28,1.0,1.5,2.0,4.0,1,False,,518,209373,67851,1|2|3|4,543,100,0.96875,79,0.9736842105263158,16,16,16,12,12,12,179,171,111,29,26,12,True,True,True,False,0.2882|0.3720|0.5926|0.7530|0.8353|0.9017|0.9200|0.9368|0.9595|0.9653|0.9651|0.9486|0.9425|0.9364|0.9425|0.9017|0.8786
0021500013,10.28.2015.SAS.at.OKC,3.0,CLOCK_CALIBRATION_VALIDATED,CALIBRATED,HOLDOUT_PASS,ADEQUATE,False,TIE_2_SMALLEST_CHOSEN,3.0|3.5,3.5,0.9719101123595506,0.5,3.5,3.0,170,0.3529411764705882,173,178,0.9719101123595506,31,0.5161290322580645,29,32,0.90625,2.0,3.5,2.0,1,False,,464,215706,71871,1|2|3|4,489,91,0.9888888888888888,88,0.9659090909090908,15,15,18,14,14,14,179,178,178,32,32,32,True,True,True,False,0.3529|0.5322|0.7614|0.8876|0.9553|0.9663|0.9719|0.9719|0.9663|0.9605|0.9551|0.9494|0.9435|0.9326|0.9157|0.9040|0.9040
0021500015,10.28.2015.NOP.at.POR,4.0,AMBIGUOUS_LEAD,CALIBRATED,HOLDOUT_PASS,ADEQUATE,True,UNIQUE,4.0,3.0,0.9719101123595506,1.0,4.0,3.0,173,0.2369942196531791,173,177,0.9774011299435028,23,0.391304347826087,23,23,1.0,2.0,4.5,2.5,3,False,,447,210514,71007,1|2|3|4,466,98,0.9690721649484536,81,0.9875,14,14,14,9,9,9,179,177,167,23,23,18,True,True,True,False,0.2370|0.3720|0.5952|0.7849|0.8971|0.9605|0.9719|0.9719|0.9774|0.9718|0.9663|0.9607|0.9663|0.9607|0.9435|0.8989|0.8820
0021500016,10.28.2015.LAC.at.SAC,4.0,CLOCK_CALIBRATION_VALIDATED,CALIBRATED,HOLDOUT_PASS,ADEQUATE,False,UNIQUE,4.0,3.5,0.9364161849710982,0.5,4.0,3.5,166,0.2228915662650602,162,172,0.9418604651162792,31,0.2903225806451613,30,31,0.967741935483871,1.0,2.0,3.0,1,False,,495,227784,71122,1|2|3|4,518,85,0.9285714285714286,89,0.9545454545454546,17,17,17,13,13,14,174,172,152,31,31,22,False,False,False,False,0.2229|0.2882|0.3593|0.5621|0.7692|0.8889|0.9298|0.9364|0.9419|0.9240|0.9186|0.9064|0.9070|0.9075|0.9070|0.8966|0.8947
0021500017,10.28.2015.MIN.at.LAL,6.5,CLOCK_CALIBRATION_VALIDATED,CALIBRATED,HOLDOUT_PASS,ADEQUATE,False,UNIQUE,6.5,6.0,0.9649122807017544,0.5,5.5,6.0,169,0.2603550295857988,166,171,0.9707602339181286,21,0.7142857142857143,17,21,0.8095238095238095,1.0,3.0,4.5,1,False,,513,235508,71145,1|2|3|4,516,87,0.9540229885057472,86,0.988095238095238,10,10,11,7,7,10,173,172,155,21,21,13,True,True,True,False,0.2604|0.3114|0.3926|0.5152|0.7101|0.7941|0.8588|0.8947|0.9353|0.9529|0.9588|0.9647|0.9649|0.9708|0.9647|0.9415|0.9474
0021500018,10.29.2015.MEM.at.IND,3.5,CLOCK_CALIBRATION_VALIDATED,CALIBRATED,HOLDOUT_PASS,ADEQUATE,False,UNIQUE,3.5,4.0,0.9801324503311258,0.0,3.5,3.5,147,0.2993197278911564,151,154,0.9805194805194806,33,0.4242424242424242,29,33,0.8787878787878788,1.5,3.0,2.5,1,False,,462,191400,66875,1|2|3|4,488,82,0.9743589743589745,78,0.986842105263158,18,18,20,11,11,13,160,154,101,34,34,17,True,True,True,False,0.2993|0.5139|0.8194|0.9412|0.9484|0.9613|0.9675|0.9805|0.9801|0.9801|0.9605|0.9404|0.9133|0.9139|0.9007|0.8800|0.8533
0021500019,10.29.2015.ATL.at.NYK,2.5,CLOCK_CALIBRATION_VALIDATED,CALIBRATED,HOLDOUT_PASS,ADEQUATE,False,TIE_2_SMALLEST_CHOSEN,2.5|3.0,3.0,0.9827586206896552,0.0,2.5,2.5,163,0.5828220858895705,171,174,0.9827586206896552,35,0.4,32,36,0.8888888888888888,2.0,2.5,2.0,1,False,,495,252645,72434,1|2|3|4,516,89,1.0,87,0.9651162790697676,17,17,18,15,15,18,176,176,175,36,36,34,False,False,False,False,0.5828|0.7988|0.9070|0.9600|0.9714|0.9828|0.9828|0.9773|0.9771|0.9489|0.9318|0.9375|0.9261|0.9148|0.8914|0.8807|0.8563
0021500020,10.29.2015.DAL.at.LAC,5.5,DRIFTING_LEAD,CALIBRATED,HOLDOUT_PASS,MATERIALLY_DRIFTING,False,UNIQUE,5.5,6.0,0.9502762430939228,2.5,3.0,5.5,180,0.2,174,182,0.956043956043956,20,0.5,16,19,0.8421052631578947,0.5,2.0,5.0,1,False,,503,269084,71662,1|2|3|4,522,90,0.9770114942528736,94,0.956989247311828,10,13,14,6,6,6,184,184,166,20,20,14,True,True,True,False,0.2000|0.2312|0.3605|0.5260|0.7299|0.8444|0.9056|0.9227|0.9341|0.9341|0.9396|0.9560|0.9503|0.9396|0.9286|0.9126|0.8901
0021500021,10.30.2015.MIA.at.CLE,6.0,AMBIGUOUS_LEAD,CALIBRATED,HOLDOUT_PASS,ADEQUATE,True,UNIQUE,6.0,5.0,0.9673202614379084,0.5,5.0,5.5,153,0.2418300653594771,148,152,0.9736842105263158,23,0.5217391304347826,19,22,0.8636363636363636,1.5,3.5,5.0,2,False,,438,221985,68338,1|2|3|4,452,85,0.975,78,0.9722222222222222,9,10,11,10,12,12,163,157,42,24,24,3,True,True,True,False,0.2418|0.2848|0.3716|0.4564|0.5600|0.7219|0.8882|0.9408|0.9342|0.9408|0.9673|0.9605|0.9737|0.9673|0.9542|0.9542|0.9542
0021500022,10.30.2015.OKC.at.ORL,3.5,CLOCK_CALIBRATION_VALIDATED,CALIBRATED,HOLDOUT_PASS,ADEQUATE,False,UNIQUE,3.5,5.0,0.967741935483871,1.0,4.5,3.5,180,0.3111111111111111,182,187,0.9732620320855616,34,0.4411764705882353,34,34,1.0,0.5,3.0,3.0,2,False,,646,240686,74114,1|2|3|4|5|6,677,91,1.0,86,0.9605263157894736,15,15,15,15,15,15,216,195,21,36,31,1,True,True,True,False,0.3111|0.5083|0.7273|0.8361|0.8962|0.9459|0.9570|0.9733|0.9622|0.9572|0.9677|0.9574|0.9305|0.9206|0.9297|0.9037|0.8925
0021500023,10.30.2015.UTA.at.PHI,4.0,CLOCK_CALIBRATION_VALIDATED,CALIBRATED,HOLDOUT_PASS,ADEQUATE,False,TIE_2_SMALLEST_CHOSEN,4.0|4.5,4.5,1.0,1.0,4.0,3.0,135,0.2814814814814815,139,139,1.0,24,0.1666666666666666,19,20,0.95,1.5,2.5,3.0,3,False,,481,212829,65796,1|2|3|4,502,71,1.0,80,1.0,7,7,7,12,9,13,151,140,12,25,21,1,False,False,False,False,0.2815|0.5662|0.7643|0.8865|0.9357|0.9716|0.9929|0.9857|1.0000|1.0000|0.9786|0.9786|0.9857|0.9574|0.9577|0.9504|0.9357
0021500024,10.30.2015.TOR.at.BOS,3.0,CLOCK_CALIBRATION_VALIDATED,CALIBRATED,HOLDOUT_PASS,ADEQUATE,False,TIE_2_SMALLEST_CHOSEN,3.0|3.5,3.5,0.9580838323353292,0.5,3.5,3.0,163,0.3987730061349693,160,167,0.9580838323353292,38,0.3947368421052631,36,38,0.9473684210526316,1.0,2.0,3.0,1,False,,549,235492,71290,1|2|3|4,574,84,0.9761904761904762,83,0.9518072289156626,19,20,21,17,17,17,167,165,137,38,38,28,True,True,True,False,0.3988|0.5617|0.7546|0.8623|0.9036|0.9222|0.9581|0.9581|0.9458|0.9398|0.9281|0.9277|0.9337|0.9277|0.8982|0.8675|0.8424
0021500025,10.30.2015.CHI.at.DET,6.0,CLOCK_CALIBRATION_VALIDATED,CALIBRATED,HOLDOUT_PASS,ADEQUATE,False,UNIQUE,6.0,5.5,0.9251336898395722,1.0,6.0,5.0,180,0.2277777777777777,174,187,0.93048128342246,31,0.4516129032258064,28,32,0.875,1.0,2.0,5.5,2,False,,535,222331,78391,1|2|3|4|5,557,85,0.9176470588235294,85,0.963855421686747,18,18,20,8,8,10,188,187,149,33,31,20,True,True,True,False,0.2278|0.2599|0.3257|0.3764|0.5169|0.7072|0.8043|0.8378|0.8817|0.9032|0.9086|0.9251|0.9305|0.9086|0.9076|0.9194|0.9202
0021500026,10.30.2015.CHA.at.ATL,3.5,CLOCK_CALIBRATION_VALIDATED,CALIBRATED,HOLDOUT_PASS,ADEQUATE,False,TIE_2_SMALLEST_CHOSEN,3.5|4.0,4.0,0.9822485207100592,0.5,3.5,3.0,161,0.3788819875776397,166,169,0.9822485207100592,31,0.4838709677419355,31,32,0.96875,2.0,3.5,3.0,2,False,,480,218221,71618,1|2|3|4,501,89,0.9655172413793104,82,1.0,14,14,14,17,15,17,171,167,137,33,32,18,False,False,False,False,0.3789|0.6770|0.8176|0.9112|0.9401|0.9527|0.9821|0.9822|0.9822|0.9765|0.9647|0.9647|0.9706|0.9529|0.9408|0.9294|0.9059
0021500027,10.30.2015.WAS.at.MIL,4.5,AMBIGUOUS_LEAD,CALIBRATED,HOLDOUT_PASS,ADEQUATE,True,UNIQUE,4.5,3.5,0.9642857142857144,1.0,4.5,3.5,138,0.2536231884057971,136,140,0.9714285714285714,37,0.4864864864864865,33,35,0.9428571428571428,2.0,2.5,3.5,3,False,,474,195894,67708,1|2|3|4,494,82,0.9743589743589745,68,0.9836065573770492,12,12,14,21,19,21,150,141,35,37,34,10,True,True,True,False,0.2536|0.3926|0.5547|0.7447|0.8786|0.9286|0.9433|0.9643|0.9643|0.9714|0.9643|0.9500|0.9571|0.9420|0.9281|0.9051|0.8986
0021500028,10.30.2015.BKN.at.SAS,5.5,CLOCK_CALIBRATION_VALIDATED,CALIBRATED,HOLDOUT_PASS,ADEQUATE,False,UNIQUE,5.5,5.0,0.9793103448275862,0.5,5.0,5.5,137,0.218978102189781,143,146,0.9794520547945206,29,0.5172413793103449,24,28,0.8571428571428571,1.5,1.5,5.0,1,False,,443,155728,60609,1|2|3|4,463,88,0.986842105263158,75,0.9714285714285714,10,11,11,14,14,17,163,149,1,33,28,0,True,True,True,False,0.2190|0.4604|0.6884|0.8542|0.9225|0.9441|0.9580|0.9580|0.9574|0.9580|0.9793|0.9795|0.9726|0.9589|0.9517|0.9514|0.9310
0021500029,10.30.2015.MIN.at.DEN,5.0,AMBIGUOUS_LEAD,CALIBRATED,HOLDOUT_PASS,ADEQUATE,True,UNIQUE,5.0,6.0,0.98159509202454,0.5,4.5,5.0,160,0.3,162,165,0.9818181818181818,31,0.6129032258064516,27,30,0.9,2.0,3.5,4.0,2,False,,521,241207,70733,1|2|3|4,531,80,0.9746835443037974,86,0.9883720930232558,16,16,16,11,11,14,166,166,149,31,31,22,True,True,True,False,0.3000|0.4367|0.5472|0.6375|0.7688|0.8385|0.9085|0.9325|0.9693|0.9758|0.9818|0.9758|0.9816|0.9693|0.9693|0.9573|0.9448
0021500031,10.30.2015.LAL.at.SAC,5.0,CLOCK_CALIBRATION_VALIDATED,CALIBRATED,HOLDOUT_PASS,ADEQUATE,False,UNIQUE,5.0,4.5,0.9672131147540984,1.0,5.0,4.0,177,0.2768361581920904,179,184,0.9728260869565216,32,0.4375,28,33,0.8484848484848485,0.5,2.5,3.5,2,False,,516,212752,69711,1|2|3|4,537,98,0.9894736842105264,92,0.9659090909090908,11,11,15,17,16,17,190,185,79,33,32,12,True,True,True,False,0.2768|0.3315|0.4407|0.6497|0.8523|0.9130|0.9301|0.9568|0.9568|0.9672|0.9728|0.9624|0.9457|0.9247|0.8995|0.8973|0.8804
0021500032,10.30.2015.POR.at.PHX,4.0,CLOCK_CALIBRATION_VALIDATED,CALIBRATED,HOLDOUT_PASS,ADEQUATE,False,UNIQUE,4.0,3.5,0.9627329192546584,0.0,4.0,4.0,161,0.2608695652173913,159,162,0.9814814814814816,41,0.3902439024390244,38,40,0.95,0.5,1.5,3.5,1,False,,510,205876,67358,1|2|3|4,546,85,0.9642857142857144,84,1.0,14,14,16,24,24,24,169,161,86,42,41,18,True,True,True,False,0.2609|0.3376|0.5197|0.7610|0.8688|0.9313|0.9500|0.9627|0.9815|0.9625|0.9500|0.9299|0.9430|0.9177|0.9045|0.8861|0.8726
0021500033,10.31.2015.UTA.at.IND,3.5,AMBIGUOUS_LEAD,CALIBRATED,HOLDOUT_PASS,ADEQUATE,True,TIE_2_SMALLEST_CHOSEN,3.5|4.5,4.5,0.967948717948718,0.5,3.0,2.5,150,0.2866666666666667,151,156,0.967948717948718,40,0.4,39,39,1.0,3.0,3.5,2.5,4,False,,464,213304,68407,1|2|3|4,490,81,1.0,77,0.9605263157894736,18,18,18,21,19,21,158,150,66,41,41,11,True,True,True,False,0.2867|0.4138|0.6980|0.8701|0.9290|0.9615|0.9615|0.9679|0.9615|0.9679|0.9613|0.9675|0.9477|0.9272|0.9342|0.9079|0.9000
0021500034,10.31.2015.NYK.at.WAS,4.5,CLOCK_CALIBRATION_VALIDATED,CALIBRATED,HOLDOUT_PASS,ADEQUATE,False,UNIQUE,4.5,5.0,0.9636363636363636,0.5,5.0,4.5,161,0.2981366459627329,157,161,0.9751552795031057,35,0.4,30,33,0.9090909090909092,0.5,2.0,3.5,2,False,,537,202862,66675,1|2|3|4,558,86,0.9506172839506172,90,1.0,13,13,16,17,17,17,176,150,10,35,31,3,False,False,False,False,0.2981|0.3671|0.6258|0.8447|0.9091|0.9387|0.9512|0.9630|0.9627|0.9752|0.9636|0.9515|0.9329|0.9207|0.9146|0.8812|0.8797
0021500035,10.31.2015.GSW.at.NOP,5.0,CLOCK_CALIBRATION_VALIDATED,CALIBRATED,HOLDOUT_PASS,ADEQUATE,False,UNIQUE,5.0,4.5,0.9548022598870056,0.0,5.0,5.0,178,0.2528089887640449,171,178,0.9606741573033708,23,0.391304347826087,25,25,1.0,0.5,1.5,4.5,1,False,,497,200781,68712,1|2|3|4,516,94,0.9782608695652174,90,0.9418604651162792,10,10,10,15,15,15,184,179,59,25,24,9,False,False,False,False,0.2528|0.3371|0.4483|0.5943|0.7288|0.8239|0.8870|0.8983|0.9213|0.9548|0.9607|0.9494|0.9382|0.9379|0.9322|0.9162|0.8636
0021500036,10.31.2015.BKN.at.MEM,4.5,CLOCK_CALIBRATION_VALIDATED,CALIBRATED,HOLDOUT_PASS,ADEQUATE,False,UNIQUE,4.5,5.0,0.9936708860759492,1.5,4.0,2.5,147,0.2517006802721088,158,159,0.9937106918238994,21,0.4285714285714285,19,21,0.9047619047619048,2.0,3.5,3.0,2,False,,449,223294,71835,1|2|3|4,458,77,1.0,82,1.0,12,12,12,7,8,9,159,158,145,21,21,18,True,True,True,False,0.2517|0.4467|0.6104|0.7962|0.9161|0.9554|0.9809|0.9874|0.9874|0.9937|0.9937|0.9747|0.9745|0.9684|0.9620|0.9620|0.9620
0021500037,10.31.2015.PHX.at.POR,6.0,CLOCK_CALIBRATION_VALIDATED,CALIBRATED,HOLDOUT_PASS,ADEQUATE,False,UNIQUE,6.0,6.5,0.9640718562874252,2.0,6.5,4.5,165,0.2181818181818181,160,165,0.9696969696969696,28,0.25,24,28,0.8571428571428571,1.5,4.0,3.0,3,False,,473,198227,68626,1|2|3|4,499,87,0.988095238095238,86,0.963855421686747,14,14,15,10,12,13,173,168,100,29,29,11,True,True,True,False,0.2182|0.2562|0.4367|0.7063|0.8503|0.9167|0.9524|0.9581|0.9524|0.9586|0.9527|0.9639|0.9697|0.9641|0.9398|0.8988|0.8869
0021500038,10.31.2015.SAC.at.LAC,7.0,AMBIGUOUS_LEAD,CALIBRATED,HOLDOUT_PASS,ADEQUATE,True,TIE_2_SMALLEST_CHOSEN,7.0|8.0,8.0,0.9152542372881356,1.5,8.0,6.5,177,0.2146892655367231,162,177,0.9152542372881356,30,0.4666666666666667,24,30,0.8,1.5,2.5,6.0,2,False,,538,233940,71304,1|2|3|4,556,94,0.9148936170212766,83,0.927710843373494,16,11,20,8,9,10,177,166,110,30,29,12,False,False,False,False,0.2147|0.2254|0.3029|0.4192|0.5407|0.6706|0.7670|0.7955|0.8580|0.8870|0.8920|0.8920|0.9034|0.9143|0.9153|0.9096|0.9153
0021500039,11.01.2015.ATL.at.CHA,6.0,AMBIGUOUS_LEAD,CALIBRATED,HOLDOUT_PASS,ADEQUATE,True,UNIQUE,6.0,5.0,0.9597701149425288,1.0,5.0,6.0,164,0.2865853658536585,167,173,0.9653179190751444,22,0.3181818181818182,19,22,0.8636363636363636,1.0,2.5,4.5,2,False,,450,212097,71942,1|2|3|4,484,83,0.9759036144578314,91,0.989010989010989,11,11,13,8,8,9,174,174,159,22,21,15,True,True,True,False,0.2866|0.4451|0.5868|0.7209|0.8176|0.8902|0.9133|0.9364|0.9425|0.9483|0.9598|0.9540|0.9653|0.9591|0.9419|0.9364|0.9368
0021500040,11.01.2015.SAS.at.BOS,6.0,AMBIGUOUS_LEAD,CALIBRATED,HOLDOUT_PASS,MATERIALLY_DRIFTING,True,UNIQUE,6.0,3.5,0.9588235294117649,2.5,3.0,5.5,169,0.2958579881656805,160,166,0.963855421686747,30,0.4,29,30,0.9666666666666668,1.5,3.5,3.0,3,False,,501,192074,64870,1|2|3|4,526,91,0.976470588235294,90,0.963855421686747,16,17,17,13,12,13,181,176,69,34,31,11,True,True,True,False,0.2959|0.3476|0.5153|0.7091|0.8663|0.9357|0.9529|0.9588|0.9412|0.9464|0.9464|0.9586|0.9639|0.9521|0.9341|0.9226|0.9048
0021500041,11.01.2015.HOU.at.MIA,4.5,CLOCK_CALIBRATION_VALIDATED,CALIBRATED,HOLDOUT_PASS,ADEQUATE,False,TIE_2_SMALLEST_CHOSEN,4.5|5.0,5.0,0.9629629629629628,0.0,4.5,4.5,155,0.2903225806451613,156,162,0.9629629629629628,29,0.2758620689655172,27,29,0.9310344827586208,1.0,2.5,3.0,2,False,,449,196791,69381,1|2|3|4,471,88,0.942528735632184,77,0.9866666666666668,14,14,16,13,13,13,165,135,110,29,21,13,False,False,False,False,0.2903|0.4258|0.6038|0.7197|0.8750|0.9182|0.9444|0.9444|0.9379|0.9630|0.9630|0.9441|0.9379|0.9379|0.9308|0.9051|0.8931
0021500042,11.01.2015.MIL.at.TOR,6.0,CLOCK_CALIBRATION_VALIDATED,CALIBRATED,HOLDOUT_PASS,ADEQUATE,False,UNIQUE,6.0,4.5,0.967948717948718,1.0,6.0,5.0,152,0.3618421052631579,154,158,0.9746835443037974,30,0.4,28,30,0.9333333333333332,0.5,2.5,4.5,2,False,,446,203274,69973,1|2|3|4,471,80,0.975,79,0.9743589743589745,15,15,15,13,14,15,159,159,85,31,31,10,False,False,False,False,0.3618|0.5641|0.7226|0.8662|0.9051|0.9304|0.9245|0.9304|0.9490|0.9679|0.9620|0.9620|0.9747|0.9554|0.9487|0.9355|0.9156
0021500043,11.01.2015.ORL.at.CHI,4.0,CLOCK_CALIBRATION_VALIDATED,CALIBRATED,HOLDOUT_PASS,ADEQUATE,False,UNIQUE,4.0,5.0,0.9771428571428572,1.0,5.0,4.0,173,0.3179190751445087,174,176,0.9886363636363636,29,0.3103448275862069,28,29,0.9655172413793104,0.5,2.5,3.0,3,False,,490,207733,70069,1|2|3|4,518,91,0.9888888888888888,86,1.0,15,15,15,13,13,14,177,168,71,29,27,10,True,True,True,False,0.3179|0.4286|0.5904|0.8081|0.9080|0.9545|0.9716|0.9714|0.9886|0.9770|0.9771|0.9600|0.9489|0.9432|0.9486|0.9257|0.9200
0021500044,11.01.2015.DEN.at.OKC,4.0,AMBIGUOUS_LEAD,CALIBRATED,HOLDOUT_PASS,ADEQUATE,True,UNIQUE,4.0,3.0,0.9717514124293786,1.0,4.0,3.0,170,0.3705882352941176,173,178,0.9719101123595506,32,0.53125,29,32,0.90625,1.5,2.5,2.5,2,False,,466,219929,71934,1|2|3|4,495,96,0.96875,82,0.975609756097561,15,15,16,14,16,16,178,178,176,32,32,30,True,True,True,False,0.3706|0.5655|0.7110|0.8857|0.9375|0.9545|0.9718|0.9718|0.9719|0.9605|0.9435|0.9382|0.9209|0.9040|0.8977|0.8864|0.8588
0021500045,11.01.2015.DAL.at.LAL,5.5,CLOCK_CALIBRATION_VALIDATED,CALIBRATED,HOLDOUT_PASS,ADEQUATE,False,UNIQUE,5.5,4.5,0.945121951219512,1.0,3.0,4.0,166,0.1867469879518072,156,164,0.951219512195122,22,0.4545454545454545,21,22,0.9545454545454546,1.5,3.5,3.5,2,False,,471,192084,67096,1|2|3|4,495,91,0.9294117647058824,81,0.975,10,10,10,11,11,12,172,168,113,23,23,13,True,True,True,False,0.1867|0.2500|0.3836|0.5864|0.7963|0.8970|0.9273|0.9337|0.9394|0.9451|0.9451|0.9512|0.9383|0.9333|0.9207|0.9091|0.9157
0021500046,11.02.2015.CLE.at.PHI,2.5,AMBIGUOUS_LEAD,CALIBRATED,HOLDOUT_PASS,ADEQUATE,True,UNIQUE,2.5,3.5,0.975,0.0,2.5,2.5,158,0.4113924050632911,158,162,0.9753086419753086,29,0.5862068965517241,26,29,0.896551724137931,1.5,3.0,2.0,2,False,,470,201239,68036,1|2|3|4,493,84,0.9761904761904762,82,0.9743589743589745,15,15,17,11,11,12,166,165,143,29,29,26,True,True,True,False,0.4114|0.6078|0.8239|0.9080|0.9573|0.9753|0.9689|0.9750|0.9747|0.9684|0.9497|0.9494|0.9299|0.9236|0.9045|0.8861|0.8679
0021500047,11.02.2015.MIL.at.BKN,3.5,CLOCK_CALIBRATION_VALIDATED,CALIBRATED,HOLDOUT_PASS,ADEQUATE,False,UNIQUE,3.5,4.0,0.953020134228188,1.5,3.0,4.5,150,0.3533333333333333,144,151,0.9536423841059604,31,0.6451612903225806,30,32,0.9375,2.0,2.5,3.0,2,False,,443,202446,70726,1|2|3|4,456,84,0.963855421686747,68,0.9552238805970148,13,13,14,17,17,18,152,149,116,32,32,20,True,True,True,False,0.3533|0.4825|0.5874|0.7500|0.8562|0.9262|0.9470|0.9536|0.9530|0.9524|0.9320|0.9392|0.9257|0.9257|0.9189|0.8986|0.8986
0021500048,11.02.2015.SAS.at.NYK,4.0,CLOCK_CALIBRATION_VALIDATED,CALIBRATED,HOLDOUT_PASS,ADEQUATE,False,UNIQUE,4.0,4.5,0.9761904761904762,0.0,4.0,4.0,159,0.3647798742138364,166,168,0.988095238095238,23,0.4347826086956521,21,23,0.9130434782608696,0.5,3.0,4.0,1,False,,443,208766,72386,1|2|3|4,464,91,1.0,77,0.974025974025974,9,9,11,12,12,12,168,168,167,23,23,23,True,True,True,False,0.3648|0.4777|0.5741|0.6788|0.7455|0.8563|0.9217|0.9581|0.9881|0.9762|0.9760|0.9702|0.9702|0.9702|0.9641|0.9401|0.9464
0021500049,11.02.2015.OKC.at.HOU,2.5,CLOCK_CALIBRATION_VALIDATED,CALIBRATED,HOLDOUT_PASS,ADEQUATE,False,UNIQUE,2.5,3.0,0.9426751592356688,2.0,2.5,4.5,157,0.3375796178343949,150,159,0.9433962264150944,31,0.3225806451612903,32,34,0.9411764705882352,1.0,3.5,2.5,2,False,,505,189983,64637,1|2|3|4,539,99,0.9555555555555556,74,0.9565217391304348,17,17,18,15,16,16,173,153,18,36,34,5,True,True,True,False,0.3376|0.4539|0.6667|0.8280|0.8875|0.9434|0.9427|0.9367|0.9299|0.9359|0.9351|0.9286|0.9091|0.9161|0.9097|0.9167|0.8766
0021500050,11.02.2015.POR.at.MIN,3.0,CLOCK_CALIBRATION_VALIDATED,CALIBRATED,HOLDOUT_PASS,ADEQUATE,False,UNIQUE,3.0,3.5,0.9878048780487804,1.0,3.0,2.0,158,0.379746835443038,164,166,0.9879518072289156,31,0.3870967741935484,30,31,0.967741935483871,1.0,3.5,2.0,1,False,,488,226560,70042,1|2|3|4,512,77,0.987012987012987,91,0.9888888888888888,16,16,16,14,13,14,168,165,120,31,31,25,True,True,True,False,0.3797|0.6051|0.8780|0.9512|0.9760|0.9818|0.9880|0.9878|0.9756|0.9693|0.9693|0.9448|0.9383|0.9146|0.9255|0.8951|0.8765
0021500051,11.02.2015.MEM.at.GSW,6.0,HOLDOUT_FAIL,CALIBRATED,HOLDOUT_FAIL,MATERIALLY_DRIFTING,True,UNIQUE,6.0,4.5,0.9441340782122905,2.5,6.0,3.5,170,0.2588235294117647,168,177,0.9491525423728814,24,0.2916666666666667,19,24,0.7916666666666666,1.0,3.0,4.0,2,False,,485,214040,72307,1|2|3|4,520,96,0.9473684210526316,84,0.975609756097561,7,7,10,12,14,14,180,179,173,25,25,22,True,True,True,False,0.2588|0.3547|0.4912|0.6570|0.8068|0.8764|0.8989|0.9270|0.9435|0.9441|0.9379|0.9382|0.9492|0.9326|0.9050|0.8994|0.8820
0021500052,11.02.2015.PHX.at.LAC,6.5,AMBIGUOUS_LEAD,CALIBRATED,HOLDOUT_PASS,ADEQUATE,True,UNIQUE,6.5,7.5,0.907514450867052,2.0,5.5,7.5,172,0.2209302325581395,160,176,0.9090909090909092,19,0.4210526315789473,17,20,0.85,1.0,2.5,5.5,2,False,,490,221782,68538,1|2|3|4,500,90,0.9325842696629212,89,0.9186046511627908,11,11,13,6,6,7,179,176,84,20,19,6,False,False,False,False,0.2209|0.2907|0.3333|0.3605|0.5059|0.5954|0.6971|0.7861|0.8266|0.8372|0.8736|0.8902|0.8971|0.9091|0.9023|0.9075|0.8844
0021500053,11.03.2015.CHI.at.CHA,4.0,CLOCK_CALIBRATION_VALIDATED,CALIBRATED,HOLDOUT_PASS,ADEQUATE,False,UNIQUE,4.0,4.5,0.9664804469273744,2.0,5.5,3.5,169,0.2662721893491124,173,178,0.9719101123595506,21,0.3809523809523809,19,21,0.9047619047619048,1.5,3.5,3.5,2,False,,429,187695,70889,1|2|3|4,437,83,0.9878048780487804,98,0.96875,9,9,9,10,10,12,181,181,166,21,19,18,False,False,False,False,0.2663|0.4451|0.5872|0.7360|0.8701|0.9375|0.9494|0.9551|0.9719|0.9665|0.9553|0.9663|0.9659|0.9545|0.9326|0.9326|0.9266
0021500054,11.03.2015.IND.at.DET,5.0,CLOCK_CALIBRATION_VALIDATED,CALIBRATED,HOLDOUT_PASS,ADEQUATE,False,TIE_2_SMALLEST_CHOSEN,5.0|5.5,5.5,0.9285714285714286,2.0,4.5,6.5,169,0.2485207100591716,156,168,0.9285714285714286,37,0.3513513513513513,36,37,0.972972972972973,2.5,3.0,4.0,1,False,,449,196905,67745,1|2|3|4,481,86,0.9529411764705882,88,0.9285714285714286,17,18,18,19,16,19,174,173,133,38,38,25,True,True,True,False,0.2485|0.3091|0.3988|0.5190|0.6627|0.7365|0.8303|0.8650|0.9152|0.9281|0.9286|0.9286|0.9281|0.9277|0.9085|0.8957|0.8896
0021500055,11.03.2015.ATL.at.MIA,5.0,DRIFTING_LEAD,CALIBRATED,HOLDOUT_PASS,MATERIALLY_DRIFTING,False,UNIQUE,5.0,4.5,0.9479768786127168,2.5,4.0,6.5,172,0.2906976744186046,165,173,0.953757225433526,33,0.3333333333333333,31,32,0.96875,1.5,3.5,3.5,3,False,,490,230493,69550,1|2|3|4,514,90,0.9666666666666668,86,0.951219512195122,17,16,17,14,13,14,176,170,110,33,33,14,True,True,True,False,0.2907|0.4085|0.5000|0.6882|0.8497|0.8800|0.9306|0.9425|0.9425|0.9480|0.9538|0.9480|0.9360|0.9415|0.9128|0.9118|0.8837
0021500056,11.03.2015.ORL.at.NOP,4.0,CLOCK_CALIBRATION_VALIDATED,CALIBRATED,HOLDOUT_PASS,ADEQUATE,False,UNIQUE,4.0,3.5,0.971264367816092,0.5,3.5,4.0,167,0.18562874251497,170,174,0.9770114942528736,31,0.3870967741935484,30,31,0.967741935483871,1.0,3.0,3.5,3,False,,470,207991,66544,1|2|3|4,493,91,0.9777777777777776,89,0.9761904761904762,19,19,20,11,11,11,180,165,36,32,27,4,True,True,True,False,0.1856|0.2722|0.3515|0.5238|0.7326|0.8555|0.9253|0.9713|0.9770|0.9711|0.9649|0.9651|0.9480|0.9467|0.9583|0.9527|0.9405
0021500057,11.03.2015.TOR.at.DAL,2.0,CLOCK_CALIBRATION_VALIDATED,CALIBRATED,HOLDOUT_PASS,ADEQUATE,False,TIE_3_SMALLEST_CHOSEN,2.0|2.5|3.0,2.5,0.9863013698630136,0.5,1.5,2.0,146,0.3287671232876712,144,146,0.9863013698630136,28,0.5357142857142857,25,27,0.925925925925926,1.5,3.0,1.5,2,False,,496,191186,62000,1|2|3|4,514,90,0.974025974025974,78,1.0,11,10,12,14,14,15,168,136,1,31,23,0,True,True,True,False,0.3288|0.5564|0.8248|0.9726|0.9863|0.9863|0.9863|0.9792|0.9583|0.9726|0.9658|0.9655|0.9658|0.9586|0.9650|0.9441|0.9034
0021500058,11.03.2015.MEM.at.SAC,3.5,CLOCK_CALIBRATION_VALIDATED,CALIBRATED,HOLDOUT_PASS,ADEQUATE,False,UNIQUE,3.5,4.0,0.986013986013986,0.5,3.5,3.0,143,0.2237762237762237,141,142,0.9929577464788732,28,0.4642857142857143,26,26,1.0,1.5,2.0,3.0,2,False,,486,189622,63620,1|2|3|4,510,80,0.9864864864864864,77,1.0,16,16,16,10,10,10,157,145,43,29,25,6,False,False,False,False,0.2238|0.2695|0.3852|0.6444|0.8467|0.9353|0.9859|0.9930|0.9860|0.9720|0.9720|0.9858|0.9643|0.9710|0.9643|0.9366|0.9078
0021500059,11.03.2015.DEN.at.LAL,4.5,CLOCK_CALIBRATION_VALIDATED,CALIBRATED,HOLDOUT_PASS,ADEQUATE,False,UNIQUE,4.5,4.0,0.9695121951219512,0.5,4.5,4.0,160,0.30625,160,165,0.9696969696969696,23,0.4347826086956521,23,23,1.0,1.0,2.5,4.0,2,False,,483,213951,68808,1|2|3|4,503,87,0.9523809523809524,84,0.9878048780487804,11,11,11,12,12,12,171,166,79,24,23,5,False,False,False,False,0.3063|0.4074|0.4817|0.6265|0.7423|0.8712|0.9085|0.9455|0.9695|0.9697|0.9518|0.9578|0.9518|0.9337|0.9217|0.9281|0.9157
0021500060,11.04.2015.BOS.at.IND,2.5,AMBIGUOUS_LEAD,CALIBRATED,HOLDOUT_PASS,MATERIALLY_DRIFTING,True,UNIQUE,2.5,5.5,0.9797297297297296,3.0,2.5,5.5,139,0.2949640287769784,142,144,0.9861111111111112,28,0.1785714285714285,26,29,0.896551724137931,2.0,2.5,2.5,3,False,,509,180633,59629,1|2|3|4,530,93,1.0,81,1.0,14,14,16,12,11,11,174,152,2,33,31,0,True,True,True,False,0.2950|0.4891|0.7877|0.8986|0.9592|0.9861|0.9795|0.9796|0.9658|0.9527|0.9589|0.9797|0.9792|0.9580|0.9504|0.9214|0.8936
0021500061,11.04.2015.SAS.at.WAS,3.5,CLOCK_CALIBRATION_VALIDATED,CALIBRATED,HOLDOUT_PASS,ADEQUATE,False,UNIQUE,3.5,3.0,0.9703703703703704,0.5,3.0,3.5,128,0.2734375,133,136,0.9779411764705882,27,0.4444444444444444,26,27,0.9629629629629628,0.5,1.5,3.0,1,False,,451,149871,56245,1|2|3|4,465,85,0.9714285714285714,83,0.9848484848484848,10,10,11,16,16,16,168,141,0,30,24,0,True,True,True,False,0.2734|0.4113|0.6587|0.8615|0.9338|0.9394|0.9704|0.9779|0.9704|0.9478|0.9478|0.9552|0.9556|0.9318|0.8915|0.8682|0.8527
0021500062,11.04.2015.BKN.at.ATL,3.0,CLOCK_CALIBRATION_VALIDATED,CALIBRATED,HOLDOUT_PASS,ADEQUATE,False,UNIQUE,3.0,2.5,0.9548387096774194,1.5,3.0,4.5,149,0.4026845637583892,149,155,0.9612903225806452,31,0.2903225806451613,31,32,0.96875,2.5,3.5,2.5,2,False,,440,221341,68167,1|2|3|4,475,80,0.9615384615384616,79,0.987012987012987,16,16,16,15,15,16,159,154,52,32,32,7,True,True,True,False,0.4027|0.5733|0.7181|0.8506|0.9286|0.9548|0.9613|0.9548|0.9548|0.9548|0.9416|0.9542|0.9412|0.9295|0.9097|0.9026|0.8816
0021500063,11.04.2015.NYK.at.CLE,6.5,CLOCK_CALIBRATION_VALIDATED,CALIBRATED,HOLDOUT_PASS,ADEQUATE,False,UNIQUE,6.5,6.0,0.986013986013986,1.0,6.5,5.5,142,0.2394366197183098,139,140,0.9928571428571428,16,0.3125,15,16,0.9375,1.5,1.5,5.5,1,False,,467,170942,57476,1|2|3|4,483,87,0.9863013698630136,80,1.0,8,8,8,7,7,8,167,144,1,23,22,0,True,True,True,False,0.2394|0.2606|0.3768|0.5147|0.6304|0.7447|0.8601|0.9149|0.9301|0.9507|0.9577|0.9859|0.9860|0.9929|0.9640|0.9640|0.9424
0021500064,11.04.2015.ORL.at.HOU,2.5,CLOCK_CALIBRATION_VALIDATED,CALIBRATED,HOLDOUT_PASS,ADEQUATE,False,TIE_2_SMALLEST_CHOSEN,2.5|3.0,3.0,0.968944099378882,0.5,3.0,2.5,154,0.3961038961038961,156,161,0.968944099378882,31,0.4838709677419355,29,31,0.935483870967742,2.0,3.0,2.5,1,False,,518,199033,70780,1|2|3|4|5,535,86,0.95,74,1.0,13,14,15,14,14,14,179,153,13,33,25,0,False,False,False,False,0.3961|0.5490|0.7547|0.8580|0.9321|0.9689|0.9689|0.9688|0.9686|0.9623|0.9494|0.9313|0.9187|0.8944|0.8951|0.8924|0.8758
0021500065,11.04.2015.PHI.at.MIL,5.0,CLOCK_CALIBRATION_VALIDATED,CALIBRATED,HOLDOUT_PASS,ADEQUATE,False,UNIQUE,5.0,5.5,0.9736842105263158,0.5,5.0,5.5,149,0.3288590604026846,149,153,0.9738562091503268,24,0.4166666666666667,22,23,0.9565217391304348,2.5,3.5,3.0,2,False,,469,191479,63716,1|2|3|4,486,88,0.9878048780487804,79,0.9714285714285714,12,12,13,10,10,10,167,147,0,28,25,0,True,True,True,False,0.3289|0.4600|0.6690|0.8146|0.9000|0.9474|0.9539|0.9673|0.9673|0.9675|0.9739|0.9737|0.9603|0.9281|0.9342|0.9205|0.8947
0021500066,11.04.2015.TOR.at.OKC,4.0,CLOCK_CALIBRATION_VALIDATED,CALIBRATED,HOLDOUT_PASS,ADEQUATE,False,UNIQUE,4.0,3.5,0.99375,0.5,4.0,3.5,149,0.4161073825503356,159,159,1.0,32,0.40625,28,31,0.9032258064516128,1.5,3.0,2.5,1,False,,460,210320,71056,1|2|3|4,492,82,1.0,79,1.0,18,18,19,10,10,12,161,161,157,33,33,30,True,True,True,False,0.4161|0.5974|0.7974|0.9494|0.9744|0.9874|0.9875|0.9938|1.0000|0.9938|0.9812|0.9750|0.9563|0.9371|0.9057|0.8987|0.8861
0021500067,11.04.2015.SAC.at.PHX,4.0,CLOCK_CALIBRATION_VALIDATED,CALIBRATED,HOLDOUT_PASS,ADEQUATE,False,UNIQUE,4.0,3.5,0.9870967741935484,0.5,3.5,4.0,146,0.3493150684931507,154,155,0.9935483870967742,34,0.2647058823529412,31,34,0.9117647058823528,1.0,2.0,3.0,1,False,,448,189373,64234,1|2|3|4,471,81,0.987012987012987,86,1.0,13,13,15,18,18,19,167,157,17,35,28,2,False,False,False,False,0.3493|0.5586|0.7697|0.9221|0.9419|0.9677|0.9869|0.9871|0.9935|0.9806|0.9677|0.9610|0.9416|0.9211|0.8954|0.8684|0.8400
0021500068,11.04.2015.POR.at.UTA,7.0,HOLDOUT_FAIL,CALIBRATED,HOLDOUT_FAIL,MATERIALLY_DRIFTING,False,UNIQUE,7.0,6.5,0.975609756097561,3.0,3.5,6.5,159,0.2955974842767295,161,165,0.9757575757575756,28,0.25,21,28,0.75,2.0,5.0,3.0,3,False,,511,246858,72014,1|2|3|4,534,86,0.9883720930232558,79,0.9743589743589745,8,12,12,13,15,16,165,165,162,28,28,23,True,True,True,False,0.2956|0.3836|0.5490|0.7239|0.8509|0.9207|0.9636|0.9697|0.9695|0.9697|0.9634|0.9636|0.9695|0.9756|0.9758|0.9636|0.9390
0021500069,11.04.2015.LAC.at.GSW,4.5,DRIFTING_LEAD,CALIBRATED,HOLDOUT_PASS,MATERIALLY_DRIFTING,False,UNIQUE,4.5,4.0,0.9421965317919077,2.5,7.0,4.5,168,0.2678571428571428,167,173,0.9653179190751444,21,0.3333333333333333,21,23,0.9130434782608696,0.5,0.5,4.5,1,False,,490,264536,72861,1|2|3|4,504,90,0.9431818181818182,83,1.0,9,9,11,12,12,12,173,173,168,23,21,21,False,False,False,False,0.2679|0.3293|0.4756|0.6901|0.8333|0.8953|0.9360|0.9360|0.9422|0.9653|0.9422|0.9302|0.9360|0.9244|0.9357|0.9357|0.9128
0021500070,11.05.2015.OKC.at.CHI,5.5,CLOCK_CALIBRATION_VALIDATED,CALIBRATED,HOLDOUT_PASS,ADEQUATE,False,UNIQUE,5.5,5.0,0.9746835443037974,0.5,5.0,5.5,159,0.3144654088050314,154,157,0.9808917197452228,15,0.2666666666666666,13,14,0.9285714285714286,1.0,2.0,4.5,1,False,,434,182279,65064,1|2|3|4,451,91,0.975,83,0.987012987012987,5,5,6,8,8,8,174,166,15,15,14,2,True,True,True,False,0.3145|0.4076|0.6209|0.7857|0.8645|0.8839|0.9423|0.9548|0.9557|0.9684|0.9747|0.9809|0.9618|0.9490|0.9304|0.8994|0.8854
0021500071,11.05.2015.MIA.at.MIN,2.0,AMBIGUOUS_LEAD,CALIBRATED,HOLDOUT_PASS,ADEQUATE,True,TIE_2_SMALLEST_CHOSEN,2.0|3.5,3.5,0.974025974025974,1.5,2.0,3.5,150,0.32,150,154,0.974025974025974,32,0.5625,32,32,1.0,1.5,4.0,2.0,3,False,,460,209890,68042,1|2|3|4,482,84,0.975,77,0.9864864864864864,16,16,16,16,16,16,161,154,79,32,31,15,True,True,True,False,0.3200|0.5638|0.8431|0.9477|0.9740|0.9739|0.9671|0.9740|0.9545|0.9545|0.9610|0.9673|0.9481|0.9346|0.9221|0.9020|0.8710
0021500072,11.05.2015.CHA.at.DAL,2.5,CLOCK_CALIBRATION_VALIDATED,CALIBRATED,HOLDOUT_PASS,ADEQUATE,False,UNIQUE,2.5,2.0,0.9820359281437124,0.5,2.5,2.0,164,0.3170731707317073,166,169,0.9822485207100592,23,0.2608695652173913,24,24,1.0,1.5,3.5,2.0,2,False,,457,209066,71886,1|2|3|4,480,84,0.9634146341463414,87,1.0,11,11,11,13,12,13,171,171,168,24,24,23,True,True,True,False,0.3171|0.5062|0.7469|0.9217|0.9820|0.9822|0.9765|0.9647|0.9706|0.9706|0.9706|0.9588|0.9349|0.9290|0.9290|0.9290|0.9172
0021500073,11.05.2015.UTA.at.DEN,5.5,CLOCK_CALIBRATION_VALIDATED,CALIBRATED,HOLDOUT_PASS,ADEQUATE,False,UNIQUE,5.5,5.0,0.9733333333333334,0.0,5.5,5.5,152,0.2565789473684211,148,150,0.9866666666666668,23,0.3478260869565217,21,23,0.9130434782608696,0.5,1.5,5.0,1,False,,482,242595,68418,1|2|3|4,491,78,0.9864864864864864,79,0.986842105263158,12,12,13,9,9,10,157,150,71,23,23,7,True,True,True,False,0.2566|0.3642|0.4069|0.5510|0.6689|0.7778|0.8609|0.9073|0.9400|0.9597|0.9733|0.9867|0.9667|0.9527|0.9388|0.9592|0.9521
0021500074,11.05.2015.MEM.at.POR,5.5,CLOCK_CALIBRATION_VALIDATED,CALIBRATED,HOLDOUT_PASS,ADEQUATE,False,UNIQUE,5.5,6.0,0.9813664596273292,1.0,4.5,5.5,159,0.2830188679245283,159,161,0.9875776397515528,16,0.4375,12,15,0.8,1.5,3.0,3.0,3,False,,430,218822,71066,1|2|3|4,440,83,0.9878048780487804,81,0.9875,8,9,10,4,4,6,164,163,54,16,11,2,True,True,True,False,0.2830|0.3291|0.4522|0.7025|0.8375|0.9441|0.9689|0.9506|0.9503|0.9630|0.9752|0.9876|0.9814|0.9689|0.9814|0.9627|0.9503
0021500075,11.06.2015.TOR.at.ORL,4.0,CLOCK_CALIBRATION_VALIDATED,CALIBRATED,HOLDOUT_PASS,ADEQUATE,False,UNIQUE,4.0,3.5,0.978102189781022,0.5,4.0,3.5,132,0.3787878787878788,134,136,0.9852941176470588,18,0.5,18,18,1.0,1.0,2.0,3.5,1,False,,462,186713,59032,1|2|3|4,475,78,0.984375,85,1.0,13,13,13,5,5,5,163,127,2,21,14,0,False,False,False,False,0.3788|0.5940|0.8321|0.8978|0.9275|0.9493|0.9635|0.9781|0.9853|0.9779|0.9706|0.9412|0.9412|0.9259|0.9333|0.9254|0.9037
0021500076,11.06.2015.WAS.at.BOS,4.0,CLOCK_CALIBRATION_VALIDATED,CALIBRATED,HOLDOUT_PASS,ADEQUATE,False,UNIQUE,4.0,4.5,0.9239766081871345,1.5,5.5,4.0,171,0.3567251461988304,161,172,0.936046511627907,36,0.3055555555555556,33,37,0.8918918918918919,0.5,1.0,4.0,1,False,,503,195990,66263,1|2|3|4,546,96,0.9111111111111112,89,0.9759036144578314,15,15,17,18,18,20,185,181,83,41,36,16,True,True,True,False,0.3567|0.4327|0.5771|0.7062|0.7727|0.8563|0.9148|0.9143|0.9360|0.9240|0.9064|0.9128|0.9123|0.8947|0.8631|0.8434|0.8393
0021500077,11.06.2015.LAL.at.BKN,4.0,CLOCK_CALIBRATION_VALIDATED,CALIBRATED,HOLDOUT_PASS,ADEQUATE,False,UNIQUE,4.0,4.5,0.9625,1.0,4.0,5.0,162,0.345679012345679,154,159,0.9685534591194968,26,0.4230769230769231,27,28,0.9642857142857144,1.0,1.5,4.0,1,False,,511,218362,68579,1|2|3|4,535,85,0.9743589743589745,86,0.9634146341463414,17,17,18,10,10,10,171,159,51,30,27,4,False,False,False,False,0.3457|0.4250|0.5506|0.7372|0.8313|0.8634|0.9308|0.9437|0.9686|0.9625|0.9503|0.9379|0.9193|0.9006|0.9062|0.9012|0.8951
0021500078,11.06.2015.PHI.at.CLE,6.0,CLOCK_CALIBRATION_VALIDATED,CALIBRATED,HOLDOUT_PASS,ADEQUATE,False,UNIQUE,6.0,6.5,0.9708029197080292,2.0,6.0,4.0,133,0.2030075187969924,134,137,0.978102189781022,26,0.2307692307692307,20,23,0.8695652173913043,1.5,3.0,4.5,1,False,,453,150468,57150,1|2|3|4,469,85,0.9710144927536232,82,0.9855072463768116,14,14,17,6,6,6,167,127,0,33,25,0,True,True,True,False,0.2030|0.2500|0.3359|0.5185|0.6742|0.7794|0.8676|0.9037|0.9485|0.9635|0.9638|0.9706|0.9781|0.9708|0.9708|0.9559|0.9275
0021500079,11.06.2015.MIL.at.NYK,4.0,AMBIGUOUS_LEAD,CALIBRATED,HOLDOUT_PASS,ADEQUATE,True,UNIQUE,4.0,2.5,0.975,1.0,3.0,4.0,153,0.5032679738562091,157,161,0.9751552795031057,26,0.4230769230769231,24,27,0.8888888888888888,3.0,3.5,2.0,2,False,,483,234176,72228,1|2|3|4,496,82,1.0,80,0.9620253164556962,9,10,10,15,15,17,162,162,158,27,27,27,False,False,False,False,0.5033|0.6688|0.8165|0.9434|0.9560|0.9750|0.9750|0.9691|0.9752|0.9750|0.9689|0.9500|0.9379|0.9250|0.9187|0.9119|0.9068
0021500080,11.06.2015.MIA.at.IND,7.0,CLOCK_CALIBRATION_VALIDATED,CALIBRATED,HOLDOUT_PASS,ADEQUATE,False,UNIQUE,7.0,6.5,0.9785714285714284,2.0,5.0,3.0,141,0.1773049645390071,138,141,0.9787234042553192,20,0.35,19,22,0.8636363636363636,3.0,4.0,4.0,2,False,,454,187876,61964,1|2|3|4,466,84,0.9736842105263158,77,0.9850746268656716,9,9,10,10,12,12,161,141,0,23,21,0,False,False,False,False,0.1773|0.2606|0.3571|0.5725|0.8102|0.8881|0.9444|0.9514|0.9653|0.9720|0.9718|0.9716|0.9716|0.9786|0.9787|0.9714|0.9500
0021500081,11.06.2015.ATL.at.NOP,4.0,CLOCK_CALIBRATION_VALIDATED,CALIBRATED,HOLDOUT_PASS,ADEQUATE,False,TIE_2_SMALLEST_CHOSEN,4.0|4.5,4.5,0.9666666666666668,2.0,6.0,4.0,144,0.25,145,150,0.9666666666666668,27,0.2962962962962963,25,26,0.9615384615384616,1.5,2.5,4.0,1,False,,461,207236,65918,1|2|3|4,489,80,0.9736842105263158,81,0.9864864864864864,9,8,10,16,16,17,161,154,13,27,24,0,True,True,True,False,0.2500|0.3194|0.4043|0.5310|0.6463|0.7933|0.8933|0.9329|0.9667|0.9667|0.9600|0.9533|0.9533|0.9329|0.9195|0.9000|0.8874
0021500082,11.06.2015.DET.at.PHX,4.5,CLOCK_CALIBRATION_VALIDATED,CALIBRATED,HOLDOUT_PASS,ADEQUATE,False,UNIQUE,4.5,4.0,0.972972972972973,1.0,3.5,4.5,143,0.2657342657342657,145,147,0.9863945578231292,28,0.2857142857142857,24,26,0.9230769230769232,0.5,1.5,3.0,2,False,,486,183443,62705,1|2|3|4,502,89,0.9873417721518988,77,0.9852941176470588,11,12,12,13,13,14,166,148,5,31,26,0,True,True,True,False,0.2657|0.3478|0.5182|0.7535|0.8836|0.9456|0.9728|0.9595|0.9730|0.9864|0.9592|0.9252|0.9310|0.9167|0.8958|0.8690|0.8707
0021500083,11.06.2015.DEN.at.GSW,6.5,DRIFTING_LEAD,CALIBRATED,HOLDOUT_PASS,MATERIALLY_DRIFTING,False,UNIQUE,6.5,6.0,0.945945945945946,2.5,6.5,4.0,178,0.247191011235955,173,182,0.9505494505494504,38,0.5,35,39,0.8974358974358975,1.0,2.0,5.5,1,False,,495,218559,72578,1|2|3|4,523,104,0.9504950495049505,81,0.9625,15,15,18,20,21,21,185,184,174,39,39,35,True,True,True,False,0.2472|0.3090|0.4833|0.6313|0.7308|0.8142|0.8703|0.9126|0.9293|0.9293|0.9239|0.9399|0.9459|0.9505|0.9351|0.9076|0.8865
0021500084,11.06.2015.HOU.at.SAC,4.0,CLOCK_CALIBRATION_VALIDATED,CALIBRATED,HOLDOUT_PASS,ADEQUATE,False,UNIQUE,4.0,3.5,0.9642857142857144,0.5,3.5,4.0,164,0.2804878048780488,162,167,0.9700598802395208,35,0.3428571428571428,31,34,0.9117647058823528,2.0,3.0,3.0,1,False,,509,241605,66824,1|2|3|4,532,92,0.9777777777777776,83,0.9615384615384616,18,18,18,13,13,16,175,159,23,36,35,4,True,True,True,False,0.2805|0.3333|0.5000|0.6951|0.8476|0.9162|0.9639|0.9643|0.9701|0.9643|0.9643|0.9524|0.9394|0.9207|0.8982|0.8795|0.8494
0021500085,11.07.2015.MIN.at.CHI,3.0,DRIFTING_LEAD,CALIBRATED,HOLDOUT_PASS,MATERIALLY_DRIFTING,False,UNIQUE,3.0,3.5,0.9715909090909092,3.0,3.0,6.0,172,0.2616279069767442,172,177,0.9717514124293786,32,0.46875,31,32,0.96875,1.0,4.0,2.5,2,False,,545,235373,74832,1|2|3|4|5,572,85,1.0,85,0.975,17,17,18,12,10,12,189,170,17,33,28,1,True,True,True,False,0.2616|0.4226|0.6168|0.8314|0.9133|0.9602|0.9718|0.9716|0.9661|0.9545|0.9492|0.9605|0.9602|0.9548|0.9435|0.9489|0.9257
0021500086,11.07.2015.WAS.at.ATL,3.0,CLOCK_CALIBRATION_VALIDATED,CALIBRATED,HOLDOUT_PASS,ADEQUATE,False,TIE_2_SMALLEST_CHOSEN,3.0|3.5,3.5,0.9559748427672956,0.0,3.0,3.0,152,0.2565789473684211,152,159,0.9559748427672956,34,0.3529411764705882,32,35,0.9142857142857144,1.0,3.0,3.0,1,False,,451,188659,65179,1|2|3|4,475,91,0.9411764705882352,79,0.972972972972973,18,18,19,14,14,16,170,154,9,38,33,1,True,True,True,False,0.2566|0.4539|0.6928|0.8408|0.8797|0.9245|0.9560|0.9560|0.9494|0.9371|0.9371|0.9367|0.9304|0.9290|0.9221|0.8981|0.8854
0021500087,11.07.2015.ORL.at.PHI,4.5,AMBIGUOUS_LEAD,CALIBRATED,HOLDOUT_PASS,ADEQUATE,True,UNIQUE,4.5,3.5,0.9675324675324676,1.0,3.5,4.5,146,0.4589041095890411,150,154,0.974025974025974,25,0.44,23,25,0.92,1.5,2.5,3.0,2,False,,495,228905,65768,1|2|3|4,525,87,1.0,76,0.9452054794520548,10,11,12,13,13,14,163,148,6,29,26,1,True,True,True,False,0.4589|0.6735|0.8487|0.9091|0.9351|0.9484|0.9613|0.9675|0.9675|0.9740|0.9613|0.9487|0.9419|0.9416|0.8896|0.8766|0.8506
0021500088,11.07.2015.NOP.at.DAL,2.0,CLOCK_CALIBRATION_VALIDATED,CALIBRATED,HOLDOUT_PASS,ADEQUATE,False,UNIQUE,2.0,2.5,0.9751552795031057,0.5,2.5,2.0,157,0.3184713375796178,157,160,0.98125,21,0.3809523809523809,20,21,0.9523809523809524,1.5,3.0,2.0,2,False,,441,177243,67325,1|2|3|4,453,84,0.986842105263158,86,0.988095238095238,11,11,12,9,9,9,170,166,137,21,21,19,True,True,True,False,0.3185|0.4968|0.7403|0.9375|0.9812|0.9752|0.9752|0.9686|0.9688|0.9748|0.9500|0.9441|0.9375|0.9250|0.9057|0.8987|0.8868
0021500089,11.07.2015.BKN.at.MIL,4.5,CLOCK_CALIBRATION_VALIDATED,CALIBRATED,HOLDOUT_PASS,ADEQUATE,False,UNIQUE,4.5,4.0,0.9855072463768116,0.5,4.5,4.0,136,0.3235294117647059,136,137,0.9927007299270072,27,0.4074074074074074,27,28,0.9642857142857144,1.5,1.5,3.5,1,False,,443,165626,57946,1|2|3|4,468,80,1.0,84,0.9848484848484848,12,12,13,15,15,15,164,128,0,33,28,0,False,False,False,False,0.3235|0.4462|0.6304|0.7970|0.8897|0.9328|0.9559|0.9854|0.9855|0.9927|0.9638|0.9632|0.9270|0.9275|0.9118|0.8971|0.8676
0021500090,11.07.2015.CHA.at.SAS,3.5,DRIFTING_LEAD,CALIBRATED,HOLDOUT_PASS,MATERIALLY_DRIFTING,False,UNIQUE,3.5,4.0,0.946969696969697,4.0,3.0,7.0,123,0.2439024390243902,127,132,0.9621212121212122,21,0.5238095238095238,20,21,0.9523809523809524,0.5,1.5,3.5,2,False,,451,195291,59135,1|2|3|4,467,74,0.9852941176470588,80,0.9482758620689656,15,15,16,5,7,7,154,131,2,27,21,0,True,True,True,False,0.2439|0.3770|0.5294|0.6562|0.7692|0.8837|0.9385|0.9621|0.9470|0.9394|0.9323|0.9248|0.9160|0.9385|0.9444|0.9200|0.9194
0021500091,11.07.2015.MEM.at.UTA,5.0,HOLDOUT_FAIL,CALIBRATED,HOLDOUT_FAIL,ADEQUATE,False,UNIQUE,5.0,4.5,0.9570552147239264,0.5,4.5,5.0,158,0.2151898734177215,159,164,0.9695121951219512,34,0.5,27,35,0.7714285714285715,0.5,1.5,4.5,1,False,,451,208330,70744,1|2|3|4,475,77,0.9733333333333334,88,0.9772727272727272,16,16,18,11,11,17,165,164,153,35,35,27,True,True,True,False,0.2152|0.3129|0.5526|0.6497|0.8000|0.8974|0.9198|0.9268|0.9451|0.9571|0.9695|0.9571|0.9390|0.9387|0.9202|0.9136|0.8951
0021500092,11.07.2015.GSW.at.SAC,3.5,CLOCK_CALIBRATION_VALIDATED,CALIBRATED,HOLDOUT_PASS,ADEQUATE,False,UNIQUE,3.5,2.5,0.951219512195122,1.0,3.5,2.5,163,0.3558282208588957,162,169,0.9585798816568049,39,0.3076923076923077,37,38,0.9736842105263158,0.5,3.0,2.5,3,False,,476,205342,65800,1|2|3|4,497,93,0.9772727272727272,86,0.9746835443037974,21,21,21,16,16,18,179,164,14,39,32,1,True,True,True,False,0.3558|0.3899|0.5325|0.7532|0.8868|0.9512|0.9461|0.9586|0.9405|0.9401|0.9405|0.9222|0.9102|0.8970|0.8896|0.8909|0.8902
0021500093,11.07.2015.HOU.at.LAC,5.5,DRIFTING_LEAD,CALIBRATED,HOLDOUT_PASS,MATERIALLY_DRIFTING,False,UNIQUE,5.5,4.0,0.951219512195122,2.5,6.5,4.0,166,0.3132530120481928,157,164,0.9573170731707316,25,0.32,23,26,0.8846153846153846,2.0,3.0,4.0,3,False,,497,211522,67811,1|2|3|4,516,98,0.935483870967742,76,0.9863013698630136,10,9,12,13,14,14,174,165,45,26,23,6,True,True,True,False,0.3133|0.3439|0.4720|0.6463|0.7725|0.8313|0.8735|0.9030|0.9512|0.9458|0.9512|0.9573|0.9509|0.9512|0.9333|0.9329|0.9212
0021500094,11.08.2015.IND.at.CLE,4.5,CLOCK_CALIBRATION_VALIDATED,CALIBRATED,HOLDOUT_PASS,ADEQUATE,False,UNIQUE,4.5,5.0,0.9653179190751444,2.0,6.5,4.5,170,0.2470588235294117,168,172,0.9767441860465116,17,0.2352941176470588,16,16,1.0,0.5,2.0,4.0,1,False,,474,216381,71269,1|2|3|4,482,85,1.0,88,0.9659090909090908,7,7,8,9,9,9,173,173,170,17,17,15,True,True,True,False,0.2471|0.3018|0.3824|0.4940|0.6807|0.8187|0.8953|0.9415|0.9595|0.9767|0.9653|0.9591|0.9535|0.9535|0.9357|0.9294|0.9360
0021500095,11.08.2015.LAL.at.NYK,4.0,CLOCK_CALIBRATION_VALIDATED,CALIBRATED,HOLDOUT_PASS,ADEQUATE,False,UNIQUE,4.0,4.5,0.9831460674157304,0.5,4.0,3.5,160,0.4,175,176,0.9943181818181818,18,0.3333333333333333,15,17,0.8823529411764706,0.5,2.0,4.0,1,False,,492,238338,72350,1|2|3|4,503,95,0.9894736842105264,83,1.0,6,6,6,9,9,11,178,178,171,18,18,18,True,True,True,False,0.4000|0.5731|0.7514|0.8686|0.9314|0.9605|0.9718|0.9719|0.9943|0.9831|0.9831|0.9774|0.9435|0.9213|0.9209|0.9040|0.8857
0021500096,11.08.2015.TOR.at.MIA,5.5,CLOCK_CALIBRATION_VALIDATED,CALIBRATED,HOLDOUT_PASS,ADEQUATE,False,UNIQUE,5.5,4.0,0.9285714285714286,2.0,5.5,3.5,154,0.2532467532467532,144,153,0.9411764705882352,26,0.4230769230769231,25,26,0.9615384615384616,0.5,3.0,3.5,2,False,,455,221482,71861,1|2|3|4,476,83,0.963855421686747,71,0.9295774647887324,11,11,12,14,13,14,154,154,146,26,26,25,False,False,False,False,0.2532|0.3490|0.4830|0.6133|0.8146|0.8896|0.9150|0.9216|0.9286|0.9286|0.9221|0.9412|0.9286|0.9156|0.9091|0.9091|0.8961
0021500097,11.08.2015.PHX.at.OKC,3.0,CLOCK_CALIBRATION_VALIDATED,CALIBRATED,HOLDOUT_PASS,ADEQUATE,False,UNIQUE,3.0,3.5,0.9775280898876404,2.0,4.5,2.5,166,0.3975903614457831,175,178,0.9831460674157304,38,0.4473684210526316,35,36,0.9722222222222222,1.5,2.0,3.0,1,False,,506,233429,71891,1|2|3|4,536,90,0.9777777777777776,88,1.0,19,17,19,16,16,17,178,178,177,38,38,35,True,True,True,False,0.3976|0.5345|0.7857|0.9023|0.9489|0.9605|0.9831|0.9775|0.9775|0.9719|0.9492|0.9213|0.9270|0.9261|0.8971|0.8652|0.8427
0021500098,11.08.2015.DET.at.POR,3.5,CLOCK_CALIBRATION_VALIDATED,CALIBRATED,HOLDOUT_PASS,ADEQUATE,False,UNIQUE,3.5,4.0,0.9593023255813954,0.5,3.5,3.0,163,0.2515337423312883,164,169,0.970414201183432,30,0.3333333333333333,29,31,0.935483870967742,0.5,2.5,3.0,1,False,,448,195852,71268,1|2|3|4,470,91,0.989010989010989,81,0.9487179487179488,11,11,11,18,19,20,172,172,170,31,31,30,False,False,False,False,0.2515|0.3165|0.4780|0.7301|0.8655|0.9294|0.9583|0.9704|0.9593|0.9593|0.9529|0.9353|0.9298|0.9172|0.9231|0.9349|0.9357
0021500099,11.09.2015.ORL.at.IND,4.0,CLOCK_CALIBRATION_VALIDATED,CALIBRATED,HOLDOUT_PASS,ADEQUATE,False,TIE_2_SMALLEST_CHOSEN,4.0|4.5,4.5,0.9934640522875816,0.5,3.0,2.5,144,0.2777777777777778,152,153,0.9934640522875816,39,0.3333333333333333,38,39,0.9743589743589745,2.0,3.5,2.0,2,False,,440,211315,71526,1|2|3|4,465,85,0.988095238095238,70,1.0,18,18,18,20,20,21,155,155,143,39,38,36,False,False,False,False,0.2778|0.4676|0.7852|0.9346|0.9740|0.9868|0.9870|0.9870|0.9935|0.9935|0.9804|0.9539|0.9290|0.9161|0.9091|0.8896|0.8701
0021500101,11.09.2015.MIN.at.ATL,4.5,CLOCK_CALIBRATION_VALIDATED,CALIBRATED,HOLDOUT_PASS,ADEQUATE,False,UNIQUE,4.5,4.0,0.9759036144578314,2.0,5.5,3.5,160,0.3375,163,166,0.9819277108433736,36,0.3888888888888889,35,36,0.9722222222222222,1.0,3.0,3.0,1,False,,426,230563,71780,1|2|3|4,457,86,0.9883720930232558,80,0.9875,13,13,14,22,21,22,166,166,161,36,36,33,True,True,True,False,0.3375|0.5157|0.7622|0.8795|0.9212|0.9578|0.9639|0.9699|0.9759|0.9819|0.9639|0.9639|0.9455|0.9333|0.9091|0.8976|0.8855
0021500102,11.09.2015.POR.at.DEN,4.0,DRIFTING_LEAD,CALIBRATED,HOLDOUT_PASS,MATERIALLY_DRIFTING,False,UNIQUE,4.0,4.5,0.9520958083832336,3.0,3.5,6.5,160,0.29375,161,168,0.9583333333333334,23,0.6521739130434783,22,23,0.9565217391304348,0.5,2.5,3.5,2,False,,482,229868,72430,1|2|3|4,491,80,0.9875,88,0.9431818181818182,13,13,14,9,9,9,168,168,168,23,23,23,False,False,False,False,0.2938|0.3902|0.5366|0.7126|0.8072|0.8614|0.9226|0.9405|0.9583|0.9521|0.9461|0.9341|0.9337|0.9401|0.9281|0.9167|0.9217
0021500103,11.09.2015.SAS.at.SAC,3.5,CLOCK_CALIBRATION_VALIDATED,CALIBRATED,HOLDOUT_PASS,ADEQUATE,False,TIE_2_SMALLEST_CHOSEN,3.5|4.0,4.0,0.9881656804733728,0.0,3.5,3.5,164,0.2560975609756097,167,169,0.9881656804733728,35,0.3142857142857143,32,35,0.9142857142857144,1.0,2.5,3.5,1,False,,451,206989,71502,1|2|3|4,481,90,0.9887640449438202,81,0.9875,14,14,15,18,18,20,171,171,169,35,35,33,True,True,True,False,0.2561|0.3780|0.5152|0.7365|0.8639|0.9294|0.9586|0.9882|0.9882|0.9820|0.9762|0.9702|0.9529|0.9298|0.9357|0.9240|0.9240
0021500104,11.09.2015.DET.at.GSW,4.5,CLOCK_CALIBRATION_VALIDATED,CALIBRATED,HOLDOUT_PASS,ADEQUATE,False,UNIQUE,4.5,4.0,0.9602272727272728,1.0,5.5,4.5,168,0.3273809523809524,169,175,0.9657142857142856,36,0.4444444444444444,32,34,0.9411764705882352,1.0,3.5,3.5,1,False,,437,222534,71726,1|2|3|4,466,91,0.9775280898876404,85,0.9647058823529412,18,18,20,14,14,15,176,175,173,36,36,35,True,True,True,False,0.3274|0.4485|0.6036|0.7692|0.8514|0.8851|0.9143|0.9480|0.9602|0.9657|0.9600|0.9598|0.9598|0.9538|0.9415|0.9415|0.9128
0021500105,11.09.2015.MEM.at.LAC,5.5,CLOCK_CALIBRATION_VALIDATED,CALIBRATED,HOLDOUT_PASS,ADEQUATE,False,TIE_2_SMALLEST_CHOSEN,5.5|6.0,6.0,0.9523809523809524,1.0,4.0,5.0,145,0.2689655172413793,140,147,0.9523809523809524,32,0.4375,29,32,0.90625,2.0,3.0,4.0,2,False,,507,247595,71813,1|2|3|4,525,77,0.961038961038961,71,0.9571428571428572,19,19,19,10,10,13,148,147,141,32,32,27,True,True,True,False,0.2690|0.2867|0.3873|0.5986|0.7292|0.8345|0.8973|0.9241|0.9521|0.9388|0.9456|0.9524|0.9524|0.9388|0.9048|0.8836|0.8836
0021500106,11.10.2015.UTA.at.CLE,4.5,CLOCK_CALIBRATION_VALIDATED,CALIBRATED,HOLDOUT_PASS,ADEQUATE,False,UNIQUE,4.5,5.0,0.9533333333333334,1.0,5.5,4.5,149,0.1879194630872483,143,149,0.959731543624161,29,0.2413793103448276,30,31,0.967741935483871,1.5,3.5,4.0,2,False,,506,208284,67516,1|2|3|4,529,77,0.971830985915493,79,0.961038961038961,16,15,16,14,14,15,156,155,122,32,30,20,True,True,True,False,0.1879|0.2345|0.3284|0.5248|0.6944|0.8435|0.9189|0.9315|0.9524|0.9597|0.9533|0.9530|0.9463|0.9467|0.9467|0.9262|0.9139
0021500107,11.10.2015.OKC.at.WAS,4.5,AMBIGUOUS_LEAD,CALIBRATED,HOLDOUT_PASS,MATERIALLY_DRIFTING,True,UNIQUE,4.5,3.0,0.9675324675324676,2.5,4.5,2.0,149,0.3288590604026846,148,152,0.9736842105263158,16,0.25,14,15,0.9333333333333332,2.0,3.0,2.5,2,False,,481,176310,58517,1|2|3|4,500,97,0.974025974025974,86,1.0,5,5,5,9,10,10,183,146,0,20,18,0,True,True,True,False,0.3289|0.5685|0.8278|0.9226|0.9484|0.9613|0.9675|0.9545|0.9675|0.9737|0.9675|0.9481|0.9416|0.9216|0.9013|0.8896|0.8758
0021500108,11.10.2015.LAL.at.MIA,3.5,CLOCK_CALIBRATION_VALIDATED,CALIBRATED,HOLDOUT_PASS,ADEQUATE,False,UNIQUE,3.5,3.0,0.9681528662420382,0.5,3.5,4.0,156,0.2948717948717949,153,156,0.9807692307692308,26,0.3076923076923077,25,26,0.9615384615384616,0.5,2.0,3.0,2,False,,432,175079,69685,1|2|3|4,456,90,0.9885057471264368,71,0.9855072463768116,8,8,8,17,18,18,161,160,146,27,27,21,False,False,False,False,0.2949|0.3660|0.5364|0.7032|0.8291|0.9236|0.9682|0.9808|0.9679|0.9487|0.9490|0.9490|0.9679|0.9299|0.9363|0.9172|0.8981
0021500109,11.10.2015.NYK.at.TOR,4.5,CLOCK_CALIBRATION_VALIDATED,CALIBRATED,HOLDOUT_PASS,ADEQUATE,False,UNIQUE,4.5,5.0,0.9714285714285714,1.0,3.5,4.5,169,0.3846153846153846,172,175,0.9828571428571428,19,0.4210526315789473,17,20,0.85,0.5,2.0,3.5,2,False,,503,230303,70550,1|2|3|4,526,90,0.9772727272727272,89,0.9886363636363636,11,9,11,6,6,8,179,176,139,20,20,15,False,False,False,False,0.3846|0.5824|0.7586|0.8693|0.9205|0.9486|0.9605|0.9655|0.9432|0.9829|0.9714|0.9661|0.9548|0.9379|0.9375|0.9257|0.9148
0021500110,11.10.2015.BOS.at.MIL,5.5,CLOCK_CALIBRATION_VALIDATED,CALIBRATED,HOLDOUT_PASS,ADEQUATE,False,UNIQUE,5.5,5.0,0.9803921568627452,2.0,5.5,7.5,156,0.2948717948717949,153,155,0.9870967741935484,29,0.1724137931034483,27,28,0.9642857142857144,0.5,2.5,3.0,2,False,,444,206581,69424,1|2|3|4,467,83,0.9878048780487804,76,0.986842105263158,17,17,18,10,11,11,159,158,115,29,28,18,True,True,True,False,0.2949|0.3806|0.5948|0.7871|0.8903|0.9295|0.9677|0.9740|0.9545|0.9739|0.9804|0.9871|0.9613|0.9551|0.9487|0.9490|0.9299
0021500111,11.10.2015.CHA.at.MIN,4.0,AMBIGUOUS_LEAD,CALIBRATED,HOLDOUT_PASS,ADEQUATE,True,UNIQUE,4.0,2.0,0.9936305732484076,2.0,2.0,4.0,145,0.3448275862068966,157,158,0.9936708860759492,38,0.5789473684210527,36,38,0.9473684210526316,3.0,3.0,2.0,3,False,,445,212066,71931,1|2|3|4,466,83,1.0,75,1.0,16,16,16,20,20,22,158,158,152,38,38,33,True,True,True,False,0.3448|0.5298|0.7727|0.9615|0.9936|0.9936|0.9936|0.9873|0.9937|0.9873|0.9620|0.9684|0.9620|0.9487|0.9363|0.9241|0.9172
0021500112,11.10.2015.DAL.at.NOP,4.5,CLOCK_CALIBRATION_VALIDATED,CALIBRATED,HOLDOUT_PASS,ADEQUATE,False,UNIQUE,4.5,4.0,0.9777777777777776,1.0,3.5,4.5,172,0.2325581395348837,177,180,0.9833333333333332,22,0.5,21,24,0.875,1.5,2.5,3.5,2,False,,481,198905,69939,1|2|3|4,496,87,0.9770114942528736,93,0.989247311827957,11,11,11,10,10,13,180,179,166,24,23,20,True,True,True,False,0.2326|0.3274|0.4624|0.6337|0.8249|0.9000|0.9500|0.9667|0.9778|0.9833|0.9667|0.9778|0.9611|0.9556|0.9389|0.9218|0.9106
0021500113,11.11.2015.NYK.at.CHA,5.0,CLOCK_CALIBRATION_VALIDATED,CALIBRATED,HOLDOUT_PASS,ADEQUATE,False,TIE_2_SMALLEST_CHOSEN,5.0|5.5,5.5,0.9705882352941176,1.5,3.5,5.0,160,0.3,165,170,0.9705882352941176,19,0.2631578947368421,18,21,0.8571428571428571,1.5,4.0,3.0,3,False,,450,235550,71567,1|2|3|4,473,89,0.9662921348314608,81,0.9753086419753086,9,10,12,9,9,9,170,170,163,21,21,19,True,True,True,False,0.3000|0.4654|0.6335|0.8037|0.8976|0.9345|0.9586|0.9647|0.9529|0.9529|0.9706|0.9706|0.9586|0.9405|0.9524|0.9412|0.9353
0021500114,11.11.2015.LAL.at.ORL,5.0,CLOCK_CALIBRATION_VALIDATED,CALIBRATED,HOLDOUT_PASS,ADEQUATE,False,TIE_2_SMALLEST_CHOSEN,5.0|5.5,5.5,0.9772727272727272,1.0,5.0,6.0,167,0.2455089820359281,172,176,0.9772727272727272,19,0.3684210526315789,18,20,0.9,2.0,3.5,4.5,3,False,,438,183425,68683,1|2|3|4,457,94,0.978021978021978,85,0.988095238095238,9,9,10,9,9,10,179,170,89,21,20,5,True,True,True,False,0.2455|0.3688|0.5917|0.7069|0.8068|0.8588|0.9143|0.9375|0.9489|0.9602|0.9773|0.9773|0.9714|0.9770|0.9657|0.9770|0.9364
0021500115,11.11.2015.TOR.at.PHI,4.0,CLOCK_CALIBRATION_VALIDATED,CALIBRATED,HOLDOUT_PASS,ADEQUATE,False,UNIQUE,4.0,3.5,0.9710982658959536,0.5,4.0,3.5,162,0.3086419753086419,168,172,0.9767441860465116,18,0.3888888888888889,16,17,0.9411764705882352,2.5,5.0,2.0,4,False,,462,208024,69013,1|2|3|4,483,90,0.9770114942528736,86,0.976470588235294,9,9,9,7,7,8,176,169,78,19,18,6,True,True,True,False,0.3086|0.5663|0.8000|0.8779|0.9593|0.9709|0.9709|0.9711|0.9767|0.9593|0.9709|0.9588|0.9647|0.9588|0.9290|0.8876|0.8690
0021500116,11.11.2015.IND.at.BOS,2.5,AMBIGUOUS_LEAD,CALIBRATED,HOLDOUT_PASS,ADEQUATE,True,UNIQUE,2.5,3.5,0.9807692307692308,0.5,3.0,2.5,147,0.2925170068027211,152,154,0.987012987012987,36,0.5,33,36,0.9166666666666666,1.5,4.0,2.5,4,False,,493,228275,71554,1|2|3|4,516,81,0.9876543209876544,75,0.9864864864864864,16,16,16,17,17,20,156,156,154,36,36,36,False,False,False,False,0.2925|0.4054|0.6027|0.8247|0.9221|0.9870|0.9806|0.9808|0.9679|0.9744|0.9742|0.9742|0.9744|0.9423|0.9416|0.9097|0.8903
0021500117,11.11.2015.NOP.at.ATL,4.5,AMBIGUOUS_LEAD,CALIBRATED,HOLDOUT_PASS,MATERIALLY_DRIFTING,True,UNIQUE,4.5,3.0,0.9822485207100592,2.5,3.0,5.5,166,0.3012048192771084,166,168,0.988095238095238,31,0.5483870967741935,26,31,0.8387096774193549,1.5,4.0,2.5,3,False,,456,239016,70945,1|2|3|4,470,89,1.0,80,0.9873417721518988,16,15,19,10,9,12,169,169,135,31,31,22,False,False,False,False,0.3012|0.5247|0.7455|0.8757|0.9112|0.9763|0.9822|0.9822|0.9821|0.9881|0.9762|0.9821|0.9760|0.9641|0.9521|0.9515|0.9146
0021500118,11.11.2015.LAC.at.DAL,4.0,CLOCK_CALIBRATION_VALIDATED,CALIBRATED,HOLDOUT_PASS,ADEQUATE,False,UNIQUE,4.0,4.5,0.9808917197452228,0.0,4.0,4.0,148,0.277027027027027,155,157,0.9872611464968152,21,0.3809523809523809,21,21,1.0,1.0,1.5,3.5,1,False,,508,217308,69496,1|2|3|4,515,84,0.9759036144578314,78,1.0,11,11,11,10,10,10,162,160,80,23,23,5,True,True,True,False,0.2770|0.4371|0.7248|0.9226|0.9623|0.9623|0.9623|0.9747|0.9873|0.9809|0.9557|0.9554|0.9554|0.9490|0.9490|0.9423|0.9108
0021500119,11.11.2015.BKN.at.HOU,5.0,CLOCK_CALIBRATION_VALIDATED,CALIBRATED,HOLDOUT_PASS,ADEQUATE,False,UNIQUE,5.0,4.5,0.9692307692307692,2.0,5.0,3.0,185,0.3621621621621622,189,194,0.9742268041237112,18,0.3333333333333333,16,17,0.9411764705882352,1.0,2.5,3.5,2,False,,468,213555,70005,1|2|3|4,499,100,0.9797979797979798,96,0.9893617021276596,10,10,11,6,5,6,196,194,133,18,17,10,True,True,True,False,0.3622|0.5435|0.6875|0.8000|0.9016|0.9487|0.9536|0.9639|0.9592|0.9692|0.9742|0.9641|0.9436|0.9077|0.9067|0.8808|0.8705
0021500120,11.11.2015.GSW.at.MEM,4.5,AMBIGUOUS_LEAD,CALIBRATED,HOLDOUT_PASS,MATERIALLY_DRIFTING,True,UNIQUE,4.5,3.5,0.9513888888888888,2.5,4.5,2.0,133,0.3383458646616541,138,145,0.9517241379310344,43,0.3720930232558139,42,44,0.9545454545454546,2.5,4.0,3.0,2,False,,483,220422,71655,1|2|3|4,514,80,0.9625,65,0.953846153846154,17,17,19,25,25,25,145,145,129,44,44,34,True,True,True,False,0.3383|0.4891|0.6857|0.8169|0.8750|0.8951|0.9375|0.9514|0.9510|0.9517|0.9448|0.9448|0.9379|0.9379|0.9241|0.9310|0.9167
0021500121,11.11.2015.MIL.at.DEN,5.5,CLOCK_CALIBRATION_VALIDATED,CALIBRATED,HOLDOUT_PASS,ADEQUATE,False,TIE_2_SMALLEST_CHOSEN,5.5|6.0,6.0,0.9367088607594936,2.0,5.5,3.5,153,0.3333333333333333,148,158,0.9367088607594936,29,0.3448275862068966,27,30,0.9,1.5,2.5,4.5,1,False,,419,198305,71569,1|2|3|4,440,82,0.9634146341463414,76,0.9342105263157896,12,12,12,15,15,18,158,158,142,30,30,24,False,False,False,False,0.3333|0.4052|0.5395|0.6923|0.7848|0.8599|0.8854|0.9114|0.9108|0.9177|0.9304|0.9367|0.9367|0.9241|0.8987|0.8924|0.8797
0021500122,11.11.2015.DET.at.SAC,4.5,CLOCK_CALIBRATION_VALIDATED,CALIBRATED,HOLDOUT_PASS,ADEQUATE,False,UNIQUE,4.5,4.0,0.9622641509433962,2.0,4.5,2.5,161,0.217391304347826,154,158,0.9746835443037974,34,0.4705882352941176,31,33,0.9393939393939394,0.5,1.5,3.5,1,False,,444,181566,68501,1|2|3|4,464,81,0.9876543209876544,82,0.9875,17,17,17,14,16,17,163,159,130,34,32,26,True,True,True,False,0.2174|0.2949|0.4490|0.7230|0.8506|0.9308|0.9371|0.9560|0.9623|0.9747|0.9427|0.9299|0.9161|0.9161|0.8910|0.8718|0.8636
0021500123,11.11.2015.SAS.at.POR,6.0,CLOCK_CALIBRATION_VALIDATED,CALIBRATED,HOLDOUT_PASS,ADEQUATE,False,UNIQUE,6.0,5.0,0.9821428571428572,1.5,4.5,6.0,161,0.1739130434782608,166,168,0.988095238095238,19,0.3684210526315789,18,19,0.9473684210526316,0.5,3.0,4.5,2,False,,440,199888,70153,1|2|3|4,456,85,1.0,85,0.9761904761904762,10,10,11,8,8,8,170,170,149,20,19,15,True,True,True,False,0.1739|0.2716|0.4512|0.7301|0.8817|0.9231|0.9529|0.9527|0.9527|0.9820|0.9821|0.9821|0.9881|0.9820|0.9702|0.9461|0.9455
0021500124,11.12.2015.UTA.at.MIA,4.5,CLOCK_CALIBRATION_VALIDATED,CALIBRATED,HOLDOUT_PASS,ADEQUATE,False,UNIQUE,4.5,4.0,0.9698795180722892,0.5,4.0,4.5,163,0.3987730061349693,162,166,0.9759036144578314,24,0.2916666666666667,24,25,0.96,0.5,2.0,4.0,1,False,,480,241696,70872,1|2|3|4,512,80,0.9875,86,0.9651162790697676,15,15,16,9,9,9,166,166,149,25,25,22,True,True,True,False,0.3988|0.5031|0.6506|0.7879|0.8545|0.9146|0.9398|0.9458|0.9699|0.9759|0.9639|0.9639|0.9390|0.9329|0.9024|0.8896|0.8841
0021500125,11.12.2015.GSW.at.MIN,5.0,DRIFTING_LEAD,CALIBRATED,HOLDOUT_PASS,MATERIALLY_DRIFTING,False,UNIQUE,5.0,2.5,0.9885057471264368,2.5,2.5,5.0,165,0.3575757575757576,175,176,0.9943181818181818,24,0.375,22,24,0.9166666666666666,0.5,3.5,2.0,3,False,,462,206541,70860,1|2|3|4,476,92,1.0,84,0.988095238095238,11,12,12,11,11,12,176,175,123,24,22,15,True,True,True,False,0.3576|0.5939|0.8402|0.9704|0.9825|0.9885|0.9828|0.9830|0.9773|0.9829|0.9943|0.9716|0.9545|0.9538|0.9422|0.9186|0.9017
0021500126,11.12.2015.LAC.at.PHX,3.0,CLOCK_CALIBRATION_VALIDATED,CALIBRATED,HOLDOUT_PASS,ADEQUATE,False,UNIQUE,3.0,2.5,0.9763313609467456,0.5,2.5,3.0,164,0.3475609756097561,166,169,0.9822485207100592,32,0.1875,32,33,0.9696969696969696,1.0,2.0,2.0,1,False,,477,223756,69500,1|2|3|4,501,87,0.9759036144578314,86,0.9883720930232558,18,18,18,14,14,15,173,166,101,33,33,24,False,False,False,False,0.3476|0.5935|0.8242|0.9464|0.9647|0.9763|0.9822|0.9704|0.9471|0.9298|0.9240|0.9181|0.9240|0.9294|0.8982|0.8869|0.8631
0021500127,11.13.2015.MIN.at.IND,4.5,CLOCK_CALIBRATION_VALIDATED,CALIBRATED,HOLDOUT_PASS,ADEQUATE,False,TIE_2_SMALLEST_CHOSEN,4.5|5.0,5.0,0.9878048780487804,0.0,4.5,4.5,162,0.2469135802469135,162,164,0.9878048780487804,23,0.3478260869565217,21,22,0.9545454545454546,1.0,3.0,3.5,1,False,,427,196858,68998,1|2|3|4,446,86,0.9882352941176472,83,0.9873417721518988,8,8,8,13,13,14,169,159,66,26,24,9,False,False,False,False,0.2469|0.2531|0.4103|0.7044|0.8375|0.9448|0.9512|0.9756|0.9815|0.9878|0.9878|0.9815|0.9752|0.9512|0.9207|0.9202|0.9068
0021500128,11.13.2015.UTA.at.ORL,3.5,CLOCK_CALIBRATION_VALIDATED,CALIBRATED,HOLDOUT_PASS,ADEQUATE,False,UNIQUE,3.5,4.0,0.9876543209876544,0.0,3.5,3.5,154,0.3116883116883117,161,162,0.9938271604938272,37,0.3513513513513513,36,37,0.972972972972973,1.0,2.0,3.0,1,False,,491,224149,70122,1|2|3|4,527,78,1.0,85,0.9882352941176472,23,23,24,13,13,13,163,155,31,37,35,5,False,False,False,False,0.3117|0.5750|0.7654|0.8580|0.9379|0.9571|0.9755|0.9938|0.9877|0.9753|0.9689|0.9691|0.9691|0.9383|0.9313|0.9062|0.8750
0021500129,11.13.2015.ATL.at.BOS,3.5,DRIFTING_LEAD,CALIBRATED,HOLDOUT_PASS,MATERIALLY_DRIFTING,False,UNIQUE,3.5,4.0,0.9661016949152542,3.0,6.5,3.5,172,0.3313953488372093,172,178,0.9662921348314608,26,0.5,25,26,0.9615384615384616,2.0,4.0,3.0,2,False,,469,241331,71756,1|2|3|4,484,91,0.9555555555555556,88,1.0,13,12,14,12,12,12,179,179,178,26,26,23,True,True,True,False,0.3314|0.4393|0.6207|0.7062|0.8239|0.9153|0.9497|0.9663|0.9661|0.9607|0.9551|0.9551|0.9607|0.9494|0.9266|0.9106|0.8864
0021500130,11.13.2015.CLE.at.NYK,2.5,AMBIGUOUS_LEAD,CALIBRATED,HOLDOUT_PASS,ADEQUATE,True,UNIQUE,2.5,4.0,0.961783439490446,0.5,2.0,2.5,145,0.4896551724137931,152,157,0.9681528662420382,26,0.4230769230769231,23,26,0.8846153846153846,1.0,4.5,2.0,4,False,,482,211051,71996,1|2|3|4,493,84,0.9761904761904762,73,0.958904109589041,13,13,15,10,10,11,157,157,154,26,26,25,True,True,True,False,0.4897|0.7432|0.8766|0.9299|0.9615|0.9682|0.9554|0.9554|0.9618|0.9490|0.9615|0.9487|0.9490|0.9363|0.9299|0.9231|0.8896
0021500131,11.13.2015.NOP.at.TOR,5.0,CLOCK_CALIBRATION_VALIDATED,CALIBRATED,HOLDOUT_PASS,ADEQUATE,False,UNIQUE,5.0,4.5,0.9808917197452228,1.5,3.5,5.0,150,0.2333333333333333,155,156,0.9935897435897436,29,0.3793103448275862,26,28,0.9285714285714286,0.5,2.0,4.0,1,False,,455,200877,69743,1|2|3|4,475,80,0.9873417721518988,79,1.0,10,12,12,16,16,16,159,158,79,29,28,13,True,True,True,False,0.2333|0.4056|0.6821|0.8506|0.9346|0.9613|0.9675|0.9679|0.9745|0.9809|0.9936|0.9744|0.9615|0.9610|0.9610|0.9610|0.9542
0021500132,11.13.2015.CHA.at.CHI,4.5,CLOCK_CALIBRATION_VALIDATED,CALIBRATED,HOLDOUT_PASS,ADEQUATE,False,UNIQUE,4.5,4.0,0.9606741573033708,0.0,4.5,4.5,172,0.1802325581395348,174,179,0.9720670391061452,17,0.2941176470588235,17,17,1.0,0.5,1.5,3.5,1,False,,466,209694,71942,1|2|3|4,496,93,0.989247311827957,86,0.9534883720930232,10,10,10,7,7,7,179,179,166,17,17,17,False,False,False,False,0.1802|0.3690|0.5647|0.7602|0.8427|0.8807|0.9379|0.9553|0.9607|0.9721|0.9497|0.9385|0.9385|0.9330|0.9213|0.9040|0.8994
0021500133,11.13.2015.POR.at.MEM,6.0,AMBIGUOUS_LEAD,CALIBRATED,HOLDOUT_PASS,ADEQUATE,True,UNIQUE,6.0,3.5,0.9869281045751634,2.0,2.5,4.5,149,0.2818791946308724,152,154,0.987012987012987,28,0.4285714285714285,26,30,0.8666666666666667,2.5,4.5,3.0,3,False,,465,206142,71727,1|2|3|4,487,75,1.0,80,0.9873417721518988,13,13,14,13,14,15,155,155,146,30,30,22,True,True,True,False,0.2819|0.3673|0.6333|0.7974|0.9026|0.9474|0.9803|0.9869|0.9673|0.9805|0.9869|0.9869|0.9870|0.9742|0.9740|0.9484|0.9290
0021500134,11.13.2015.PHI.at.OKC,3.5,CLOCK_CALIBRATION_VALIDATED,CALIBRATED,HOLDOUT_PASS,ADEQUATE,False,TIE_2_SMALLEST_CHOSEN,3.5|4.0,4.0,0.9836065573770492,1.0,4.5,3.5,169,0.3846153846153846,180,183,0.9836065573770492,30,0.3666666666666666,29,30,0.9666666666666668,2.0,2.0,3.0,1,False,,507,253955,71562,1|2|3|4,546,89,0.9775280898876404,94,1.0,16,16,17,13,13,13,183,183,181,30,30,28,True,True,True,False,0.3846|0.5449|0.7586|0.8827|0.9448|0.9615|0.9781|0.9836|0.9836|0.9781|0.9563|0.9508|0.9171|0.9180|0.9000|0.8791|0.8736
0021500135,11.13.2015.LAL.at.DAL,2.5,CLOCK_CALIBRATION_VALIDATED,CALIBRATED,HOLDOUT_PASS,ADEQUATE,False,TIE_2_SMALLEST_CHOSEN,2.5|3.0,3.0,0.9933774834437086,0.5,2.5,2.0,141,0.3191489361702128,150,151,0.9933774834437086,33,0.4545454545454545,32,32,1.0,1.5,2.5,2.0,1,False,,505,191471,64644,1|2|3|4,532,88,1.0,82,1.0,16,16,16,16,16,16,170,149,31,35,30,5,True,True,True,False,0.3191|0.5662|0.8310|0.9660|0.9865|0.9934|0.9934|0.9868|0.9867|0.9605|0.9605|0.9423|0.9231|0.9211|0.9150|0.9038|0.8968
0021500136,11.13.2015.HOU.at.DEN,5.0,CLOCK_CALIBRATION_VALIDATED,CALIBRATED,HOLDOUT_PASS,ADEQUATE,False,TIE_2_SMALLEST_CHOSEN,5.0|5.5,5.5,0.9430379746835444,0.5,5.5,5.0,151,0.2781456953642384,149,158,0.9430379746835444,38,0.3947368421052631,34,38,0.8947368421052632,2.0,2.5,4.0,1,False,,506,227133,71786,1|2|3|4,523,86,0.9534883720930232,72,0.9444444444444444,16,16,18,18,18,20,158,157,123,38,38,26,True,True,True,False,0.2781|0.3846|0.4452|0.6299|0.7124|0.7949|0.8758|0.9085|0.9295|0.9367|0.9430|0.9430|0.9427|0.9051|0.9177|0.8981|0.8854
0021500137,11.13.2015.BKN.at.SAC,4.5,CLOCK_CALIBRATION_VALIDATED,CALIBRATED,HOLDOUT_PASS,ADEQUATE,False,UNIQUE,4.5,5.0,0.9722222222222222,0.0,4.5,4.5,176,0.2784090909090909,176,180,0.9777777777777776,29,0.3448275862068966,24,26,0.9230769230769232,1.0,3.0,2.5,2,False,,506,223049,69004,1|2|3|4,533,98,0.9791666666666666,85,0.9761904761904762,5,5,6,19,19,20,183,179,109,29,27,14,True,True,True,False,0.2784|0.4176|0.6213|0.8605|0.9318|0.9611|0.9553|0.9605|0.9719|0.9778|0.9722|0.9607|0.9489|0.9432|0.9318|0.9257|0.8864
0021500138,11.14.2015.DET.at.LAC,7.5,AMBIGUOUS_LEAD,CALIBRATED,HOLDOUT_PASS,MATERIALLY_DRIFTING,True,UNIQUE,7.5,6.5,0.9869281045751634,3.5,7.5,4.0,148,0.2364864864864864,152,153,0.9934640522875816,28,0.6071428571428571,25,28,0.8928571428571429,1.0,3.0,5.5,2,False,,483,245812,71654,1|2|3|4,497,81,0.9876543209876544,72,1.0,12,12,15,13,13,13,153,152,116,28,28,20,False,False,False,False,0.2365|0.2621|0.3944|0.5839|0.7500|0.8378|0.8808|0.9272|0.9536|0.9603|0.9673|0.9735|0.9868|0.9869|0.9868|0.9935|0.9804
0021500139,11.14.2015.ORL.at.WAS,4.0,CLOCK_CALIBRATION_VALIDATED,CALIBRATED,HOLDOUT_PASS,ADEQUATE,False,UNIQUE,4.0,4.5,0.9798657718120806,0.0,4.0,4.0,148,0.2635135135135135,149,152,0.9802631578947368,22,0.3636363636363636,20,21,0.9523809523809524,1.0,2.0,3.5,1,False,,471,186505,61805,1|2|3|4,487,86,0.9863013698630136,84,0.9746835443037974,11,11,11,9,9,10,170,138,0,23,16,0,True,True,True,False,0.2635|0.4545|0.7248|0.8808|0.9333|0.9467|0.9533|0.9603|0.9803|0.9799|0.9664|0.9595|0.9592|0.9521|0.9116|0.8912|0.8716
0021500140,11.14.2015.DAL.at.HOU,3.5,CLOCK_CALIBRATION_VALIDATED,CALIBRATED,HOLDOUT_PASS,ADEQUATE,False,UNIQUE,3.5,4.0,0.9760479041916168,0.5,3.5,4.0,163,0.2760736196319018,165,167,0.9880239520958084,22,0.3181818181818182,22,22,1.0,0.5,2.5,3.5,2,False,,477,198987,67543,1|2|3|4,495,93,1.0,80,0.9873417721518988,12,12,12,10,10,10,173,165,56,23,23,5,False,False,False,False,0.2761|0.4051|0.5839|0.7605|0.9030|0.9398|0.9641|0.9880|0.9760|0.9701|0.9578|0.9697|0.9695|0.9512|0.9329|0.9152|0.8902
0021500141,11.14.2015.CLE.at.MIL,5.5,CLOCK_CALIBRATION_VALIDATED,CALIBRATED,HOLDOUT_PASS,ADEQUATE,False,UNIQUE,5.5,5.0,0.950920245398773,2.0,6.5,4.5,160,0.3125,154,161,0.9565217391304348,28,0.5357142857142857,27,29,0.9310344827586208,1.0,3.5,3.5,3,False,,566,203176,73756,1|2|3|4|5|6,585,87,0.974025974025974,75,0.9508196721311476,11,11,12,11,11,11,193,178,17,32,27,0,True,True,True,False,0.3125|0.4710|0.7051|0.8101|0.8720|0.9317|0.9321|0.9383|0.9383|0.9451|0.9509|0.9565|0.9325|0.9455|0.9464|0.9329|0.9193
0021500142,11.14.2015.PHI.at.SAS,3.0,CLOCK_CALIBRATION_VALIDATED,CALIBRATED,HOLDOUT_PASS,ADEQUATE,False,TIE_3_SMALLEST_CHOSEN,3.0|3.5|4.5,3.5,0.9820359281437124,1.0,3.0,4.0,162,0.3086419753086419,164,167,0.9820359281437124,28,0.3928571428571428,26,28,0.9285714285714286,2.0,4.0,2.5,3,False,,459,219097,71916,1|2|3|4,484,90,0.9888888888888888,77,1.0,11,11,11,15,16,17,167,167,166,28,28,27,False,False,False,False,0.3086|0.4194|0.6438|0.8025|0.9268|0.9756|0.9820|0.9820|0.9760|0.9820|0.9701|0.9759|0.9699|0.9398|0.9337|0.9277|0.8982
0021500143,11.14.2015.DEN.at.PHX,3.0,CLOCK_CALIBRATION_VALIDATED,CALIBRATED,HOLDOUT_PASS,ADEQUATE,False,UNIQUE,3.0,4.5,0.9534883720930232,0.0,3.0,3.0,172,0.2790697674418604,169,176,0.9602272727272728,30,0.4666666666666667,26,27,0.9629629629629628,0.5,2.0,3.0,2,False,,474,220180,68172,1|2|3|4,485,95,0.956043956043956,87,0.9647058823529412,14,14,14,12,12,13,182,170,71,30,30,10,True,True,True,False,0.2791|0.3550|0.5176|0.7560|0.8743|0.9266|0.9602|0.9483|0.9483|0.9535|0.9364|0.9195|0.9302|0.9240|0.9080|0.8864|0.8864
0021500144,11.14.2015.BKN.at.GSW,3.5,CLOCK_CALIBRATION_VALIDATED,CALIBRATED,HOLDOUT_PASS,ADEQUATE,False,UNIQUE,3.5,4.0,0.9479166666666666,1.0,4.5,3.5,185,0.2378378378378378,181,190,0.9526315789473684,25,0.28,22,25,0.88,1.5,2.5,3.5,2,False,,473,224247,79495,1|2|3|4|5,505,89,0.9662921348314608,91,0.9318181818181818,10,10,11,8,8,10,195,194,189,26,26,25,True,True,True,False,0.2378|0.3111|0.4731|0.6578|0.8042|0.8639|0.8958|0.9526|0.9479|0.9433|0.9479|0.9372|0.9219|0.9167|0.8906|0.8995|0.8808
0021500145,11.15.2015.NOP.at.NYK,5.5,AMBIGUOUS_LEAD,CALIBRATED,HOLDOUT_PASS,MATERIALLY_DRIFTING,True,UNIQUE,5.5,3.0,0.9874213836477987,2.5,3.0,5.5,152,0.3815789473684211,157,158,0.9936708860759492,26,0.7307692307692307,23,27,0.8518518518518519,1.5,4.0,2.5,2,False,,429,216824,71862,1|2|3|4,447,88,1.0,71,1.0,11,12,13,12,12,14,159,159,150,27,27,23,True,True,True,False,0.3816|0.6209|0.8141|0.9177|0.9560|0.9810|0.9874|0.9810|0.9810|0.9873|0.9874|0.9937|0.9744|0.9684|0.9620|0.9557|0.9560
0021500146,11.15.2015.MEM.at.MIN,2.5,CLOCK_CALIBRATION_VALIDATED,CALIBRATED,HOLDOUT_PASS,ADEQUATE,False,TIE_2_SMALLEST_CHOSEN,2.5|3.0,3.0,1.0,0.5,2.5,2.0,141,0.3617021276595745,149,149,1.0,27,0.4074074074074074,24,27,0.8888888888888888,1.5,2.5,2.0,2,False,,417,189200,68785,1|2|3|4,438,78,1.0,75,1.0,10,10,11,14,14,16,153,148,103,27,27,18,True,True,True,False,0.3617|0.6395|0.8912|0.9732|0.9933|1.0000|1.0000|0.9864|0.9932|0.9796|0.9592|0.9459|0.9592|0.9388|0.9388|0.9375|0.8889
0021500147,11.15.2015.POR.at.CHA,4.5,CLOCK_CALIBRATION_VALIDATED,CALIBRATED,HOLDOUT_PASS,ADEQUATE,False,UNIQUE,4.5,5.0,0.9709302325581396,1.5,4.0,5.5,164,0.3048780487804878,167,171,0.9766081871345028,23,0.4782608695652174,23,23,1.0,1.0,4.0,3.5,1,False,,456,222704,71712,1|2|3|4,475,87,0.9767441860465116,85,0.9882352941176472,8,8,8,15,15,15,172,172,169,23,23,22,True,True,True,False,0.3049|0.4639|0.6131|0.7365|0.8521|0.9401|0.9535|0.9651|0.9708|0.9766|0.9709|0.9708|0.9649|0.9649|0.9591|0.9412|0.9294
0021500148,11.15.2015.UTA.at.ATL,4.0,AMBIGUOUS_LEAD,CALIBRATED,HOLDOUT_PASS,ADEQUATE,True,UNIQUE,4.0,3.0,0.9629629629629628,1.5,4.0,5.5,131,0.4351145038167939,128,132,0.9696969696969696,32,0.53125,28,31,0.9032258064516128,1.0,3.0,2.5,3,False,,424,164230,61856,1|2|3|4,447,74,0.9855072463768116,78,0.967741935483871,18,18,18,10,12,13,152,137,62,32,26,12,True,True,True,False,0.4351|0.5455|0.7556|0.8921|0.9420|0.9559|0.9630|0.9552|0.9697|0.9323|0.9538|0.9615|0.9389|0.9091|0.8947|0.9098|0.9070
0021500149,11.15.2015.BOS.at.OKC,3.5,CLOCK_CALIBRATION_VALIDATED,CALIBRATED,HOLDOUT_PASS,ADEQUATE,False,TIE_2_SMALLEST_CHOSEN,3.5|4.0,4.0,0.9936708860759492,1.0,3.5,2.5,145,0.3241379310344827,157,158,0.9936708860759492,35,0.4571428571428571,35,35,1.0,2.5,4.0,2.0,3,False,,474,218753,71491,1|2|3|4,506,80,1.0,79,1.0,22,22,22,13,13,13,159,159,157,36,36,34,True,True,True,False,0.3241|0.5241|0.7742|0.9299|0.9872|0.9936|0.9873|0.9937|0.9937|0.9873|0.9747|0.9748|0.9686|0.9686|0.9367|0.9114|0.8854
0021500150,11.15.2015.TOR.at.SAC,4.0,CLOCK_CALIBRATION_VALIDATED,CALIBRATED,HOLDOUT_PASS,ADEQUATE,False,UNIQUE,4.0,4.5,0.9873417721518988,0.5,3.0,3.5,158,0.240506329113924,156,157,0.9936305732484076,34,0.2647058823529412,32,33,0.9696969696969696,1.5,2.5,3.0,1,False,,438,209767,69728,1|2|3|4,463,86,0.9879518072289156,77,1.0,15,16,16,17,17,17,163,159,108,34,34,19,True,True,True,False,0.2405|0.3439|0.5379|0.7895|0.9085|0.9557|0.9811|0.9873|0.9936|0.9873|0.9809|0.9684|0.9367|0.9177|0.9051|0.8987|0.8987
0021500151,11.15.2015.DET.at.LAL,6.0,CLOCK_CALIBRATION_VALIDATED,CALIBRATED,HOLDOUT_PASS,ADEQUATE,False,UNIQUE,6.0,5.5,0.8922155688622755,0.0,6.0,6.0,162,0.3271604938271605,148,162,0.9135802469135802,26,0.4615384615384615,22,24,0.9166666666666666,0.5,0.5,6.0,1,False,,497,206940,68986,1|2|3|4,508,85,0.935064935064935,86,0.8941176470588236,9,9,10,13,13,14,171,168,103,26,26,10,False,False,False,False,0.3272|0.4224|0.5370|0.6768|0.7711|0.8263|0.8452|0.8690|0.8750|0.8683|0.8862|0.8922|0.9136|0.8580|0.8537|0.8364|0.8354
0021500152,11.16.2015.DAL.at.PHI,3.0,CLOCK_CALIBRATION_VALIDATED,CALIBRATED,HOLDOUT_PASS,ADEQUATE,False,TIE_2_SMALLEST_CHOSEN,3.0|3.5,3.5,0.9668874172185432,0.5,3.5,3.0,147,0.3197278911564626,146,151,0.9668874172185432,46,0.4347826086956521,43,46,0.9347826086956522,1.0,3.0,2.5,2,False,,496,236455,70749,1|2|3|4,521,81,0.9506172839506172,71,1.0,24,24,24,19,19,22,152,151,146,46,46,40,True,True,True,False,0.3197|0.5486|0.7500|0.9007|0.9211|0.9539|0.9669|0.9669|0.9470|0.9536|0.9533|0.9467|0.9333|0.9400|0.9139|0.9073|0.8940
0021500153,11.16.2015.IND.at.CHI,4.0,CLOCK_CALIBRATION_VALIDATED,CALIBRATED,HOLDOUT_PASS,ADEQUATE,False,UNIQUE,4.0,3.5,0.970414201183432,1.0,4.0,3.0,168,0.2738095238095238,165,170,0.9705882352941176,20,0.25,19,20,0.95,2.0,4.5,3.0,2,False,,502,215658,70128,1|2|3|4,519,91,0.9666666666666668,82,1.0,11,11,11,8,8,9,173,172,121,20,19,10,True,True,True,False,0.2738|0.3795|0.6407|0.8049|0.8935|0.9412|0.9588|0.9704|0.9706|0.9645|0.9586|0.9586|0.9649|0.9649|0.9532|0.9349|0.9162
0021500154,11.16.2015.BOS.at.HOU,2.5,AMBIGUOUS_LEAD,CALIBRATED,HOLDOUT_PASS,ADEQUATE,True,UNIQUE,2.5,3.5,0.9759036144578314,1.0,3.5,2.5,155,0.3419354838709677,165,169,0.9763313609467456,36,0.3055555555555556,38,38,1.0,1.0,2.5,2.5,2,False,,501,206096,66413,1|2|3|4,528,89,0.9642857142857144,89,1.0,20,18,20,18,18,18,178,161,31,41,34,4,True,True,True,False,0.3419|0.5132|0.7244|0.8667|0.9235|0.9763|0.9702|0.9759|0.9695|0.9634|0.9394|0.9152|0.9036|0.8788|0.8589|0.8580|0.8466
0021500155,11.16.2015.OKC.at.MEM,3.5,CLOCK_CALIBRATION_VALIDATED,CALIBRATED,HOLDOUT_PASS,ADEQUATE,False,UNIQUE,3.5,3.0,0.9693251533742332,0.5,3.5,3.0,154,0.4025974025974026,160,164,0.975609756097561,29,0.3103448275862069,26,28,0.9285714285714286,0.5,1.5,3.0,1,False,,500,218892,70785,1|2|3|4,519,82,0.9878048780487804,83,0.9634146341463414,14,14,15,12,11,13,165,164,139,29,28,24,True,True,True,False,0.4026|0.5806|0.7595|0.8820|0.9387|0.9509|0.9693|0.9756|0.9630|0.9444|0.9448|0.9202|0.9068|0.8834|0.8545|0.8667|0.8589
0021500156,11.16.2015.POR.at.SAS,5.0,CLOCK_CALIBRATION_VALIDATED,CALIBRATED,HOLDOUT_PASS,ADEQUATE,False,UNIQUE,5.0,5.5,0.9871794871794872,0.0,5.0,5.0,159,0.2452830188679245,156,157,0.9936305732484076,17,0.2352941176470588,17,18,0.9444444444444444,0.5,3.0,4.0,2,False,,421,187198,66981,1|2|3|4,443,83,1.0,81,0.9875,9,9,9,8,8,9,164,164,126,18,17,9,True,True,True,False,0.2453|0.3544|0.5127|0.6645|0.8026|0.9103|0.9419|0.9557|0.9745|0.9744|0.9936|0.9872|0.9872|0.9809|0.9490|0.9490|0.9557
0021500157,11.16.2015.LAL.at.PHX,4.0,CLOCK_CALIBRATION_VALIDATED,CALIBRATED,HOLDOUT_PASS,ADEQUATE,False,UNIQUE,4.0,3.5,0.981012658227848,0.5,4.0,3.5,149,0.3959731543624161,157,159,0.9874213836477987,24,0.125,22,23,0.9565217391304348,0.5,3.0,1.5,2,False,,445,185091,65632,1|2|3|4,465,86,0.9876543209876544,84,1.0,13,13,14,9,10,10,170,159,27,26,24,7,True,True,True,False,0.3960|0.6351|0.8974|0.9748|0.9748|0.9686|0.9809|0.9810|0.9874|0.9560|0.9557|0.9434|0.9250|0.8938|0.8812|0.8500|0.8509
0021500158,11.17.2015.MIL.at.WAS,4.5,CLOCK_CALIBRATION_VALIDATED,CALIBRATED,HOLDOUT_PASS,ADEQUATE,False,TIE_2_SMALLEST_CHOSEN,4.5|5.0,5.0,0.9754098360655736,1.5,3.0,4.5,123,0.2845528455284553,119,122,0.9754098360655736,26,0.3461538461538461,25,26,0.9615384615384616,2.5,3.0,3.0,2,False,,451,178406,59967,1|2|3|4,462,77,0.9850746268656716,65,0.9818181818181818,12,12,12,13,13,14,142,106,0,31,29,0,True,True,True,False,0.2846|0.5565|0.8065|0.8952|0.9350|0.9435|0.9675|0.9672|0.9677|0.9754|0.9754|0.9587|0.9421|0.9250|0.9167|0.9000|0.8898
0021500159,11.17.2015.ATL.at.BKN,4.5,CLOCK_CALIBRATION_VALIDATED,CALIBRATED,HOLDOUT_PASS,ADEQUATE,False,UNIQUE,4.5,5.0,0.987012987012987,0.0,4.5,4.5,158,0.3860759493670886,153,154,0.9935064935064936,30,0.3333333333333333,28,31,0.9032258064516128,0.5,1.5,4.0,1,False,,429,201484,69821,1|2|3|4,451,77,0.9866666666666668,83,1.0,19,19,21,9,9,10,160,160,92,31,31,17,True,True,True,False,0.3861|0.5064|0.6053|0.7635|0.8477|0.9281|0.9545|0.9545|0.9740|0.9935|0.9870|0.9548|0.9484|0.9484|0.9484|0.9545|0.9281
0021500160,11.17.2015.CLE.at.DET,7.5,CLOCK_CALIBRATION_VALIDATED,CALIBRATED,HOLDOUT_PASS,ADEQUATE,False,UNIQUE,7.5,8.0,0.9440993788819876,0.5,8.0,7.5,157,0.1592356687898089,155,162,0.9567901234567902,27,0.2962962962962963,23,27,0.8518518518518519,0.5,2.0,6.5,1,False,,460,196952,69550,1|2|3|4,478,81,0.9506172839506172,83,0.9634146341463414,11,11,13,12,12,14,164,163,113,27,27,17,True,True,True,False,0.1592|0.1987|0.2658|0.4013|0.5355|0.6500|0.7702|0.8323|0.8509|0.8944|0.9068|0.9321|0.9264|0.9371|0.9437|0.9568|0.9441
0021500161,11.17.2015.MIN.at.MIA,4.5,AMBIGUOUS_LEAD,CALIBRATED,HOLDOUT_PASS,MATERIALLY_DRIFTING,True,UNIQUE,4.5,6.5,0.9696969696969696,2.5,7.0,4.5,161,0.3291925465838509,161,166,0.9698795180722892,29,0.4827586206896552,29,30,0.9666666666666668,1.5,3.0,4.5,2,False,,528,203306,66264,1|2|3|4,557,98,0.967741935483871,78,0.9861111111111112,12,8,11,17,17,18,176,168,79,30,26,11,True,True,True,False,0.3292|0.4323|0.5839|0.7233|0.8494|0.9030|0.9107|0.9405|0.9405|0.9699|0.9578|0.9576|0.9512|0.9697|0.9639|0.9455|0.9444
0021500162,11.17.2015.CHA.at.NYK,6.5,DRIFTING_LEAD,CALIBRATED,HOLDOUT_PASS,MATERIALLY_DRIFTING,False,UNIQUE,6.5,7.0,0.9705882352941176,3.5,6.5,3.0,156,0.2692307692307692,166,170,0.976470588235294,15,0.2666666666666666,14,16,0.875,1.0,3.0,4.0,3,False,,465,223557,72365,1|2|3|4,486,91,0.9777777777777776,80,0.9873417721518988,8,8,10,6,7,7,171,171,159,17,17,15,True,True,True,False,0.2692|0.3947|0.5769|0.7546|0.8667|0.9091|0.9401|0.9467|0.9641|0.9588|0.9532|0.9532|0.9532|0.9765|0.9706|0.9581|0.9583
0021500163,11.17.2015.DEN.at.NOP,5.0,AMBIGUOUS_LEAD,CALIBRATED,HOLDOUT_PASS,ADEQUATE,True,TIE_2_SMALLEST_CHOSEN,5.0|6.0,6.0,0.9873417721518988,1.0,6.0,5.0,157,0.267515923566879,156,158,0.9873417721518988,22,0.6363636363636364,20,22,0.9090909090909092,3.0,4.0,4.0,3,False,,402,193919,67387,1|2|3|4,421,89,1.0,79,0.9866666666666668,11,9,13,9,9,9,168,161,63,22,22,8,True,True,True,False,0.2675|0.3439|0.4581|0.6289|0.8250|0.9062|0.9308|0.9623|0.9811|0.9809|0.9873|0.9873|0.9873|0.9872|0.9871|0.9679|0.9551
0021500164,11.17.2015.TOR.at.GSW,4.5,AMBIGUOUS_LEAD,CALIBRATED,HOLDOUT_PASS,ADEQUATE,True,UNIQUE,4.5,5.5,0.9245283018867924,0.0,4.5,4.5,149,0.2684563758389262,148,159,0.9308176100628932,38,0.5526315789473685,36,37,0.972972972972973,1.0,2.5,4.5,3,False,,490,223463,72560,1|2|3|4,515,87,0.942528735632184,72,0.9166666666666666,12,12,13,24,24,24,159,159,154,38,38,37,True,True,True,False,0.2685|0.3533|0.4968|0.6282|0.7452|0.8038|0.8481|0.8797|0.8994|0.9308|0.9241|0.9245|0.9119|0.9177|0.8790|0.8599|0.8671
0021500165,11.18.2015.BKN.at.CHA,6.5,HOLDOUT_FAIL,CALIBRATED,HOLDOUT_FAIL,ADEQUATE,False,UNIQUE,6.5,4.0,0.95906432748538,0.0,6.5,6.5,167,0.2395209580838323,166,169,0.9822485207100592,23,0.4347826086956521,19,24,0.7916666666666666,0.5,0.5,6.5,1,False,,480,225853,71776,1|2|3|4,498,87,0.9770114942528736,84,0.9878048780487804,10,10,12,9,9,12,171,171,143,24,24,17,True,True,True,False,0.2395|0.3602|0.5370|0.7365|0.8452|0.9235|0.9353|0.9532|0.9591|0.9591|0.9532|0.9591|0.9591|0.9822|0.9591|0.9532|0.9294
0021500166,11.18.2015.MIN.at.ORL,5.0,CLOCK_CALIBRATION_VALIDATED,CALIBRATED,HOLDOUT_PASS,ADEQUATE,False,UNIQUE,5.0,5.5,0.9444444444444444,1.0,6.0,5.0,163,0.3006134969325153,155,162,0.9567901234567902,17,0.5294117647058824,17,18,0.9444444444444444,0.5,1.5,5.0,1,False,,544,215713,65938,1|2|3|4|5,567,98,0.9655172413793104,77,0.953846153846154,5,4,5,12,12,13,195,157,0,23,17,0,False,False,False,False,0.3006|0.3774|0.5127|0.6584|0.8199|0.8970|0.9268|0.9333|0.9264|0.9329|0.9568|0.9444|0.9387|0.9207|0.9000|0.8938|0.9074
0021500167,11.18.2015.IND.at.PHI,3.5,AMBIGUOUS_LEAD,CALIBRATED,HOLDOUT_PASS,ADEQUATE,True,UNIQUE,3.5,4.5,0.9818181818181818,0.0,3.5,3.5,157,0.4267515923566879,163,166,0.9819277108433736,43,0.3953488372093023,40,44,0.9090909090909092,1.0,4.0,1.5,3,False,,474,204834,67564,1|2|3|4,504,87,0.9770114942528736,81,0.9873417721518988,24,24,24,16,16,20,168,157,64,47,44,14,True,True,True,False,0.4268|0.7006|0.8780|0.9636|0.9699|0.9697|0.9636|0.9819|0.9756|0.9818|0.9636|0.9571|0.9259|0.9068|0.8688|0.8302|0.7862
0021500168,11.18.2015.DAL.at.BOS,5.5,HOLDOUT_FAIL,CALIBRATED,HOLDOUT_FAIL,MATERIALLY_DRIFTING,True,UNIQUE,5.5,2.5,0.968944099378882,3.0,5.5,2.5,154,0.4025974025974026,158,163,0.9693251533742332,31,0.5483870967741935,24,31,0.7741935483870968,1.5,4.0,2.5,4,False,,506,228720,71020,1|2|3|4,535,85,1.0,79,0.9620253164556962,9,9,12,15,17,19,164,164,144,31,31,17,True,True,True,False,0.4026|0.6387|0.8354|0.9187|0.9441|0.9689|0.9509|0.9571|0.9568|0.9632|0.9573|0.9693|0.9571|0.9451|0.9383|0.9198|0.8957
0021500169,11.18.2015.SAC.at.ATL,3.5,CLOCK_CALIBRATION_VALIDATED,CALIBRATED,HOLDOUT_PASS,ADEQUATE,False,UNIQUE,3.5,4.0,0.9818181818181818,2.0,5.0,3.0,169,0.301775147928994,164,167,0.9820359281437124,29,0.4137931034482758,28,30,0.9333333333333332,1.5,2.5,3.0,2,False,,469,220766,67343,1|2|3|4,489,86,1.0,89,0.976470588235294,15,16,17,13,13,13,175,167,22,31,29,3,True,True,True,False,0.3018|0.4024|0.6012|0.7633|0.8631|0.9464|0.9702|0.9820|0.9818|0.9759|0.9816|0.9573|0.9573|0.9207|0.9024|0.9024|0.8902
0021500170,11.18.2015.POR.at.HOU,4.0,CLOCK_CALIBRATION_VALIDATED,CALIBRATED,HOLDOUT_PASS,ADEQUATE,False,UNIQUE,4.0,4.5,0.9629629629629628,0.0,4.0,4.0,157,0.3121019108280254,159,164,0.9695121951219512,30,0.3333333333333333,28,31,0.9032258064516128,0.5,3.0,3.0,2,False,,543,217459,69888,1|2|3|4|5,574,82,0.9736842105263158,83,0.9733333333333334,14,14,15,11,11,13,180,156,6,36,30,2,False,False,False,False,0.3121|0.4570|0.7308|0.8688|0.9321|0.9394|0.9573|0.9515|0.9695|0.9630|0.9630|0.9568|0.9387|0.9264|0.9317|0.9114|0.9057
0021500171,11.18.2015.NOP.at.OKC,4.5,AMBIGUOUS_LEAD,CALIBRATED,HOLDOUT_PASS,ADEQUATE,True,UNIQUE,4.5,2.5,0.9772727272727272,0.5,2.5,3.0,169,0.3846153846153846,173,177,0.9774011299435028,24,0.4166666666666667,23,23,1.0,1.5,3.5,2.0,2,False,,472,269569,70519,1|2|3|4,492,92,0.9775280898876404,88,0.9886363636363636,14,15,16,9,9,9,180,178,173,25,25,24,True,True,True,False,0.3846|0.5808|0.8324|0.9205|0.9607|0.9773|0.9721|0.9665|0.9663|0.9774|0.9607|0.9548|0.9494|0.9326|0.9213|0.9096|0.8870
0021500172,11.18.2015.DEN.at.SAS,3.5,AMBIGUOUS_LEAD,CALIBRATED,HOLDOUT_PASS,ADEQUATE,True,UNIQUE,3.5,4.5,0.9879518072289156,0.0,3.5,3.5,166,0.253012048192771,164,165,0.993939393939394,15,0.1333333333333333,15,15,1.0,1.5,3.0,3.0,2,False,,452,181387,63498,1|2|3|4,476,93,0.9882352941176472,91,1.0,7,7,7,8,8,8,184,174,35,16,16,1,True,True,True,False,0.2530|0.3713|0.5939|0.7692|0.9080|0.9691|0.9816|0.9939|0.9879|0.9880|0.9818|0.9817|0.9695|0.9693|0.9632|0.9512|0.9202
0021500173,11.18.2015.TOR.at.UTA,6.0,HOLDOUT_FAIL,CALIBRATED,HOLDOUT_FAIL,MATERIALLY_DRIFTING,False,UNIQUE,6.0,5.5,0.9662162162162162,2.5,4.0,6.5,143,0.2797202797202797,144,149,0.9664429530201344,30,0.3333333333333333,21,28,0.75,2.0,3.5,4.0,2,False,,440,200415,71119,1|2|3|4,465,79,0.9615384615384616,73,0.9722222222222222,12,14,15,9,9,14,152,150,103,31,31,16,True,True,True,False,0.2797|0.3212|0.5455|0.7153|0.8435|0.9400|0.9400|0.9333|0.9600|0.9600|0.9595|0.9662|0.9664|0.9597|0.9521|0.9122|0.8867
0021500174,11.18.2015.CHI.at.PHX,4.5,AMBIGUOUS_LEAD,CALIBRATED,HOLDOUT_PASS,ADEQUATE,True,UNIQUE,4.5,5.5,0.967741935483871,0.5,5.0,4.5,152,0.2368421052631578,152,157,0.9681528662420382,27,0.3333333333333333,26,27,0.9629629629629628,2.0,2.5,4.0,2,False,,454,184266,64170,1|2|3|4,471,83,0.9736842105263158,91,0.9634146341463414,15,15,15,11,11,12,174,158,19,31,28,3,True,True,True,False,0.2368|0.3673|0.5556|0.7434|0.8481|0.8931|0.9177|0.9371|0.9620|0.9682|0.9618|0.9677|0.9484|0.9299|0.9161|0.8896|0.8562
0021500175,11.19.2015.SAC.at.MIA,5.0,AMBIGUOUS_LEAD,CALIBRATED,HOLDOUT_PASS,ADEQUATE,True,UNIQUE,5.0,6.0,0.9700598802395208,0.5,3.5,3.0,164,0.274390243902439,164,169,0.970414201183432,25,0.36,22,25,0.88,2.0,3.5,3.0,3,False,,472,226234,67769,1|2|3|4,496,86,1.0,87,0.9534883720930232,9,8,10,13,15,15,173,163,77,25,25,13,True,True,True,False,0.2744|0.3855|0.4790|0.6805|0.8284|0.9172|0.9591|0.9649|0.9649|0.9586|0.9704|0.9641|0.9701|0.9458|0.9268|0.9136|0.8902
0021500176,11.19.2015.MIL.at.CLE,7.0,CLOCK_CALIBRATION_VALIDATED,CALIBRATED,HOLDOUT_PASS,ADEQUATE,False,UNIQUE,7.0,6.0,0.9739130434782608,1.5,4.0,5.5,118,0.2288135593220339,112,113,0.991150442477876,23,0.4782608695652174,22,25,0.88,0.5,1.5,6.0,2,False,,431,153190,58272,1|2|3|4,439,77,0.9846153846153848,67,1.0,10,10,11,12,13,13,144,122,0,28,25,0,True,True,True,False,0.2288|0.2393|0.3596|0.4957|0.6000|0.7168|0.8051|0.8803|0.9655|0.9576|0.9661|0.9658|0.9739|0.9739|0.9912|0.9391|0.9217
0021500177,11.19.2015.GSW.at.LAC,6.5,CLOCK_CALIBRATION_VALIDATED,CALIBRATED,HOLDOUT_PASS,ADEQUATE,False,UNIQUE,6.5,6.0,0.9612903225806452,1.0,5.0,6.0,154,0.2142857142857142,148,153,0.9673202614379084,26,0.3461538461538461,23,28,0.8214285714285714,1.0,2.5,5.0,1,False,,473,220862,68857,1|2|3|4,485,82,0.9746835443037974,79,0.96,12,12,14,11,12,13,161,159,65,29,27,6,True,True,True,False,0.2143|0.2467|0.3356|0.4641|0.6369|0.7197|0.8101|0.8590|0.8917|0.9167|0.9481|0.9548|0.9613|0.9673|0.9545|0.9412|0.9079
0021500178,11.20.2015.PHI.at.CHA,4.5,CLOCK_CALIBRATION_VALIDATED,CALIBRATED,HOLDOUT_PASS,ADEQUATE,False,TIE_2_SMALLEST_CHOSEN,4.5|5.0,5.0,0.99375,0.5,4.5,4.0,158,0.2088607594936709,159,160,0.99375,28,0.5,26,28,0.9285714285714286,1.5,4.0,3.5,2,False,,447,223660,71745,1|2|3|4,470,85,0.9882352941176472,75,1.0,11,11,12,15,15,16,160,160,159,28,28,27,True,True,True,False,0.2089|0.3636|0.5359|0.7244|0.8896|0.9623|0.9625|0.9748|0.9874|0.9938|0.9938|0.9875|0.9812|0.9686|0.9748|0.9748|0.9563
0021500179,11.20.2015.BKN.at.BOS,4.5,DRIFTING_LEAD,CALIBRATED,HOLDOUT_PASS,MATERIALLY_DRIFTING,False,UNIQUE,4.5,4.0,0.9714285714285714,3.5,2.5,6.0,168,0.3035714285714285,169,173,0.976878612716763,35,0.4857142857142857,30,34,0.8823529411764706,1.0,1.5,3.5,1,False,,441,205766,71161,1|2|3|4,466,90,0.9777777777777776,86,0.988095238095238,16,16,17,14,12,18,176,176,157,35,35,29,True,True,True,False,0.3036|0.4878|0.7059|0.8629|0.8920|0.9318|0.9489|0.9600|0.9714|0.9769|0.9540|0.9483|0.9422|0.9371|0.9091|0.8864|0.8563
0021500180,11.20.2015.HOU.at.MEM,4.0,CLOCK_CALIBRATION_VALIDATED,CALIBRATED,HOLDOUT_PASS,ADEQUATE,False,UNIQUE,4.0,4.5,0.986842105263158,0.5,4.0,3.5,148,0.277027027027027,152,154,0.987012987012987,33,0.303030303030303,29,32,0.90625,2.0,2.0,3.5,1,False,,496,204470,68616,1|2|3|4,531,84,0.9878048780487804,75,0.9863013698630136,11,11,12,18,19,20,159,155,78,34,33,10,True,True,True,False,0.2770|0.4859|0.6923|0.8618|0.9427|0.9554|0.9618|0.9806|0.9870|0.9868|0.9805|0.9548|0.9477|0.9477|0.9412|0.9145|0.9085
0021500181,11.20.2015.DET.at.MIN,5.5,DRIFTING_LEAD,CALIBRATED,HOLDOUT_PASS,MATERIALLY_DRIFTING,False,UNIQUE,5.5,5.0,0.974025974025974,2.5,5.0,2.5,150,0.32,151,155,0.9741935483870968,29,0.4827586206896552,26,30,0.8666666666666667,3.0,4.5,2.0,2,False,,449,198344,66823,1|2|3|4,472,81,0.972972972972973,83,1.0,17,17,18,9,10,12,164,155,8,31,29,0,True,True,True,False,0.3200|0.5497|0.7987|0.9211|0.9548|0.9739|0.9679|0.9610|0.9474|0.9737|0.9740|0.9742|0.9677|0.9613|0.9481|0.9484|0.9226
0021500182,11.20.2015.SAS.at.NOP,5.5,CLOCK_CALIBRATION_VALIDATED,CALIBRATED,HOLDOUT_PASS,ADEQUATE,False,UNIQUE,5.5,6.0,0.9875,0.0,5.5,5.5,161,0.1304347826086956,159,159,1.0,16,0.3125,15,17,0.8823529411764706,0.5,2.0,5.0,1,False,,435,179298,66537,1|2|3|4,447,83,1.0,89,1.0,9,9,10,6,6,7,172,156,3,17,17,2,True,True,True,False,0.1304|0.1925|0.3397|0.5669|0.7564|0.8526|0.9304|0.9313|0.9371|0.9688|0.9811|1.0000|0.9875|0.9815|0.9691|0.9691|0.9688
0021500183,11.20.2015.NYK.at.OKC,3.5,CLOCK_CALIBRATION_VALIDATED,CALIBRATED,HOLDOUT_PASS,ADEQUATE,False,TIE_2_SMALLEST_CHOSEN,3.5|4.0,4.0,0.9817073170731708,0.5,4.0,3.5,146,0.3904109589041096,161,164,0.9817073170731708,33,0.4242424242424242,28,34,0.8235294117647058,1.5,3.0,2.0,1,False,,468,217878,71581,1|2|3|4,493,87,1.0,77,0.974025974025974,9,9,13,19,19,21,164,164,121,34,34,24,False,False,False,False,0.3904|0.6486|0.8671|0.9441|0.9630|0.9753|0.9816|0.9817|0.9817|0.9691|0.9512|0.9509|0.9509|0.9207|0.9085|0.8902|0.8902
0021500184,11.20.2015.UTA.at.DAL,5.0,AMBIGUOUS_LEAD,CALIBRATED,HOLDOUT_PASS,ADEQUATE,True,UNIQUE,5.0,3.0,0.9849624060150376,2.0,5.0,3.0,132,0.4015151515151515,131,132,0.9924242424242424,20,0.4,20,21,0.9523809523809524,2.0,3.5,2.0,2,False,,440,164531,56758,1|2|3|4,455,81,0.984375,82,1.0,7,7,7,13,15,15,163,134,0,25,21,0,True,True,True,False,0.4015|0.5276|0.7661|0.9385|0.9769|0.9778|0.9850|0.9850|0.9776|0.9850|0.9924|0.9699|0.9167|0.9219|0.9154|0.8837|0.8750
0021500185,11.20.2015.PHX.at.DEN,5.0,CLOCK_CALIBRATION_VALIDATED,CALIBRATED,HOLDOUT_PASS,ADEQUATE,False,UNIQUE,5.0,4.5,0.95625,1.0,5.5,4.5,163,0.294478527607362,153,159,0.9622641509433962,30,0.4333333333333333,24,30,0.8,1.5,1.5,4.5,1,False,,483,232420,67812,1|2|3|4,495,84,0.9506172839506172,85,0.9746835443037974,14,13,17,10,11,13,169,158,48,30,29,6,False,False,False,False,0.2945|0.3822|0.4968|0.6582|0.7610|0.8075|0.8805|0.9057|0.9250|0.9563|0.9623|0.9560|0.9375|0.9317|0.9245|0.9006|0.8812
0021500186,11.20.2015.LAC.at.POR,4.5,AMBIGUOUS_LEAD,CALIBRATED,HOLDOUT_PASS,ADEQUATE,True,TIE_3_SMALLEST_CHOSEN,4.5|6.0|7.0,6.0,0.9751552795031057,1.0,4.5,3.5,159,0.2327044025157232,157,161,0.9751552795031057,26,0.4230769230769231,22,24,0.9166666666666666,3.0,4.5,3.5,3,False,,475,227554,66740,1|2|3|4,497,91,0.9761904761904762,85,0.974025974025974,9,9,11,13,14,14,176,167,43,27,25,1,True,True,True,False,0.2327|0.3203|0.5329|0.7688|0.8944|0.9136|0.9441|0.9625|0.9689|0.9752|0.9689|0.9627|0.9752|0.9691|0.9752|0.9627|0.9503
0021500187,11.20.2015.CHI.at.GSW,6.5,CLOCK_CALIBRATION_VALIDATED,CALIBRATED,HOLDOUT_PASS,ADEQUATE,False,UNIQUE,6.5,5.0,0.9520958083832336,2.0,6.5,4.5,163,0.3067484662576687,160,167,0.9580838323353292,27,0.4444444444444444,23,26,0.8846153846153846,1.0,4.0,3.5,3,False,,451,220018,71989,1|2|3|4,473,88,0.9772727272727272,79,0.9493670886075948,7,7,9,16,16,18,167,166,159,27,27,25,True,True,True,False,0.3067|0.4494|0.5671|0.7152|0.7988|0.8537|0.9212|0.9518|0.9341|0.9518|0.9521|0.9341|0.9401|0.9581|0.9461|0.9398|0.9398
0021500188,11.20.2015.TOR.at.LAL,4.5,CLOCK_CALIBRATION_VALIDATED,CALIBRATED,HOLDOUT_PASS,ADEQUATE,False,TIE_3_SMALLEST_CHOSEN,4.5|5.0|6.0,5.0,0.9602649006622516,0.5,5.0,4.5,151,0.2185430463576159,145,151,0.9602649006622516,27,0.5185185185185185,23,25,0.92,1.5,2.5,4.5,2,False,,420,206046,68738,1|2|3|4,440,83,0.9625,72,0.971830985915493,13,13,15,10,10,10,155,147,36,27,24,3,True,True,True,False,0.2185|0.2297|0.2973|0.3919|0.5600|0.7047|0.8355|0.8933|0.9400|0.9603|0.9603|0.9470|0.9603|0.9459|0.9000|0.8986|0.8725
0021500189,11.21.2015.SAC.at.ORL,4.5,CLOCK_CALIBRATION_VALIDATED,CALIBRATED,HOLDOUT_PASS,ADEQUATE,False,UNIQUE,4.5,5.0,0.9883720930232558,1.5,4.5,3.0,162,0.4012345679012346,172,173,0.9942196531791908,31,0.3870967741935484,29,31,0.935483870967742,0.5,2.5,3.0,2,False,,471,217762,71884,1|2|3|4,499,91,0.989010989010989,82,1.0,14,14,14,15,15,17,173,173,162,31,31,23,False,False,False,False,0.4012|0.5875|0.8107|0.9017|0.9535|0.9593|0.9767|0.9827|0.9827|0.9942|0.9884|0.9593|0.9477|0.9477|0.9017|0.8882|0.8698
0021500190,11.21.2015.MIL.at.IND,3.5,AMBIGUOUS_LEAD,CALIBRATED,HOLDOUT_PASS,ADEQUATE,True,TIE_2_SMALLEST_CHOSEN,3.5|4.5,4.5,0.993939393939394,1.5,3.0,4.5,154,0.2857142857142857,164,165,0.993939393939394,33,0.3333333333333333,33,35,0.9428571428571428,2.0,2.5,3.0,2,False,,444,200177,68398,1|2|3|4,474,93,1.0,77,1.0,16,15,18,17,17,17,170,163,56,37,35,6,True,True,True,False,0.2857|0.4805|0.7195|0.8720|0.9448|0.9697|0.9818|0.9939|0.9879|0.9939|0.9939|0.9699|0.9571|0.9325|0.9068|0.8868|0.8688
0021500191,11.21.2015.ATL.at.CLE,4.0,CLOCK_CALIBRATION_VALIDATED,CALIBRATED,HOLDOUT_PASS,ADEQUATE,False,UNIQUE,4.0,6.0,0.9682539682539684,2.0,6.0,4.0,133,0.2556390977443609,126,129,0.9767441860465116,21,0.3809523809523809,20,21,0.9523809523809524,0.5,2.0,4.0,2,False,,467,157250,55060,1|2|3|4,491,87,0.984126984126984,84,0.9838709677419356,10,11,11,10,10,11,171,139,0,26,24,0,True,True,True,False,0.2556|0.3233|0.4318|0.5504|0.7422|0.8550|0.9242|0.9466|0.9767|0.9606|0.9603|0.9524|0.9683|0.9062|0.8984|0.8984|0.9055
0021500192,11.21.2015.WAS.at.DET,7.0,CLOCK_CALIBRATION_VALIDATED,CALIBRATED,HOLDOUT_PASS,ADEQUATE,False,UNIQUE,7.0,7.5,0.96,0.5,7.0,7.5,151,0.2317880794701986,145,150,0.9666666666666668,22,0.4545454545454545,21,24,0.875,1.0,3.5,5.0,2,False,,432,176786,67834,1|2|3|4,441,85,0.9753086419753086,72,0.9710144927536232,8,8,8,13,13,16,157,153,67,24,24,10,False,False,False,False,0.2318|0.2603|0.2857|0.3716|0.5139|0.6370|0.7285|0.8278|0.8867|0.9054|0.9470|0.9536|0.9530|0.9533|0.9667|0.9600|0.9539
0021500193,11.21.2015.PHI.at.MIA,4.0,CLOCK_CALIBRATION_VALIDATED,CALIBRATED,HOLDOUT_PASS,ADEQUATE,False,UNIQUE,4.0,4.5,0.9583333333333334,0.0,4.0,4.0,142,0.323943661971831,139,143,0.972027972027972,31,0.5483870967741935,29,31,0.935483870967742,0.5,1.0,4.0,1,False,,513,243556,66908,1|2|3|4,548,82,0.9487179487179488,69,1.0,17,17,18,12,12,13,151,142,58,32,29,8,False,False,False,False,0.3239|0.5255|0.6403|0.7622|0.8542|0.9236|0.9379|0.9507|0.9720|0.9583|0.9441|0.9366|0.9220|0.9220|0.9214|0.9078|0.9078
0021500194,11.21.2015.NYK.at.HOU,4.0,CLOCK_CALIBRATION_VALIDATED,CALIBRATED,HOLDOUT_PASS,ADEQUATE,False,UNIQUE,4.0,4.5,0.9772727272727272,1.5,3.0,4.5,132,0.3409090909090909,126,128,0.984375,20,0.45,19,20,0.95,1.0,2.0,3.0,2,False,,498,180368,59032,1|2|3|4,519,81,1.0,80,0.9672131147540984,10,10,10,9,9,10,161,135,4,23,22,0,True,True,True,False,0.3409|0.4688|0.6769|0.8731|0.9403|0.9549|0.9695|0.9695|0.9844|0.9773|0.9545|0.9462|0.9462|0.9380|0.9370|0.9302|0.9225
0021500195,11.21.2015.MEM.at.SAS,4.0,CLOCK_CALIBRATION_VALIDATED,CALIBRATED,HOLDOUT_PASS,ADEQUATE,False,UNIQUE,4.0,3.5,0.9777777777777776,0.5,4.0,3.5,135,0.2518518518518518,132,134,0.9850746268656716,28,0.2142857142857142,25,27,0.925925925925926,1.5,1.5,3.0,1,False,,422,207744,63805,1|2|3|4,447,77,1.0,69,0.9696969696969696,11,11,12,14,14,15,146,125,1,33,28,0,True,True,True,False,0.2519|0.3636|0.5512|0.7293|0.9323|0.9549|0.9776|0.9778|0.9851|0.9627|0.9474|0.9403|0.9474|0.9167|0.9167|0.8955|0.8872
0021500196,11.22.2015.TOR.at.LAC,5.5,AMBIGUOUS_LEAD,CALIBRATED,HOLDOUT_PASS,ADEQUATE,True,UNIQUE,5.5,4.5,0.9470198675496688,1.5,5.5,4.0,148,0.2432432432432432,144,152,0.9473684210526316,32,0.46875,31,33,0.9393939393939394,1.0,4.0,4.0,3,False,,464,254046,71949,1|2|3|4,490,75,0.9866666666666668,77,0.948051948051948,16,16,16,15,16,16,152,152,150,33,33,32,True,True,True,False,0.2432|0.2500|0.3241|0.4375|0.5753|0.7415|0.8299|0.8609|0.9276|0.9470|0.9276|0.9474|0.9333|0.9333|0.9267|0.9404|0.9338
0021500197,11.22.2015.BOS.at.BKN,4.5,CLOCK_CALIBRATION_VALIDATED,CALIBRATED,HOLDOUT_PASS,ADEQUATE,False,UNIQUE,4.5,4.0,0.9751552795031057,2.0,4.5,2.5,148,0.3581081081081081,158,161,0.9813664596273292,30,0.3333333333333333,28,29,0.9655172413793104,1.0,1.0,4.0,1,False,,470,224752,72159,1|2|3|4,496,85,0.9882352941176472,76,0.9736842105263158,15,15,15,13,12,14,161,161,160,31,30,28,False,False,False,False,0.3581|0.5290|0.7161|0.8176|0.9193|0.9563|0.9565|0.9565|0.9752|0.9814|0.9565|0.9317|0.9317|0.9068|0.9068|0.9068|0.8994
0021500198,11.22.2015.PHX.at.NOP,2.5,CLOCK_CALIBRATION_VALIDATED,CALIBRATED,HOLDOUT_PASS,ADEQUATE,False,UNIQUE,2.5,3.0,0.9771428571428572,0.5,2.5,3.0,165,0.4121212121212121,171,174,0.9827586206896552,29,0.4137931034482758,28,29,0.9655172413793104,1.0,2.5,2.0,1,False,,524,219836,71574,1|2|3|4,548,86,1.0,89,0.9662921348314608,13,13,14,15,15,15,175,175,173,29,29,29,True,True,True,False,0.4121|0.6303|0.8588|0.9419|0.9713|0.9828|0.9771|0.9713|0.9711|0.9543|0.9540|0.9368|0.9429|0.9429|0.9029|0.8857|0.8629
0021500199,11.22.2015.DAL.at.OKC,3.0,AMBIGUOUS_LEAD,CALIBRATED,HOLDOUT_PASS,ADEQUATE,True,UNIQUE,3.0,4.0,0.994186046511628,0.5,2.5,3.0,161,0.4037267080745341,172,173,0.9942196531791908,32,0.59375,31,32,0.96875,2.0,3.0,2.0,2,False,,477,224683,71875,1|2|3|4,502,90,1.0,83,1.0,17,17,18,14,14,14,173,173,171,33,33,32,True,True,True,False,0.4037|0.6506|0.8353|0.9415|0.9766|0.9941|0.9942|0.9884|0.9942|0.9827|0.9653|0.9593|0.9480|0.9302|0.9128|0.8953|0.8953
0021500200,11.22.2015.GSW.at.DEN,5.5,AMBIGUOUS_LEAD,CALIBRATED,HOLDOUT_PASS,ADEQUATE,True,UNIQUE,5.5,4.0,0.9482758620689656,1.5,4.0,5.5,173,0.3121387283236994,166,174,0.9540229885057472,40,0.325,36,40,0.9,1.0,2.0,4.0,2,False,,483,257097,72339,1|2|3|4,508,89,0.9550561797752808,86,0.9647058823529412,17,17,20,19,19,20,175,175,166,40,40,38,True,True,True,False,0.3121|0.4104|0.5115|0.6243|0.7630|0.8488|0.8851|0.9310|0.9483|0.9371|0.9310|0.9540|0.9371|0.9253|0.9138|0.8914|0.8736
0021500201,11.22.2015.POR.at.LAL,4.0,CLOCK_CALIBRATION_VALIDATED,CALIBRATED,HOLDOUT_PASS,ADEQUATE,False,UNIQUE,4.0,4.5,0.8228571428571428,0.5,4.0,4.5,171,0.4678362573099415,144,174,0.8275862068965517,20,0.7,18,20,0.9,2.0,3.5,3.5,2,False,,445,196559,71898,1|2|3|4,466,94,0.7526881720430108,81,0.925925925925926,6,6,7,12,12,13,175,175,120,20,20,12,True,True,True,False,0.4678|0.5000|0.5476|0.6786|0.7647|0.7746|0.7803|0.8150|0.8276|0.8229|0.8171|0.8218|0.8218|0.8081|0.7816|0.7701|0.7586
0021500202,11.23.2015.SAC.at.CHA,4.0,CLOCK_CALIBRATION_VALIDATED,CALIBRATED,HOLDOUT_PASS,ADEQUATE,False,UNIQUE,4.0,3.5,0.9554455445544554,2.0,4.0,6.0,188,0.2978723404255319,195,202,0.9653465346534652,38,0.3947368421052631,37,39,0.9487179487179488,0.5,2.0,3.0,1,False,,520,235017,79080,1|2|3|4|5,556,87,0.9885057471264368,91,0.956043956043956,18,18,19,18,16,19,202,202,200,39,39,37,True,True,True,False,0.2979|0.4208|0.6031|0.7600|0.8557|0.9254|0.9502|0.9554|0.9653|0.9554|0.9406|0.9257|0.9353|0.9350|0.9040|0.8650|0.8700
0021500203,11.23.2015.ORL.at.CLE,5.5,DRIFTING_LEAD,CALIBRATED,HOLDOUT_PASS,MATERIALLY_DRIFTING,False,TIE_3_SMALLEST_CHOSEN,5.5|6.0|6.5,6.0,0.968944099378882,2.5,3.0,5.5,160,0.23125,156,161,0.968944099378882,20,0.45,19,20,0.95,2.5,3.5,4.0,2,False,,425,191020,70399,1|2|3|4,442,83,0.9759036144578314,79,0.9743589743589745,15,14,14,4,4,5,162,162,141,20,20,14,True,True,True,False,0.2313|0.3125|0.4258|0.5633|0.7296|0.8750|0.9255|0.9441|0.9503|0.9627|0.9627|0.9689|0.9689|0.9689|0.9565|0.9437|0.9255
0021500204,11.23.2015.NYK.at.MIA,5.0,CLOCK_CALIBRATION_VALIDATED,CALIBRATED,HOLDOUT_PASS,ADEQUATE,False,UNIQUE,5.0,4.5,0.994011976047904,1.0,4.0,5.0,162,0.3395061728395062,167,168,0.9940476190476192,20,0.15,17,20,0.85,1.0,1.5,4.0,1,False,,476,233949,71408,1|2|3|4,501,86,1.0,82,0.9878048780487804,9,8,10,8,8,10,168,168,162,20,20,19,False,False,False,False,0.3395|0.4329|0.6149|0.7805|0.8988|0.9461|0.9521|0.9702|0.9762|0.9940|0.9940|0.9643|0.9583|0.9524|0.9461|0.9337|0.9162
0021500205,11.23.2015.DET.at.MIL,5.5,CLOCK_CALIBRATION_VALIDATED,CALIBRATED,HOLDOUT_PASS,ADEQUATE,False,UNIQUE,5.5,4.5,0.9517241379310344,0.0,5.5,5.5,140,0.2642857142857143,141,146,0.9657534246575342,26,0.2692307692307692,25,26,0.9615384615384616,0.5,2.0,4.0,2,False,,458,181363,60301,1|2|3|4,483,93,0.9487179487179488,81,0.9852941176470588,10,10,10,15,15,16,174,141,1,29,25,0,True,True,True,False,0.2643|0.4380|0.6069|0.7793|0.8741|0.9155|0.9236|0.9441|0.9504|0.9517|0.9448|0.9658|0.9517|0.9241|0.9241|0.9172|0.9310
0021500206,11.23.2015.PHI.at.MIN,4.5,AMBIGUOUS_LEAD,CALIBRATED,HOLDOUT_PASS,ADEQUATE,True,UNIQUE,4.5,3.0,0.9805194805194806,1.0,3.0,4.0,145,0.3310344827586207,153,156,0.9807692307692308,36,0.4166666666666667,33,35,0.9428571428571428,2.5,4.0,2.0,2,False,,477,246240,71800,1|2|3|4,505,79,0.9746835443037974,77,0.987012987012987,19,19,19,14,15,17,156,156,150,36,36,35,True,True,True,False,0.3310|0.5704|0.8400|0.9281|0.9675|0.9804|0.9805|0.9804|0.9744|0.9808|0.9679|0.9615|0.9423|0.9487|0.9355|0.9286|0.8896
0021500207,11.23.2015.PHX.at.SAS,3.5,CLOCK_CALIBRATION_VALIDATED,CALIBRATED,HOLDOUT_PASS,ADEQUATE,False,UNIQUE,3.5,4.0,0.9215686274509804,1.0,3.5,2.5,149,0.3087248322147651,141,152,0.9276315789473684,47,0.3404255319148936,42,47,0.8936170212765957,1.0,2.5,2.5,1,False,,424,195521,69576,1|2|3|4,456,73,0.8904109589041096,82,0.9620253164556962,20,20,25,22,22,22,155,154,124,48,48,37,False,False,False,False,0.3087|0.4422|0.6370|0.7922|0.8882|0.9133|0.9139|0.9276|0.9216|0.9211|0.8954|0.8954|0.8824|0.8882|0.8816|0.8750|0.8627
0021500208,11.23.2015.OKC.at.UTA,3.5,CLOCK_CALIBRATION_VALIDATED,CALIBRATED,HOLDOUT_PASS,ADEQUATE,False,UNIQUE,3.5,4.0,0.9664429530201344,0.0,3.5,3.5,145,0.2551724137931034,147,149,0.9865771812080536,36,0.3055555555555556,37,37,1.0,0.5,0.5,3.5,1,False,,461,221741,72038,1|2|3|4,498,73,1.0,77,0.9736842105263158,20,20,20,17,17,17,150,150,147,37,37,36,True,True,True,False,0.2552|0.3643|0.5887|0.7603|0.8707|0.9195|0.9595|0.9866|0.9664|0.9595|0.9392|0.9533|0.9400|0.9267|0.9060|0.9048|0.8600
0021500209,11.24.2015.IND.at.WAS,4.0,CLOCK_CALIBRATION_VALIDATED,CALIBRATED,HOLDOUT_PASS,ADEQUATE,False,UNIQUE,4.0,3.5,0.9814814814814816,1.0,3.0,4.0,153,0.3333333333333333,160,162,0.9876543209876544,40,0.4,37,40,0.925,1.0,2.5,2.5,1,False,,455,213907,71932,1|2|3|4,472,84,1.0,79,1.0,22,23,24,15,15,17,163,163,159,41,41,40,True,True,True,False,0.3333|0.5629|0.8228|0.9317|0.9509|0.9691|0.9755|0.9815|0.9877|0.9693|0.9632|0.9506|0.9448|0.9444|0.9325|0.9080|0.8765
0021500210,11.24.2015.BOS.at.ATL,4.0,AMBIGUOUS_LEAD,CALIBRATED,HOLDOUT_PASS,ADEQUATE,True,TIE_2_SMALLEST_CHOSEN,4.0|5.0,5.0,0.9382716049382716,1.0,4.0,3.0,154,0.3311688311688311,152,162,0.9382716049382716,36,0.3611111111111111,34,36,0.9444444444444444,2.0,3.5,2.5,2,False,,472,221928,71271,1|2|3|4,497,84,0.9404761904761904,78,0.9487179487179488,20,20,21,14,14,15,162,162,150,36,36,33,False,False,False,False,0.3312|0.5128|0.6604|0.7950|0.8944|0.9187|0.9255|0.9379|0.9383|0.9313|0.9383|0.9321|0.9136|0.9136|0.9074|0.8827|0.8882
0021500211,11.24.2015.DAL.at.MEM,5.0,CLOCK_CALIBRATION_VALIDATED,CALIBRATED,HOLDOUT_PASS,ADEQUATE,False,UNIQUE,5.0,4.5,0.9876543209876544,1.0,6.0,5.0,155,0.2193548387096774,161,162,0.9938271604938272,28,0.4642857142857143,25,28,0.8928571428571429,1.0,2.5,4.0,1,False,,486,217766,71339,1|2|3|4,511,85,0.9882352941176472,78,1.0,13,12,14,12,12,14,163,163,153,28,28,23,True,True,True,False,0.2194|0.3907|0.6879|0.8438|0.9130|0.9448|0.9571|0.9693|0.9755|0.9877|0.9938|0.9753|0.9753|0.9568|0.9509|0.9259|0.9193
0021500212,11.24.2015.LAC.at.DEN,4.5,CLOCK_CALIBRATION_VALIDATED,CALIBRATED,HOLDOUT_PASS,ADEQUATE,False,UNIQUE,4.5,5.0,0.9808917197452228,0.0,4.5,4.5,155,0.2516129032258064,154,156,0.9871794871794872,22,0.3636363636363636,22,22,1.0,1.5,3.0,4.5,1,False,,514,248866,72537,1|2|3|4,524,85,0.9882352941176472,72,0.9859154929577464,10,10,10,12,12,12,157,157,156,23,23,23,True,True,True,False,0.2516|0.3630|0.5714|0.7237|0.8355|0.9097|0.9299|0.9359|0.9615|0.9872|0.9809|0.9809|0.9682|0.9682|0.9679|0.9610|0.9423
0021500213,11.24.2015.CHI.at.POR,5.5,AMBIGUOUS_LEAD,CALIBRATED,HOLDOUT_PASS,MATERIALLY_DRIFTING,True,UNIQUE,5.5,4.0,0.953757225433526,3.0,7.0,4.0,171,0.2163742690058479,165,172,0.9593023255813954,24,0.5,23,24,0.9583333333333334,2.0,3.5,3.5,3,False,,507,233779,71455,1|2|3|4,525,86,0.9767441860465116,88,0.942528735632184,13,12,14,10,10,10,174,173,164,24,24,20,True,True,True,False,0.2164|0.3030|0.4750|0.7041|0.8314|0.8596|0.9017|0.9422|0.9538|0.9535|0.9535|0.9593|0.9422|0.9360|0.9364|0.9480|0.9302
0021500214,11.24.2015.LAL.at.GSW,4.0,HOLDOUT_FAIL,CALIBRATED,HOLDOUT_FAIL,ADEQUATE,False,UNIQUE,4.0,4.5,0.9473684210526316,0.5,4.5,4.0,166,0.2409638554216867,163,171,0.953216374269006,22,0.3636363636363636,17,22,0.7727272727272727,0.5,1.5,4.0,2,False,,423,202984,71748,1|2|3|4,444,91,0.989010989010989,84,0.9382716049382716,6,5,7,11,11,14,175,172,170,22,22,21,True,True,True,False,0.2410|0.3374|0.5444|0.7160|0.7836|0.8655|0.9012|0.9294|0.9532|0.9474|0.9244|0.9357|0.9294|0.9235|0.9186|0.9128|0.8902
0021500215,11.25.2015.WAS.at.CHA,4.0,CLOCK_CALIBRATION_VALIDATED,CALIBRATED,HOLDOUT_PASS,ADEQUATE,False,UNIQUE,4.0,3.5,0.9763313609467456,0.5,4.0,3.5,157,0.3439490445859872,167,170,0.9823529411764704,33,0.4242424242424242,32,33,0.9696969696969696,0.5,2.5,2.5,2,False,,445,209216,71805,1|2|3|4,470,87,0.9770114942528736,83,1.0,12,12,13,20,19,20,170,170,166,33,33,30,True,True,True,False,0.3439|0.5478|0.7758|0.8929|0.9290|0.9643|0.9643|0.9763|0.9824|0.9645|0.9586|0.9527|0.9408|0.9405|0.9172|0.8882|0.8757
0021500216,11.25.2015.NYK.at.ORL,5.5,AMBIGUOUS_LEAD,CALIBRATED,HOLDOUT_PASS,ADEQUATE,True,UNIQUE,5.5,4.5,0.9874213836477987,2.0,3.5,5.5,155,0.4645161290322581,158,159,0.9937106918238994,17,0.5882352941176471,16,16,1.0,1.5,3.0,3.0,3,False,,493,218754,68730,1|2|3|4,506,90,1.0,79,0.9864864864864864,7,8,9,9,9,9,169,166,63,18,16,5,True,True,True,False,0.4645|0.6732|0.9080|0.9451|0.9455|0.9571|0.9755|0.9814|0.9812|0.9874|0.9874|0.9937|0.9684|0.9623|0.9686|0.9686|0.9308
0021500217,11.25.2015.PHI.at.BOS,4.0,CLOCK_CALIBRATION_VALIDATED,CALIBRATED,HOLDOUT_PASS,ADEQUATE,False,UNIQUE,4.0,3.5,0.9827586206896552,0.5,4.0,3.5,163,0.3374233128834356,172,174,0.9885057471264368,34,0.5294117647058824,30,34,0.8823529411764706,1.0,2.0,3.5,2,False,,491,240787,71922,1|2|3|4,525,90,0.9888888888888888,84,0.988095238095238,12,12,13,18,20,21,174,174,167,34,34,31,True,True,True,False,0.3374|0.5060|0.7326|0.8596|0.9310|0.9477|0.9653|0.9828|0.9885|0.9711|0.9653|0.9769|0.9595|0.9595|0.9306|0.8966|0.8966
0021500218,11.25.2015.MIA.at.DET,6.5,CLOCK_CALIBRATION_VALIDATED,CALIBRATED,HOLDOUT_PASS,ADEQUATE,False,UNIQUE,6.5,6.0,0.96045197740113,0.5,7.0,6.5,170,0.2352941176470588,171,176,0.9715909090909092,19,0.4736842105263157,17,20,0.85,0.5,2.0,5.5,1,False,,431,253247,71464,1|2|3|4,446,94,0.9574468085106383,83,0.9879518072289156,9,9,10,8,8,9,177,177,167,20,20,14,True,True,True,False,0.2353|0.2798|0.3450|0.4606|0.6190|0.7816|0.8571|0.9261|0.9257|0.9257|0.9483|0.9540|0.9605|0.9716|0.9605|0.9435|0.9153
0021500219,11.25.2015.CLE.at.TOR,5.0,CLOCK_CALIBRATION_VALIDATED,CALIBRATED,HOLDOUT_PASS,ADEQUATE,False,UNIQUE,5.0,4.5,0.9681528662420382,1.0,5.0,4.0,157,0.2356687898089172,152,156,0.9743589743589745,19,0.3157894736842105,17,19,0.8947368421052632,1.5,2.0,4.0,1,False,,426,209910,69530,1|2|3|4,441,84,0.9876543209876544,77,0.972972972972973,8,8,9,9,9,10,161,159,139,19,19,17,True,True,True,False,0.2357|0.2819|0.3946|0.5133|0.7597|0.8471|0.9051|0.9286|0.9679|0.9682|0.9744|0.9615|0.9487|0.9487|0.9236|0.9236|0.9172
0021500220,11.25.2015.MEM.at.HOU,3.5,CLOCK_CALIBRATION_VALIDATED,CALIBRATED,HOLDOUT_PASS,ADEQUATE,False,UNIQUE,3.5,3.0,0.9797297297297296,1.0,2.5,3.5,139,0.3884892086330935,146,148,0.9864864864864864,33,0.3939393939393939,35,36,0.9722222222222222,1.0,2.0,3.0,1,False,,433,184866,68054,1|2|3|4,463,87,1.0,64,0.9838709677419356,18,18,18,17,17,18,151,145,110,36,36,28,True,True,True,False,0.3885|0.5735|0.7483|0.8639|0.9320|0.9660|0.9797|0.9865|0.9730|0.9726|0.9310|0.9310|0.9116|0.8919|0.8784|0.8776|0.8581
0021500221,11.25.2015.SAC.at.MIL,4.5,CLOCK_CALIBRATION_VALIDATED,CALIBRATED,HOLDOUT_PASS,ADEQUATE,False,UNIQUE,4.5,4.0,0.9555555555555556,1.5,3.0,4.5,135,0.2666666666666666,130,135,0.9629629629629628,15,0.2,13,15,0.8666666666666667,1.0,3.5,3.0,2,False,,458,174897,58247,1|2|3|4,481,89,0.9714285714285714,76,0.953846153846154,7,6,8,6,6,7,165,121,0,19,15,0,False,False,False,False,0.2667|0.3893|0.5821|0.7481|0.8603|0.9338|0.9481|0.9481|0.9556|0.9630|0.9552|0.9549|0.9485|0.9118|0.9044|0.8963|0.8815
0021500222,11.25.2015.ATL.at.MIN,3.5,CLOCK_CALIBRATION_VALIDATED,CALIBRATED,HOLDOUT_PASS,ADEQUATE,False,UNIQUE,3.5,4.0,0.96875,1.5,2.0,3.5,152,0.3815789473684211,157,162,0.9691358024691358,25,0.24,22,25,0.88,1.0,4.5,2.0,3,False,,495,248420,71032,1|2|3|4,521,78,0.987012987012987,86,0.9647058823529412,16,16,17,6,6,8,164,164,147,25,25,19,True,True,True,False,0.3816|0.6234|0.8250|0.9317|0.9568|0.9571|0.9571|0.9691|0.9688|0.9625|0.9625|0.9371|0.9500|0.9503|0.9313|0.9250|0.9255
0021500223,11.25.2015.BKN.at.OKC,3.5,CLOCK_CALIBRATION_VALIDATED,CALIBRATED,HOLDOUT_PASS,ADEQUATE,False,TIE_2_SMALLEST_CHOSEN,3.5|4.0,4.0,0.994186046511628,0.0,3.0,3.0,162,0.4012345679012346,171,172,0.994186046511628,36,0.4444444444444444,35,36,0.9722222222222222,1.5,3.0,2.0,1,False,,428,200281,71777,1|2|3|4,457,89,0.9887640449438202,83,1.0,15,15,15,20,20,21,172,172,172,36,36,36,True,True,True,False,0.4012|0.6182|0.8274|0.9349|0.9766|0.9825|0.9942|0.9942|0.9942|0.9825|0.9708|0.9651|0.9532|0.9181|0.8889|0.8721|0.8538
0021500224,11.25.2015.DAL.at.SAS,4.0,CLOCK_CALIBRATION_VALIDATED,CALIBRATED,HOLDOUT_PASS,ADEQUATE,False,TIE_4_SMALLEST_CHOSEN,4.0|4.5|5.0|5.5,4.5,0.9746835443037974,1.5,5.5,4.0,159,0.2955974842767295,154,158,0.9746835443037974,25,0.44,22,24,0.9166666666666666,3.0,4.5,3.0,2,False,,444,197974,67317,1|2|3|4,456,87,0.988095238095238,77,0.9864864864864864,12,11,13,10,10,11,164,154,50,26,25,3,True,True,True,False,0.2956|0.4013|0.5769|0.7532|0.8625|0.9375|0.9688|0.9686|0.9747|0.9747|0.9747|0.9747|0.9682|0.9551|0.9548|0.9484|0.9290
0021500225,11.25.2015.NOP.at.PHX,4.0,CLOCK_CALIBRATION_VALIDATED,CALIBRATED,HOLDOUT_PASS,ADEQUATE,False,UNIQUE,4.0,4.5,0.970414201183432,0.0,4.0,4.0,160,0.34375,168,170,0.9882352941176472,22,0.3636363636363636,21,21,1.0,0.5,1.0,4.0,1,False,,508,177527,65503,1|2|3|4,526,89,0.9885057471264368,88,0.9879518072289156,11,11,11,10,10,10,177,169,103,24,22,11,False,False,False,False,0.3438|0.6039|0.8976|0.9527|0.9538|0.9593|0.9649|0.9649|0.9882|0.9704|0.9581|0.9578|0.9207|0.9130|0.8841|0.8712|0.8606
0021500226,11.25.2015.UTA.at.LAC,6.5,AMBIGUOUS_LEAD,CALIBRATED,HOLDOUT_PASS,ADEQUATE,True,TIE_2_SMALLEST_CHOSEN,6.5|7.5,7.5,0.9668874172185432,1.0,7.5,6.5,145,0.2275862068965517,146,151,0.9668874172185432,35,0.2857142857142857,34,35,0.9714285714285714,1.5,3.0,5.0,3,False,,449,253661,71805,1|2|3|4,478,85,0.9642857142857144,67,0.9850746268656716,14,13,14,20,20,20,152,151,140,35,35,30,False,False,False,False,0.2276|0.3425|0.4899|0.6358|0.7667|0.8224|0.8816|0.9073|0.9276|0.9342|0.9470|0.9470|0.9600|0.9669|0.9664|0.9669|0.9342
0021500227,11.27.2015.CLE.at.CHA,4.0,CLOCK_CALIBRATION_VALIDATED,CALIBRATED,HOLDOUT_PASS,ADEQUATE,False,UNIQUE,4.0,3.5,0.968944099378882,1.0,5.0,4.0,149,0.3020134228187919,157,161,0.9751552795031057,26,0.6153846153846154,27,27,1.0,3.0,5.0,2.5,2,False,,458,219074,71958,1|2|3|4,477,83,0.9759036144578314,78,0.9871794871794872,10,9,10,17,17,17,161,161,157,27,27,25,False,False,False,False,0.3020|0.5490|0.7643|0.8994|0.9371|0.9565|0.9565|0.9689|0.9752|0.9689|0.9689|0.9689|0.9689|0.9625|0.9565|0.9379|0.9500
0021500228,11.27.2015.MIL.at.ORL,3.0,CLOCK_CALIBRATION_VALIDATED,CALIBRATED,HOLDOUT_PASS,ADEQUATE,False,UNIQUE,3.0,2.5,0.9662162162162162,0.5,2.5,3.0,149,0.3422818791946309,143,147,0.9727891156462584,35,0.5714285714285714,36,37,0.972972972972973,1.5,1.5,2.5,1,False,,437,185347,66236,1|2|3|4,460,81,0.9605263157894736,75,0.9859154929577464,18,18,18,18,18,18,156,146,33,39,33,7,True,True,True,False,0.3423|0.5664|0.8231|0.9306|0.9324|0.9662|0.9728|0.9660|0.9521|0.9444|0.9301|0.9225|0.9155|0.8944|0.8750|0.8552|0.8552
0021500229,11.27.2015.WAS.at.BOS,4.0,CLOCK_CALIBRATION_VALIDATED,CALIBRATED,HOLDOUT_PASS,ADEQUATE,False,UNIQUE,4.0,5.0,0.9833333333333332,0.0,4.0,4.0,172,0.313953488372093,178,180,0.9888888888888888,35,0.4857142857142857,33,36,0.9166666666666666,0.5,2.5,3.5,2,False,,488,223998,71582,1|2|3|4,514,95,0.9789473684210528,86,1.0,15,15,15,18,18,21,181,181,178,37,37,35,True,True,True,False,0.3140|0.4514|0.6243|0.8000|0.9034|0.9162|0.9492|0.9722|0.9889|0.9778|0.9833|0.9721|0.9663|0.9605|0.9444|0.9167|0.8895
0021500230,11.27.2015.MIA.at.NYK,4.5,AMBIGUOUS_LEAD,CALIBRATED,HOLDOUT_PASS,ADEQUATE,True,UNIQUE,4.5,3.0,0.9875,1.5,4.5,3.0,158,0.4620253164556962,159,161,0.9875776397515528,22,0.5,21,22,0.9545454545454546,2.5,4.0,2.5,2,False,,450,227289,72235,1|2|3|4,466,81,1.0,80,0.9875,13,13,13,8,9,9,161,161,158,22,22,21,False,False,False,False,0.4620|0.7161|0.8987|0.9317|0.9623|0.9752|0.9875|0.9875|0.9875|0.9876|0.9875|0.9752|0.9688|0.9500|0.9308|0.9125|0.8882
0021500231,11.27.2015.CHI.at.IND,3.5,CLOCK_CALIBRATION_VALIDATED,CALIBRATED,HOLDOUT_PASS,ADEQUATE,False,UNIQUE,3.5,4.0,0.9657142857142856,0.5,3.5,3.0,159,0.2012578616352201,170,175,0.9714285714285714,27,0.2222222222222222,28,28,1.0,1.0,2.5,3.0,1,False,,487,201401,68888,1|2|3|4,510,95,0.9574468085106383,84,0.9876543209876544,14,14,14,14,14,14,179,162,34,28,23,3,True,True,True,False,0.2013|0.3602|0.5247|0.7586|0.8514|0.9029|0.9540|0.9714|0.9657|0.9598|0.9540|0.9422|0.9310|0.9306|0.9133|0.9075|0.9012
0021500232,11.27.2015.PHI.at.HOU,3.0,AMBIGUOUS_LEAD,CALIBRATED,HOLDOUT_PASS,ADEQUATE,True,UNIQUE,3.0,5.0,0.9727891156462584,2.0,4.5,2.5,145,0.2896551724137931,145,149,0.9731543624161074,31,0.3225806451612903,28,31,0.9032258064516128,1.5,4.0,2.5,3,False,,501,199915,66918,1|2|3|4,528,82,0.986842105263158,74,0.9722222222222222,15,15,16,13,13,15,156,151,84,34,30,11,True,True,True,False,0.2897|0.4173|0.6438|0.8389|0.9400|0.9664|0.9732|0.9527|0.9595|0.9662|0.9728|0.9592|0.9660|0.9595|0.9320|0.9128|0.9200
0021500233,11.27.2015.ATL.at.MEM,2.5,CLOCK_CALIBRATION_VALIDATED,CALIBRATED,HOLDOUT_PASS,ADEQUATE,False,TIE_2_SMALLEST_CHOSEN,2.5|3.0,3.0,0.9612903225806452,2.0,2.5,4.5,148,0.2432432432432432,149,155,0.9612903225806452,23,0.7391304347826086,22,23,0.9565217391304348,2.0,5.0,2.5,4,False,,450,225987,71099,1|2|3|4,460,81,0.9629629629629628,74,0.9863013698630136,12,12,13,10,10,10,155,152,136,23,23,18,True,True,True,False,0.2432|0.4366|0.6531|0.8487|0.9281|0.9613|0.9613|0.9545|0.9608|0.9608|0.9477|0.9481|0.9477|0.9542|0.9470|0.9412|0.9355
0021500234,11.27.2015.DET.at.OKC,4.5,CLOCK_CALIBRATION_VALIDATED,CALIBRATED,HOLDOUT_PASS,ADEQUATE,False,UNIQUE,4.5,4.0,0.994011976047904,1.0,4.0,3.0,154,0.3441558441558441,168,169,0.9940828402366864,26,0.6923076923076923,24,25,0.96,1.5,4.0,2.5,2,False,,458,221779,71931,1|2|3|4,476,84,1.0,85,1.0,13,13,13,11,13,13,169,169,169,26,26,26,True,True,True,False,0.3442|0.5617|0.7730|0.9146|0.9639|0.9821|0.9882|0.9881|0.9940|0.9941|0.9881|0.9881|0.9762|0.9641|0.9408|0.9172|0.8922
0021500235,11.27.2015.SAS.at.DEN,4.0,AMBIGUOUS_LEAD,CALIBRATED,HOLDOUT_PASS,ADEQUATE,True,TIE_2_SMALLEST_CHOSEN,4.0|5.0,5.0,0.9659863945578232,1.0,4.0,5.0,149,0.2751677852348993,142,147,0.9659863945578232,34,0.5,32,34,0.9411764705882352,1.5,1.5,4.0,2,False,,432,181675,68140,1|2|3|4,447,80,0.9487179487179488,72,0.9857142857142858,13,13,15,19,20,20,152,151,131,36,36,25,False,False,False,False,0.2752|0.3533|0.4694|0.6395|0.7517|0.8311|0.8912|0.9315|0.9660|0.9595|0.9660|0.9459|0.9379|0.9184|0.9252|0.9097|0.9091
0021500236,11.27.2015.GSW.at.PHX,3.0,CLOCK_CALIBRATION_VALIDATED,CALIBRATED,HOLDOUT_PASS,ADEQUATE,False,UNIQUE,3.0,3.5,0.9649122807017544,1.0,3.5,2.5,163,0.3374233128834356,166,171,0.9707602339181286,37,0.3243243243243243,36,36,1.0,1.5,3.5,2.0,1,False,,486,202305,69905,1|2|3|4,508,87,0.9883720930232558,86,0.976470588235294,20,19,20,16,16,16,173,169,79,37,33,10,True,True,True,False,0.3374|0.5741|0.8354|0.9112|0.9529|0.9647|0.9708|0.9649|0.9649|0.9532|0.9529|0.9349|0.9167|0.8929|0.8788|0.8494|0.8383
0021500237,11.27.2015.MIN.at.SAC,7.0,AMBIGUOUS_LEAD,CALIBRATED,HOLDOUT_PASS,MATERIALLY_DRIFTING,True,UNIQUE,7.0,4.5,0.9629629629629628,3.0,4.5,7.5,157,0.2292993630573248,156,161,0.968944099378882,32,0.65625,29,31,0.935483870967742,2.5,4.5,4.0,3,False,,433,209411,70762,1|2|3|4,446,81,0.9506172839506172,82,0.9878048780487804,15,18,18,14,13,13,163,161,85,32,31,15,True,True,True,False,0.2293|0.3057|0.5033|0.6667|0.7673|0.8625|0.9193|0.9321|0.9506|0.9630|0.9568|0.9627|0.9625|0.9627|0.9689|0.9630|0.9565
0021500239,11.28.2015.TOR.at.WAS,5.5,AMBIGUOUS_LEAD,CALIBRATED,HOLDOUT_PASS,MATERIALLY_DRIFTING,True,UNIQUE,5.5,4.5,0.974025974025974,2.5,4.5,7.0,150,0.2533333333333333,149,152,0.9802631578947368,36,0.25,33,36,0.9166666666666666,2.0,5.5,3.0,4,False,,451,207385,71947,1|2|3|4,474,79,0.9873417721518988,75,0.9866666666666668,16,16,18,17,15,18,154,154,144,36,36,29,True,True,True,False,0.2533|0.4589|0.6735|0.8562|0.9216|0.9346|0.9675|0.9675|0.9675|0.9740|0.9739|0.9803|0.9608|0.9608|0.9740|0.9675|0.9675
0021500241,11.28.2015.DEN.at.DAL,3.5,AMBIGUOUS_LEAD,CALIBRATED,HOLDOUT_PASS,ADEQUATE,True,UNIQUE,3.5,2.5,0.9861111111111112,1.5,2.0,3.5,139,0.3093525179856115,141,142,0.9929577464788732,31,0.3225806451612903,32,32,1.0,2.5,3.0,2.0,2,False,,454,206811,66804,1|2|3|4,474,79,1.0,73,0.9852941176470588,13,11,12,19,19,19,152,139,3,33,32,0,True,True,True,False,0.3094|0.4656|0.7727|0.9496|0.9859|0.9861|0.9861|0.9930|0.9859|0.9789|0.9648|0.9577|0.9500|0.9286|0.9214|0.9209|0.9065
0021500242,11.28.2015.ATL.at.SAS,3.0,CLOCK_CALIBRATION_VALIDATED,CALIBRATED,HOLDOUT_PASS,ADEQUATE,False,TIE_3_SMALLEST_CHOSEN,3.0|3.5|4.0,3.5,0.979591836734694,1.5,5.5,4.0,137,0.291970802919708,144,147,0.979591836734694,31,0.2580645161290322,28,29,0.9655172413793104,1.5,3.0,2.5,2,False,,444,166912,57952,1|2|3|4,475,80,0.9855072463768116,92,0.975,15,13,16,13,13,13,172,144,1,34,32,0,True,True,True,False,0.2920|0.4526|0.6500|0.8143|0.9054|0.9662|0.9796|0.9796|0.9796|0.9658|0.9726|0.9595|0.9524|0.9517|0.9041|0.8836|0.8897
0021500243,11.28.2015.NOP.at.UTA,3.5,DRIFTING_LEAD,CALIBRATED,HOLDOUT_PASS,MATERIALLY_DRIFTING,False,UNIQUE,3.5,3.0,0.96,5.0,8.0,3.0,146,0.2328767123287671,145,151,0.9602649006622516,30,0.3666666666666666,28,31,0.9032258064516128,1.5,3.0,2.5,2,False,,450,250002,71505,1|2|3|4,479,84,0.9642857142857144,67,0.9850746268656716,11,9,13,17,17,18,151,150,145,31,31,29,True,True,True,False,0.2329|0.3310|0.5069|0.7279|0.8808|0.9536|0.9600|0.9603|0.9527|0.9400|0.9333|0.9404|0.9404|0.9338|0.9338|0.9200|0.9133
0021500244,11.28.2015.LAL.at.POR,3.5,CLOCK_CALIBRATION_VALIDATED,CALIBRATED,HOLDOUT_PASS,ADEQUATE,False,UNIQUE,3.5,4.5,0.967741935483871,0.0,3.5,3.5,153,0.2352941176470588,153,157,0.9745222929936306,23,0.1739130434782608,23,24,0.9583333333333334,0.5,2.0,3.5,2,False,,444,199422,69869,1|2|3|4,462,78,0.9605263157894736,82,0.9876543209876544,10,10,11,13,13,13,160,156,83,25,25,9,True,True,True,False,0.2353|0.3108|0.5329|0.7500|0.8718|0.9295|0.9363|0.9745|0.9613|0.9677|0.9551|0.9423|0.9423|0.9484|0.9351|0.9346|0.9416
0021500245,11.28.2015.SAC.at.GSW,5.0,AMBIGUOUS_LEAD,CALIBRATED,HOLDOUT_PASS,ADEQUATE,True,TIE_2_SMALLEST_CHOSEN,5.0|6.0,6.0,0.9553072625698324,1.5,4.5,6.0,174,0.2816091954022988,171,179,0.9553072625698324,28,0.3928571428571428,26,28,0.9285714285714286,1.0,2.0,4.5,2,False,,479,233711,72674,1|2|3|4,505,91,0.989010989010989,89,0.9545454545454546,11,11,12,15,15,16,180,180,178,28,28,28,True,True,True,False,0.2816|0.3908|0.5059|0.6400|0.7571|0.8305|0.8820|0.9167|0.9333|0.9441|0.9553|0.9441|0.9553|0.9333|0.9222|0.9218|0.9205
0021500246,11.29.2015.MIL.at.CHA,4.5,CLOCK_CALIBRATION_VALIDATED,CALIBRATED,HOLDOUT_PASS,ADEQUATE,False,UNIQUE,4.5,4.0,0.9403973509933776,1.0,3.0,4.0,147,0.4693877551020408,143,151,0.9470198675496688,26,0.5769230769230769,26,27,0.9629629629629628,1.0,2.5,3.0,3,False,,419,220323,71873,1|2|3|4,441,74,0.9315068493150684,78,0.9615384615384616,15,14,15,11,11,11,152,152,133,27,27,23,True,True,True,False,0.4694|0.5890|0.6959|0.7919|0.8675|0.9079|0.9272|0.9205|0.9404|0.9470|0.9272|0.9400|0.9133|0.8816|0.8618|0.8618|0.8675
0021500247,11.29.2015.MIN.at.LAC,5.5,CLOCK_CALIBRATION_VALIDATED,CALIBRATED,HOLDOUT_PASS,ADEQUATE,False,UNIQUE,5.5,6.0,0.9741935483870968,0.0,5.5,5.5,155,0.2,151,154,0.9805194805194806,24,0.5416666666666666,22,25,0.88,1.0,1.5,5.5,1,False,,455,205817,70702,1|2|3|4,470,80,0.9873417721518988,77,0.9733333333333334,15,15,17,7,7,8,157,155,110,26,24,11,True,True,True,False,0.2000|0.2517|0.3701|0.4867|0.6556|0.7895|0.8889|0.9156|0.9355|0.9474|0.9548|0.9805|0.9742|0.9613|0.9551|0.9295|0.9231
0021500248,11.29.2015.DET.at.BKN,4.0,CLOCK_CALIBRATION_VALIDATED,CALIBRATED,HOLDOUT_PASS,ADEQUATE,False,UNIQUE,4.0,4.5,0.9775280898876404,0.0,4.0,4.0,168,0.4285714285714285,177,181,0.9779005524861878,31,0.4193548387096774,30,33,0.9090909090909092,1.0,3.5,2.5,3,False,,475,213367,70363,1|2|3|4,503,92,0.967032967032967,90,0.9888888888888888,16,16,17,14,14,16,182,179,129,33,31,19,True,True,True,False,0.4286|0.6199|0.7500|0.8807|0.9318|0.9667|0.9667|0.9721|0.9779|0.9775|0.9667|0.9721|0.9494|0.9385|0.9270|0.8876|0.8764
0021500249,11.29.2015.BOS.at.ORL,3.0,CLOCK_CALIBRATION_VALIDATED,CALIBRATED,HOLDOUT_PASS,ADEQUATE,False,UNIQUE,3.0,2.5,0.9881656804733728,1.5,2.0,3.5,169,0.378698224852071,168,169,0.9940828402366864,22,0.3181818181818182,19,21,0.9047619047619048,1.5,2.5,2.0,1,False,,475,190207,66206,1|2|3|4,494,88,1.0,93,1.0,12,12,13,7,7,8,181,152,0,24,21,0,False,False,False,False,0.3787|0.5723|0.7904|0.9329|0.9881|0.9882|0.9941|0.9882|0.9820|0.9643|0.9704|0.9524|0.9401|0.9401|0.9277|0.9222|0.9042
0021500250,11.29.2015.PHX.at.TOR,5.0,CLOCK_CALIBRATION_VALIDATED,CALIBRATED,HOLDOUT_PASS,ADEQUATE,False,TIE_3_SMALLEST_CHOSEN,5.0|5.5|6.0,5.5,0.9666666666666668,0.0,5.0,5.0,173,0.2254335260115607,174,180,0.9666666666666668,19,0.4210526315789473,17,19,0.8947368421052632,2.0,4.0,4.0,1,False,,446,190513,71116,1|2|3|4,468,94,0.9787234042553192,86,0.9534883720930232,9,9,9,8,8,10,180,180,167,20,20,11,False,False,False,False,0.2254|0.2663|0.4444|0.6105|0.7874|0.8603|0.9167|0.9274|0.9497|0.9553|0.9667|0.9667|0.9667|0.9661|0.9551|0.9548|0.9429
0021500251,11.29.2015.PHI.at.MEM,4.0,CLOCK_CALIBRATION_VALIDATED,CALIBRATED,HOLDOUT_PASS,ADEQUATE,False,UNIQUE,4.0,3.5,0.9615384615384616,0.5,3.5,4.0,143,0.3356643356643357,151,156,0.967948717948718,44,0.4545454545454545,43,46,0.9347826086956522,1.0,2.0,3.0,1,False,,490,189328,66701,1|2|3|4,528,82,0.975609756097561,76,0.9594594594594594,20,20,21,23,23,25,158,152,109,51,49,26,True,True,True,False,0.3357|0.5374|0.7267|0.8411|0.9079|0.9295|0.9487|0.9615|0.9679|0.9484|0.9427|0.9299|0.9412|0.9211|0.9079|0.8947|0.8487
0021500252,11.29.2015.HOU.at.NYK,4.0,CLOCK_CALIBRATION_VALIDATED,CALIBRATED,HOLDOUT_PASS,ADEQUATE,False,TIE_2_SMALLEST_CHOSEN,4.0|4.5,4.5,0.9825581395348836,1.5,4.5,3.0,164,0.3353658536585366,169,172,0.9825581395348836,28,0.1785714285714285,26,28,0.9285714285714286,2.0,3.0,3.0,2,False,,489,229746,80023,1|2|3|4|5,513,78,1.0,78,1.0,12,12,13,13,14,14,173,173,168,29,29,28,False,False,False,False,0.3354|0.4756|0.6545|0.8204|0.8830|0.9353|0.9766|0.9825|0.9826|0.9826|0.9651|0.9769|0.9477|0.9474|0.9364|0.9360|0.9249
0021500253,11.29.2015.IND.at.LAL,5.5,AMBIGUOUS_LEAD,CALIBRATED,HOLDOUT_PASS,ADEQUATE,True,TIE_2_SMALLEST_CHOSEN,5.5|6.5,6.5,0.953757225433526,2.0,6.5,4.5,173,0.2485549132947976,165,173,0.953757225433526,25,0.48,22,24,0.9166666666666666,1.5,2.5,4.5,2,False,,515,196417,68601,1|2|3|4,531,94,0.9887640449438202,88,0.9310344827586208,11,8,11,11,12,13,182,178,70,25,24,7,False,False,False,False,0.2486|0.3497|0.5089|0.7041|0.7943|0.8636|0.8870|0.9200|0.9253|0.9375|0.9425|0.9538|0.9532|0.9538|0.9253|0.9143|0.8864
0021500254,11.30.2015.HOU.at.DET,6.5,CLOCK_CALIBRATION_VALIDATED,CALIBRATED,HOLDOUT_PASS,ADEQUATE,False,UNIQUE,6.5,7.0,0.9349112426035504,0.0,6.5,6.5,172,0.2616279069767442,161,170,0.9470588235294116,27,0.3703703703703703,23,27,0.8518518518518519,0.5,1.5,6.5,2,False,,509,219875,69854,1|2|3|4,536,101,0.93,72,0.9714285714285714,13,13,15,10,10,12,173,172,117,27,27,16,True,True,True,False,0.2616|0.2865|0.3512|0.4679|0.5988|0.6529|0.7368|0.7941|0.8393|0.8765|0.9000|0.9172|0.9172|0.9471|0.9349|0.9235|0.9286
0021500255,11.30.2015.BOS.at.MIA,3.5,CLOCK_CALIBRATION_VALIDATED,CALIBRATED,HOLDOUT_PASS,ADEQUATE,False,UNIQUE,3.5,3.0,0.9594594594594594,1.0,2.5,3.5,150,0.3466666666666667,143,148,0.9662162162162162,32,0.25,29,29,1.0,1.0,2.5,3.0,2,False,,448,190798,66664,1|2|3|4,480,73,1.0,82,0.9736842105263158,12,12,13,17,17,17,155,152,101,33,33,24,False,False,False,False,0.3467|0.4357|0.6408|0.8367|0.9048|0.9392|0.9595|0.9662|0.9524|0.9592|0.9524|0.9448|0.9172|0.9241|0.9110|0.9048|0.8493
0021500256,11.30.2015.OKC.at.ATL,4.0,CLOCK_CALIBRATION_VALIDATED,CALIBRATED,HOLDOUT_PASS,ADEQUATE,False,UNIQUE,4.0,3.5,0.9767441860465116,1.0,3.0,4.0,159,0.3773584905660377,170,172,0.9883720930232558,22,0.2727272727272727,19,23,0.8260869565217391,0.5,5.0,2.0,2,False,,491,201609,66663,1|2|3|4,521,88,1.0,95,0.9885057471264368,12,13,15,7,7,8,183,170,33,23,22,4,False,False,False,False,0.3774|0.5663|0.8727|0.9357|0.9708|0.9766|0.9766|0.9767|0.9884|0.9711|0.9711|0.9709|0.9709|0.9706|0.9302|0.9070|0.8837
0021500257,11.30.2015.SAS.at.CHI,3.5,CLOCK_CALIBRATION_VALIDATED,CALIBRATED,HOLDOUT_PASS,ADEQUATE,False,UNIQUE,3.5,4.0,0.9881656804733728,0.5,4.0,3.5,169,0.2662721893491124,168,170,0.9882352941176472,17,0.2941176470588235,15,16,0.9375,1.0,3.0,2.5,2,False,,450,214345,67968,1|2|3|4,467,91,1.0,85,0.9876543209876544,7,7,7,8,8,9,176,171,102,19,18,7,False,False,False,False,0.2663|0.4242|0.6205|0.8187|0.9345|0.9702|0.9702|0.9882|0.9882|0.9762|0.9704|0.9588|0.9586|0.9521|0.9521|0.9464|0.9226
0021500258,11.30.2015.DEN.at.MIL,4.5,CLOCK_CALIBRATION_VALIDATED,CALIBRATED,HOLDOUT_PASS,ADEQUATE,False,UNIQUE,4.5,7.0,0.9671052631578948,2.0,3.0,5.0,143,0.3006993006993007,149,152,0.9802631578947368,35,0.4571428571428571,34,35,0.9714285714285714,0.5,3.5,3.0,4,False,,438,175451,70339,1|2|3|4,461,79,0.9873417721518988,73,0.9863013698630136,21,20,22,13,13,13,152,151,134,35,35,30,False,False,False,False,0.3007|0.3475|0.6338|0.8151|0.9329|0.9470|0.9605|0.9539|0.9605|0.9803|0.9603|0.9470|0.9603|0.9474|0.9671|0.9605|0.9470
0021500259,11.30.2015.GSW.at.UTA,4.0,DRIFTING_LEAD,CALIBRATED,HOLDOUT_PASS,MATERIALLY_DRIFTING,False,TIE_3_SMALLEST_CHOSEN,4.0|4.5|5.0,4.5,0.9705882352941176,3.0,6.0,3.0,163,0.294478527607362,165,170,0.9705882352941176,21,0.3809523809523809,20,23,0.8695652173913043,2.0,3.5,4.0,2,False,,446,209521,71243,1|2|3|4,449,90,0.9887640449438202,81,0.9876543209876544,7,7,9,13,14,14,171,169,152,23,22,15,True,True,True,False,0.2945|0.3812|0.5404|0.7273|0.8795|0.9353|0.9471|0.9415|0.9706|0.9706|0.9706|0.9643|0.9704|0.9527|0.9527|0.9401|0.9286
0021500260,11.30.2015.DAL.at.SAC,3.5,AMBIGUOUS_LEAD,CALIBRATED,HOLDOUT_PASS,ADEQUATE,True,UNIQUE,3.5,5.0,0.981012658227848,1.5,5.0,3.5,158,0.2278481012658227,158,161,0.9813664596273292,26,0.3846153846153846,24,25,0.96,1.5,3.5,3.0,2,False,,500,234092,68590,1|2|3|4,510,83,0.9875,80,0.9873417721518988,15,13,14,9,9,10,163,157,86,27,26,9,False,False,False,False,0.2278|0.2649|0.3793|0.5822|0.8013|0.8608|0.9625|0.9814|0.9748|0.9747|0.9810|0.9810|0.9745|0.9487|0.9613|0.9477|0.9295
0021500261,11.30.2015.POR.at.LAC,6.5,AMBIGUOUS_LEAD,CALIBRATED,HOLDOUT_PASS,ADEQUATE,True,UNIQUE,6.5,5.0,0.9585798816568049,2.0,5.0,7.0,167,0.281437125748503,163,170,0.9588235294117649,28,0.5,23,28,0.8214285714285714,1.5,2.5,5.0,2,False,,568,262105,70923,1|2|3|4,587,96,0.956989247311828,76,0.9866666666666668,10,10,13,13,12,15,172,169,95,28,27,9,False,False,False,False,0.2814|0.3537|0.4750|0.6061|0.7485|0.8412|0.8889|0.9064|0.9298|0.9357|0.9586|0.9471|0.9412|0.9588|0.9532|0.9353|0.9123
0021500262,12.01.2015.WAS.at.CLE,5.5,CLOCK_CALIBRATION_VALIDATED,CALIBRATED,HOLDOUT_PASS,ADEQUATE,False,UNIQUE,5.5,5.0,0.9657534246575342,0.5,5.0,5.5,144,0.1944444444444444,142,146,0.9726027397260274,27,0.3333333333333333,19,21,0.9047619047619048,1.0,1.5,5.0,1,False,,469,151673,57935,1|2|3|4,483,92,0.9629629629629628,74,0.9846153846153848,6,7,7,13,13,14,166,140,1,30,24,0,True,True,True,False,0.1944|0.2214|0.3688|0.5000|0.7234|0.8699|0.9178|0.9384|0.9452|0.9452|0.9658|0.9726|0.9655|0.9444|0.9441|0.9236|0.9091
0021500263,12.01.2015.LAL.at.PHI,4.0,DRIFTING_LEAD,CALIBRATED,HOLDOUT_PASS,MATERIALLY_DRIFTING,False,TIE_2_SMALLEST_CHOSEN,4.0|4.5,4.5,0.9806451612903224,3.0,6.0,3.0,146,0.3561643835616438,152,155,0.9806451612903224,23,0.391304347826087,25,25,1.0,2.0,3.5,2.5,3,False,,470,232725,67276,1|2|3|4,488,83,0.9873417721518988,85,0.987012987012987,11,10,11,14,13,14,168,157,20,26,26,12,True,True,True,False,0.3562|0.5971|0.8477|0.9150|0.9545|0.9675|0.9805|0.9805|0.9806|0.9806|0.9686|0.9563|0.9623|0.9560|0.9503|0.9259|0.8951
0021500264,12.01.2015.PHX.at.BKN,3.0,CLOCK_CALIBRATION_VALIDATED,CALIBRATED,HOLDOUT_PASS,ADEQUATE,False,UNIQUE,3.0,2.5,0.981012658227848,0.5,2.5,3.0,147,0.3605442176870748,157,159,0.9874213836477987,30,0.4,30,31,0.967741935483871,0.5,3.0,2.0,2,False,,428,187914,69922,1|2|3|4,450,84,0.988095238095238,75,1.0,16,16,17,14,14,14,159,156,103,31,28,19,True,True,True,False,0.3605|0.5405|0.7703|0.8903|0.9684|0.9810|0.9874|0.9748|0.9620|0.9684|0.9686|0.9560|0.9497|0.9367|0.9299|0.9295|0.9085
0021500265,12.01.2015.ORL.at.MIN,2.5,AMBIGUOUS_LEAD,CALIBRATED,HOLDOUT_PASS,ADEQUATE,True,UNIQUE,2.5,4.5,0.9666666666666668,1.0,2.5,3.5,151,0.4105960264900662,146,151,0.9668874172185432,26,0.4615384615384615,23,25,0.92,2.0,4.0,1.5,3,False,,486,203678,66828,1|2|3|4,511,85,0.9746835443037974,78,0.971830985915493,15,15,16,8,8,8,163,148,45,26,25,5,True,True,True,False,0.4106|0.6268|0.8411|0.9533|0.9536|0.9669|0.9600|0.9664|0.9664|0.9667|0.9542|0.9404|0.9408|0.9346|0.9333|0.9262|0.8993
0021500266,12.01.2015.MEM.at.NOP,3.0,CLOCK_CALIBRATION_VALIDATED,CALIBRATED,HOLDOUT_PASS,ADEQUATE,False,TIE_4_SMALLEST_CHOSEN,3.0|3.5|4.0|4.5,3.5,0.98159509202454,0.5,3.0,3.5,158,0.3037974683544304,160,163,0.98159509202454,14,0.3571428571428571,14,14,1.0,2.5,4.0,3.0,2,False,,469,196892,66357,1|2|3|4,486,85,0.9876543209876544,86,0.9759036144578314,4,4,4,10,10,10,171,157,38,14,12,2,True,True,True,False,0.3038|0.3766|0.5871|0.7261|0.8875|0.9130|0.9816|0.9816|0.9816|0.9816|0.9753|0.9811|0.9688|0.9623|0.9560|0.9375|0.9198
0021500267,12.01.2015.DAL.at.POR,2.5,CLOCK_CALIBRATION_VALIDATED,CALIBRATED,HOLDOUT_PASS,ADEQUATE,False,UNIQUE,2.5,3.0,0.9635416666666666,0.5,3.5,3.0,188,0.2659574468085106,185,191,0.9685863874345548,27,0.3703703703703703,26,27,0.9629629629629628,1.5,4.0,2.5,3,False,,509,231857,77523,1|2|3|4|5,524,87,0.9770114942528736,87,0.9882352941176472,14,15,15,11,11,11,194,184,117,27,26,10,True,True,True,False,0.2660|0.3315|0.5920|0.8486|0.9362|0.9686|0.9635|0.9634|0.9581|0.9529|0.9418|0.9568|0.9465|0.9516|0.9514|0.9344|0.9293
0021500268,12.02.2015.GSW.at.CHA,5.0,AMBIGUOUS_LEAD,CALIBRATED,HOLDOUT_PASS,ADEQUATE,True,UNIQUE,5.0,4.0,0.978021978021978,1.0,4.0,5.0,171,0.3099415204678362,177,180,0.9833333333333332,26,0.4230769230769231,22,26,0.8461538461538461,2.0,3.5,3.0,2,False,,456,227023,71704,1|2|3|4,482,95,0.9894736842105264,87,0.9767441860465116,9,11,12,13,13,14,182,182,165,26,26,20,True,True,True,False,0.3099|0.4277|0.5593|0.6971|0.8492|0.9282|0.9669|0.9725|0.9780|0.9779|0.9833|0.9778|0.9724|0.9611|0.9392|0.9171|0.9061
0021500269,12.02.2015.LAL.at.WAS,5.0,CLOCK_CALIBRATION_VALIDATED,CALIBRATED,HOLDOUT_PASS,ADEQUATE,False,UNIQUE,5.0,4.5,0.9542857142857144,1.5,4.5,3.0,166,0.216867469879518,166,173,0.9595375722543352,39,0.2564102564102564,36,39,0.9230769230769232,1.5,3.5,3.0,3,False,,484,222096,71666,1|2|3|4,515,90,0.9777777777777776,85,0.9411764705882352,17,18,18,19,18,21,175,175,170,39,39,33,False,False,False,False,0.2169|0.4364|0.7193|0.8800|0.9200|0.9371|0.9486|0.9483|0.9538|0.9543|0.9595|0.9480|0.9483|0.9368|0.9138|0.9029|0.8793
0021500270,12.02.2015.PHX.at.DET,6.0,CLOCK_CALIBRATION_VALIDATED,CALIBRATED,HOLDOUT_PASS,ADEQUATE,False,UNIQUE,6.0,6.5,0.95,0.0,6.0,6.0,178,0.2640449438202247,172,179,0.9608938547486032,32,0.40625,30,33,0.9090909090909092,0.5,2.5,4.5,2,False,,554,234588,76290,1|2|3|4|5,568,89,0.9767441860465116,77,0.9466666666666668,14,14,16,13,13,14,184,182,124,33,33,15,True,True,True,False,0.2640|0.3258|0.4080|0.5444|0.6782|0.7667|0.8652|0.8907|0.9330|0.9494|0.9441|0.9441|0.9609|0.9500|0.9382|0.9270|0.9101
0021500271,12.02.2015.PHI.at.NYK,5.0,CLOCK_CALIBRATION_VALIDATED,CALIBRATED,HOLDOUT_PASS,ADEQUATE,False,UNIQUE,5.0,4.5,0.9819277108433736,1.0,5.0,4.0,155,0.2774193548387096,164,167,0.9820359281437124,27,0.5185185185185185,27,29,0.9310344827586208,1.0,2.0,4.0,1,False,,471,214076,69709,1|2|3|4,517,90,0.9888888888888888,84,1.0,16,16,17,11,11,12,174,166,164,30,29,28,False,False,False,False,0.2774|0.3613|0.5229|0.7453|0.8519|0.9085|0.9512|0.9578|0.9758|0.9819|0.9820|0.9641|0.9461|0.9521|0.9222|0.8976|0.8916
0021500272,12.02.2015.TOR.at.ATL,3.5,CLOCK_CALIBRATION_VALIDATED,CALIBRATED,HOLDOUT_PASS,ADEQUATE,False,UNIQUE,3.5,3.0,0.9874213836477987,2.0,5.0,3.0,154,0.2662337662337662,158,160,0.9875,24,0.2916666666666667,24,24,1.0,1.0,2.5,3.0,2,False,,448,226632,66878,1|2|3|4,476,85,0.9876543209876544,84,1.0,16,13,15,8,8,8,169,160,31,24,24,4,True,True,True,False,0.2662|0.4118|0.6556|0.8397|0.9367|0.9625|0.9874|0.9875|0.9750|0.9748|0.9750|0.9623|0.9497|0.9375|0.9317|0.9198|0.9068
0021500273,12.02.2015.DEN.at.CHI,4.0,AMBIGUOUS_LEAD,CALIBRATED,HOLDOUT_PASS,MATERIALLY_DRIFTING,True,TIE_2_SMALLEST_CHOSEN,4.0|5.0,5.0,0.9826589595375722,3.0,6.0,3.0,169,0.272189349112426,170,173,0.9826589595375722,20,0.5,19,20,0.95,3.5,4.5,3.0,4,False,,481,200155,66917,1|2|3|4,508,93,0.9888888888888888,89,0.9761904761904762,8,7,8,11,11,12,182,173,24,21,20,0,True,True,True,False,0.2722|0.3688|0.5988|0.8182|0.9471|0.9588|0.9769|0.9769|0.9827|0.9769|0.9827|0.9767|0.9770|0.9826|0.9713|0.9543|0.9483
0021500274,12.02.2015.NOP.at.HOU,5.5,AMBIGUOUS_LEAD,CALIBRATED,HOLDOUT_PASS,ADEQUATE,True,UNIQUE,5.5,3.5,0.9675324675324676,2.0,5.5,3.5,147,0.3333333333333333,151,156,0.967948717948718,27,0.5925925925925926,23,27,0.8518518518518519,2.0,4.0,2.5,2,False,,530,198854,61355,1|2|3|4,555,92,0.9873417721518988,83,0.974025974025974,8,8,8,15,16,19,175,145,1,33,27,0,True,True,True,False,0.3333|0.5556|0.7724|0.8725|0.9474|0.9545|0.9613|0.9675|0.9675|0.9613|0.9615|0.9679|0.9610|0.9419|0.9276|0.9139|0.8940
0021500275,12.02.2015.MIL.at.SAS,6.0,DRIFTING_LEAD,CALIBRATED,HOLDOUT_PASS,MATERIALLY_DRIFTING,False,UNIQUE,6.0,5.0,0.9622641509433962,3.0,3.0,6.0,153,0.2026143790849673,152,156,0.9743589743589745,25,0.32,23,26,0.8846153846153846,0.5,3.0,4.5,2,False,,446,195970,66749,1|2|3|4,476,83,1.0,85,0.9620253164556962,10,11,12,13,13,14,168,157,36,27,24,3,True,True,True,False,0.2026|0.3241|0.5200|0.6815|0.8280|0.8625|0.8938|0.9006|0.9313|0.9560|0.9623|0.9623|0.9744|0.9618|0.9618|0.9363|0.9299
0021500277,12.03.2015.OKC.at.MIA,4.5,CLOCK_CALIBRATION_VALIDATED,CALIBRATED,HOLDOUT_PASS,ADEQUATE,False,TIE_2_SMALLEST_CHOSEN,4.5|5.0,5.0,0.9808917197452228,1.0,4.5,5.5,146,0.3561643835616438,154,157,0.9808917197452228,23,0.391304347826087,21,22,0.9545454545454546,1.5,4.0,2.5,2,False,,444,190167,66978,1|2|3|4,457,78,0.974025974025974,82,1.0,12,12,13,9,8,9,160,151,56,24,21,5,False,False,False,False,0.3562|0.4161|0.5643|0.7770|0.9150|0.9613|0.9737|0.9806|0.9744|0.9809|0.9809|0.9744|0.9613|0.9545|0.9474|0.9276|0.9128
0021500278,12.03.2015.DEN.at.TOR,3.5,CLOCK_CALIBRATION_VALIDATED,CALIBRATED,HOLDOUT_PASS,ADEQUATE,False,UNIQUE,3.5,4.0,0.9709302325581396,0.5,4.0,3.5,163,0.2331288343558282,168,173,0.9710982658959536,14,0.2142857142857142,14,15,0.9333333333333332,1.5,4.0,3.0,2,False,,451,208581,70628,1|2|3|4,465,91,0.9777777777777776,82,0.975609756097561,6,6,6,8,8,9,173,170,132,15,15,11,True,True,True,False,0.2331|0.3681|0.6048|0.8070|0.9075|0.9306|0.9538|0.9711|0.9709|0.9595|0.9708|0.9649|0.9647|0.9645|0.9471|0.9357|0.9353
0021500279,12.03.2015.ORL.at.UTA,4.0,AMBIGUOUS_LEAD,CALIBRATED,HOLDOUT_PASS,ADEQUATE,True,UNIQUE,4.0,3.0,0.9683544303797468,1.5,4.0,2.5,153,0.2418300653594771,154,158,0.9746835443037974,28,0.3571428571428571,28,29,0.9655172413793104,2.5,4.0,3.0,3,False,,451,221623,70232,1|2|3|4,471,87,0.9882352941176472,74,0.972972972972973,12,12,13,16,15,16,161,157,130,29,29,16,False,False,False,False,0.2418|0.3265|0.6216|0.7857|0.8868|0.9500|0.9684|0.9684|0.9747|0.9684|0.9560|0.9620|0.9684|0.9618|0.9363|0.9182|0.9182
0021500280,12.03.2015.SAS.at.MEM,5.0,CLOCK_CALIBRATION_VALIDATED,CALIBRATED,HOLDOUT_PASS,ADEQUATE,False,UNIQUE,5.0,5.5,0.9794520547945206,1.0,3.5,4.5,141,0.2695035460992908,146,149,0.9798657718120806,23,0.391304347826087,22,24,0.9166666666666666,2.0,3.0,3.5,2,False,,442,190496,65587,1|2|3|4,464,80,0.96,80,1.0,14,13,13,8,8,9,160,155,62,26,22,4,True,True,True,False,0.2695|0.4745|0.6824|0.8514|0.9000|0.9452|0.9597|0.9733|0.9732|0.9667|0.9799|0.9795|0.9667|0.9408|0.9338|0.9333|0.9267
0021500281,12.03.2015.IND.at.POR,4.0,CLOCK_CALIBRATION_VALIDATED,CALIBRATED,HOLDOUT_PASS,ADEQUATE,False,UNIQUE,4.0,4.5,0.9823529411764704,0.5,4.0,4.5,167,0.2095808383233532,168,171,0.9824561403508772,27,0.3703703703703703,27,27,1.0,1.5,3.0,3.5,1,False,,452,215971,70903,1|2|3|4,468,85,0.9761904761904762,88,0.9886363636363636,14,14,14,13,12,13,173,164,51,27,25,5,True,True,True,False,0.2096|0.3250|0.5432|0.7425|0.8876|0.9298|0.9474|0.9709|0.9825|0.9824|0.9824|0.9647|0.9647|0.9532|0.9532|0.9357|0.9290
0021500283,12.04.2015.BKN.at.NYK,3.5,CLOCK_CALIBRATION_VALIDATED,CALIBRATED,HOLDOUT_PASS,ADEQUATE,False,TIE_3_SMALLEST_CHOSEN,3.5|4.0|4.5,4.0,0.9831460674157304,0.5,3.0,3.5,167,0.437125748502994,175,178,0.9831460674157304,25,0.44,26,26,1.0,2.5,4.5,2.0,1,False,,459,247392,72190,1|2|3|4,481,85,0.9882352941176472,93,0.978494623655914,14,14,14,12,12,12,178,178,177,26,26,26,True,True,True,False,0.4371|0.7209|0.8514|0.9593|0.9714|0.9774|0.9775|0.9831|0.9831|0.9831|0.9775|0.9661|0.9661|0.9157|0.9045|0.8876|0.8814
0021500284,12.04.2015.PHX.at.WAS,4.5,DRIFTING_LEAD,CALIBRATED,HOLDOUT_PASS,MATERIALLY_DRIFTING,False,UNIQUE,4.5,2.5,0.9575757575757576,3.0,2.5,5.5,159,0.3396226415094339,159,165,0.9636363636363636,41,0.4634146341463415,39,41,0.951219512195122,2.5,4.5,2.0,3,False,,464,219408,71675,1|2|3|4,483,83,0.975609756097561,83,0.963855421686747,18,19,20,21,20,21,166,165,163,41,41,38,False,False,False,False,0.3396|0.5127|0.7421|0.8841|0.9455|0.9576|0.9455|0.9455|0.9576|0.9636|0.9515|0.9576|0.9576|0.9390|0.9212|0.9264|0.9018
0021500285,12.04.2015.MIL.at.DET,5.5,CLOCK_CALIBRATION_VALIDATED,CALIBRATED,HOLDOUT_PASS,ADEQUATE,False,UNIQUE,5.5,5.0,0.926829268292683,1.0,6.5,5.5,161,0.1987577639751552,150,160,0.9375,22,0.3636363636363636,20,22,0.9090909090909092,0.5,2.0,5.0,2,False,,469,176842,65309,1|2|3|4,487,82,0.9620253164556962,87,0.9240506329113924,13,11,12,7,7,8,169,163,87,23,19,7,False,False,False,False,0.1988|0.2803|0.3846|0.5449|0.7070|0.7975|0.8466|0.8848|0.8848|0.9030|0.9268|0.9375|0.9125|0.9241|0.9177|0.9103|0.9161
0021500286,12.04.2015.LAL.at.ATL,5.0,AMBIGUOUS_LEAD,CALIBRATED,HOLDOUT_PASS,ADEQUATE,True,UNIQUE,5.0,6.5,0.972027972027972,2.0,3.0,5.0,141,0.3546099290780142,139,142,0.9788732394366196,28,0.25,27,29,0.9310344827586208,2.5,4.0,3.0,3,False,,419,181944,63952,1|2|3|4,454,85,1.0,75,0.9850746268656716,9,10,10,18,18,19,160,149,0,33,29,2,True,True,True,False,0.3546|0.5714|0.7801|0.8472|0.9371|0.9510|0.9650|0.9716|0.9643|0.9718|0.9789|0.9718|0.9718|0.9720|0.9580|0.9444|0.9306
0021500287,12.04.2015.HOU.at.DAL,2.5,CLOCK_CALIBRATION_VALIDATED,CALIBRATED,HOLDOUT_PASS,ADEQUATE,False,UNIQUE,2.5,3.0,0.9618320610687024,0.5,2.5,2.0,125,0.312,127,132,0.9621212121212122,27,0.2222222222222222,23,27,0.8518518518518519,1.0,1.5,2.5,1,False,,470,188787,57187,1|2|3|4,496,94,0.9333333333333332,71,1.0,11,11,13,12,11,14,165,126,0,35,26,0,True,True,True,False,0.3120|0.5691|0.7969|0.8779|0.9398|0.9621|0.9618|0.9470|0.9407|0.9333|0.9185|0.8889|0.8815|0.8815|0.8824|0.8905|0.8750
0021500288,12.04.2015.CLE.at.NOP,4.5,CLOCK_CALIBRATION_VALIDATED,CALIBRATED,HOLDOUT_PASS,ADEQUATE,False,UNIQUE,4.5,4.0,0.9805194805194806,0.5,4.5,4.0,141,0.4468085106382978,152,155,0.9806451612903224,28,0.3571428571428571,25,27,0.925925925925926,1.5,4.0,2.5,3,False,,514,204641,68938,1|2|3|4|5,533,78,1.0,81,0.9722222222222222,11,11,12,14,14,15,174,146,8,29,23,2,True,True,True,False,0.4468|0.6276|0.8600|0.9408|0.9600|0.9735|0.9613|0.9677|0.9805|0.9806|0.9740|0.9801|0.9671|0.9416|0.9128|0.8816|0.8609
0021500289,2016.NBA.Raw.SportVU.Game.Logs12.05.2015.DEN.at.PHI,3.0,CLOCK_CALIBRATION_VALIDATED,CALIBRATED,HOLDOUT_PASS,ADEQUATE,False,UNIQUE,3.0,3.5,0.9803921568627452,0.0,3.0,3.0,148,0.4189189189189189,151,154,0.9805194805194806,36,0.3611111111111111,31,36,0.8611111111111112,1.0,3.0,1.5,2,False,,500,237328,71536,1|2|3|4,527,76,0.986842105263158,79,0.9743589743589745,19,19,22,12,12,14,155,155,121,37,37,36,True,True,True,False,0.4189|0.7222|0.9416|0.9675|0.9675|0.9613|0.9805|0.9804|0.9739|0.9545|0.9481|0.9542|0.9470|0.9412|0.9346|0.9145|0.9007
0021500290,2016.NBA.Raw.SportVU.Game.Logs12.05.2015.GSW.at.TOR,3.5,CLOCK_CALIBRATION_VALIDATED,CALIBRATED,HOLDOUT_PASS,ADEQUATE,False,UNIQUE,3.5,6.0,0.975,2.0,3.5,5.5,158,0.2848101265822785,159,162,0.9814814814814816,18,0.2777777777777778,15,18,0.8333333333333334,0.5,3.5,3.0,2,False,,484,210363,70010,1|2|3|4,498,93,1.0,71,0.9857142857142858,6,6,8,9,9,10,164,159,88,18,16,5,True,True,True,False,0.2848|0.3671|0.4902|0.6883|0.8113|0.9313|0.9689|0.9815|0.9691|0.9691|0.9689|0.9688|0.9750|0.9500|0.9437|0.9193|0.9062
0021500291,2016.NBA.Raw.SportVU.Game.Logs12.05.2015.CLE.at.MIA,5.0,CLOCK_CALIBRATION_VALIDATED,CALIBRATED,HOLDOUT_PASS,ADEQUATE,False,UNIQUE,5.0,4.0,0.9387755102040816,2.0,7.0,5.0,147,0.3333333333333333,139,147,0.9455782312925172,26,0.3846153846153846,24,26,0.9230769230769232,1.0,3.0,3.5,3,False,,472,224562,68010,1|2|3|4,489,77,0.945945945945946,76,0.9726027397260274,10,9,13,14,14,14,153,143,54,29,29,4,True,True,True,False,0.3333|0.4315|0.5423|0.6395|0.7568|0.8446|0.8851|0.9257|0.9388|0.9320|0.9456|0.9320|0.9247|0.9041|0.9384|0.9184|0.9184
0021500292,2016.NBA.Raw.SportVU.Game.Logs12.05.2015.CHA.at.CHI,4.5,AMBIGUOUS_LEAD,CALIBRATED,HOLDOUT_PASS,ADEQUATE,True,UNIQUE,4.5,3.0,0.9879518072289156,1.0,3.5,4.5,161,0.3602484472049689,164,165,0.993939393939394,23,0.2608695652173913,21,22,0.9545454545454546,2.0,3.5,2.5,2,False,,468,189777,66485,1|2|3|4,487,93,1.0,85,0.9875,9,9,9,12,12,13,178,156,3,23,20,1,True,True,True,False,0.3602|0.4156|0.6478|0.8176|0.9018|0.9758|0.9880|0.9879|0.9878|0.9939|0.9879|0.9759|0.9518|0.9455|0.9321|0.9136|0.8834
0021500293,2016.NBA.Raw.SportVU.Game.Logs12.05.2015.SAC.at.HOU,3.5,CLOCK_CALIBRATION_VALIDATED,CALIBRATED,HOLDOUT_PASS,ADEQUATE,False,UNIQUE,3.5,3.0,0.9754601226993864,1.0,3.0,4.0,154,0.3246753246753247,157,160,0.98125,27,0.3333333333333333,26,27,0.9629629629629628,2.0,3.0,3.0,1,False,,491,213408,65133,1|2|3|4,519,99,0.978021978021978,77,0.9863013698630136,13,13,14,13,12,13,176,144,4,30,24,0,False,False,False,False,0.3247|0.4305|0.6273|0.7778|0.8889|0.9264|0.9755|0.9812|0.9753|0.9753|0.9689|0.9627|0.9565|0.9437|0.9068|0.8868|0.8861
0021500294,2016.NBA.Raw.SportVU.Game.Logs12.05.2015.POR.at.MIN,3.5,CLOCK_CALIBRATION_VALIDATED,CALIBRATED,HOLDOUT_PASS,ADEQUATE,False,UNIQUE,3.5,4.0,0.9931972789115646,0.5,3.0,3.5,144,0.2847222222222222,146,146,1.0,27,0.4814814814814814,26,26,1.0,1.0,2.0,3.0,1,False,,467,200023,66047,1|2|3|4,481,79,1.0,81,1.0,14,14,14,12,12,12,160,141,10,28,28,0,True,True,True,False,0.2847|0.5903|0.8414|0.9724|0.9795|0.9796|0.9863|1.0000|0.9932|0.9865|0.9795|0.9796|0.9658|0.9592|0.9595|0.9463|0.9459
0021500295,2016.NBA.Raw.SportVU.Game.Logs12.05.2015.NYK.at.MIL,5.5,CLOCK_CALIBRATION_VALIDATED,CALIBRATED,HOLDOUT_PASS,ADEQUATE,False,UNIQUE,5.5,6.0,0.972027972027972,0.0,5.5,5.5,140,0.2714285714285714,140,143,0.9790209790209792,24,0.5416666666666666,19,21,0.9047619047619048,0.5,3.0,3.5,2,False,,471,161318,59724,1|2|3|4,481,87,0.9871794871794872,78,0.9692307692307692,6,6,7,13,13,14,165,151,12,28,25,1,True,True,True,False,0.2714|0.3643|0.5328|0.7372|0.8696|0.9275|0.9496|0.9645|0.9645|0.9648|0.9718|0.9790|0.9720|0.9507|0.9507|0.9291|0.9137
0021500296,2016.NBA.Raw.SportVU.Game.Logs12.05.2015.BOS.at.SAS,3.5,CLOCK_CALIBRATION_VALIDATED,CALIBRATED,HOLDOUT_PASS,ADEQUATE,False,UNIQUE,3.5,4.0,0.9803921568627452,0.5,3.0,3.5,139,0.2086330935251798,149,151,0.9867549668874172,25,0.36,20,25,0.8,1.0,2.5,3.0,2,False,,476,192858,61264,1|2|3|4,487,87,1.0,82,0.9736842105263158,10,10,15,10,10,10,169,144,5,28,26,0,True,True,True,False,0.2086|0.3043|0.4653|0.6599|0.8000|0.9128|0.9669|0.9868|0.9804|0.9673|0.9600|0.9536|0.9671|0.9595|0.9524|0.9452|0.9456
0021500297,2016.NBA.Raw.SportVU.Game.Logs12.05.2015.IND.at.UTA,4.0,CLOCK_CALIBRATION_VALIDATED,CALIBRATED,HOLDOUT_PASS,ADEQUATE,False,UNIQUE,4.0,3.5,0.9777777777777776,1.5,5.5,4.0,176,0.25,178,181,0.9834254143646408,30,0.3333333333333333,27,30,0.9,0.5,3.0,3.5,2,False,,576,267732,77346,1|2|3|4|5,592,82,0.9875,84,1.0,15,13,13,9,9,10,185,178,134,30,29,18,True,True,True,False,0.2500|0.3626|0.5614|0.7167|0.8156|0.9157|0.9438|0.9778|0.9834|0.9724|0.9721|0.9724|0.9669|0.9558|0.9500|0.9106|0.9056
0021500298,2016.NBA.Raw.SportVU.Game.Logs12.05.2015.ORL.at.LAC,5.0,CLOCK_CALIBRATION_VALIDATED,CALIBRATED,HOLDOUT_PASS,ADEQUATE,False,UNIQUE,5.0,5.5,0.9575757575757576,1.0,5.5,4.5,165,0.2,160,165,0.9696969696969696,26,0.5,21,24,0.875,0.5,3.0,5.0,3,False,,466,192583,67257,1|2|3|4,481,91,0.9659090909090908,81,0.9871794871794872,11,11,13,10,10,11,172,162,46,27,25,1,False,False,False,False,0.2000|0.2375|0.3937|0.5714|0.7101|0.8024|0.8810|0.9222|0.9337|0.9455|0.9697|0.9576|0.9515|0.9573|0.9512|0.9571|0.9444
0021500299,12.06.2015.PHX.at.MEM,5.5,AMBIGUOUS_LEAD,CALIBRATED,HOLDOUT_PASS,MATERIALLY_DRIFTING,True,UNIQUE,5.5,4.5,0.9649122807017544,6.0,2.0,8.0,157,0.3439490445859872,163,168,0.9702380952380952,29,0.4827586206896552,25,30,0.8333333333333334,2.0,4.0,2.5,4,False,,475,227931,71873,1|2|3|4,498,85,1.0,87,0.9534883720930232,15,16,16,10,10,14,172,172,167,30,30,28,False,False,False,False,0.3439|0.5122|0.6994|0.8706|0.9412|0.9647|0.9529|0.9471|0.9591|0.9649|0.9647|0.9702|0.9471|0.9415|0.9357|0.9535|0.9591
0021500300,12.06.2015.GSW.at.BKN,5.0,AMBIGUOUS_LEAD,CALIBRATED,HOLDOUT_PASS,ADEQUATE,True,UNIQUE,5.0,4.0,0.9529411764705882,1.0,4.0,5.0,169,0.2781065088757396,162,169,0.9585798816568049,23,0.2608695652173913,22,24,0.9166666666666666,1.5,2.5,4.0,3,False,,470,207520,69223,1|2|3|4,492,87,0.9523809523809524,88,0.9767441860465116,16,17,18,6,6,6,175,164,28,25,23,3,True,True,True,False,0.2781|0.3636|0.5542|0.7041|0.8235|0.8817|0.9048|0.9222|0.9529|0.9529|0.9586|0.9405|0.9349|0.9286|0.9408|0.9286|0.9107
0021500301,12.06.2015.LAL.at.DET,6.5,CLOCK_CALIBRATION_VALIDATED,CALIBRATED,HOLDOUT_PASS,ADEQUATE,False,UNIQUE,6.5,6.0,0.95906432748538,0.5,6.5,6.0,170,0.2,166,173,0.9595375722543352,30,0.4666666666666667,28,31,0.9032258064516128,1.0,2.5,5.5,2,False,,479,229106,71779,1|2|3|4,495,89,0.9662921348314608,84,0.963855421686747,15,15,17,13,13,14,173,173,170,31,31,29,True,True,True,False,0.2000|0.2470|0.3232|0.4731|0.6118|0.7442|0.8304|0.8947|0.9070|0.9244|0.9290|0.9480|0.9591|0.9595|0.9419|0.9422|0.9364
0021500302,12.06.2015.DAL.at.WAS,5.5,DRIFTING_LEAD,CALIBRATED,HOLDOUT_PASS,MATERIALLY_DRIFTING,False,TIE_2_SMALLEST_CHOSEN,5.5|6.0,6.0,0.9636363636363636,2.5,5.5,3.0,154,0.2597402597402597,159,165,0.9636363636363636,22,0.1818181818181818,20,22,0.9090909090909092,2.0,4.5,2.5,3,False,,441,201098,71802,1|2|3|4,457,89,0.9438202247191012,76,1.0,11,11,13,9,9,9,165,165,159,22,22,21,True,True,True,False,0.2597|0.4575|0.7654|0.9091|0.9394|0.9455|0.9515|0.9515|0.9576|0.9576|0.9455|0.9636|0.9636|0.9455|0.9212|0.9080|0.8909
0021500303,12.06.2015.SAC.at.OKC,2.5,AMBIGUOUS_LEAD,CALIBRATED,HOLDOUT_PASS,ADEQUATE,True,UNIQUE,2.5,4.0,0.9710982658959536,1.5,2.5,4.0,162,0.4074074074074074,167,171,0.9766081871345028,34,0.4705882352941176,35,35,1.0,1.0,2.5,2.0,2,False,,520,245362,71951,1|2|3|4,548,89,0.9886363636363636,85,0.988095238095238,14,14,14,21,21,21,174,174,171,35,35,35,True,True,True,False,0.4074|0.6135|0.8263|0.9000|0.9647|0.9766|0.9651|0.9591|0.9711|0.9540|0.9425|0.9368|0.9480|0.9364|0.9364|0.9133|0.9017
0021500304,12.07.2015.DET.at.CHA,5.0,CLOCK_CALIBRATION_VALIDATED,CALIBRATED,HOLDOUT_PASS,ADEQUATE,False,UNIQUE,5.0,5.5,0.9647058823529412,0.5,5.0,5.5,159,0.2767295597484276,163,168,0.9702380952380952,26,0.2692307692307692,24,26,0.9230769230769232,1.0,4.0,3.0,3,False,,493,239855,71732,1|2|3|4,514,91,0.9666666666666668,80,0.975,8,8,9,16,15,16,171,171,166,26,26,24,False,False,False,False,0.2767|0.3922|0.5563|0.7531|0.8563|0.9290|0.9518|0.9467|0.9586|0.9588|0.9702|0.9647|0.9588|0.9591|0.9591|0.9474|0.9298
0021500305,12.07.2015.SAS.at.PHI,4.5,CLOCK_CALIBRATION_VALIDATED,CALIBRATED,HOLDOUT_PASS,ADEQUATE,False,UNIQUE,4.5,4.0,0.9867549668874172,1.5,3.0,4.5,141,0.3617021276595745,150,151,0.9933774834437086,18,0.6111111111111112,19,20,0.95,2.0,4.0,2.0,2,False,,425,210534,70717,1|2|3|4,430,81,0.9876543209876544,70,1.0,10,10,10,9,9,10,151,151,139,20,19,17,True,True,True,False,0.3617|0.5973|0.8667|0.9603|0.9801|0.9801|0.9801|0.9801|0.9868|0.9934|0.9868|0.9868|0.9669|0.9600|0.9533|0.9329|0.9116
0021500306,12.07.2015.WAS.at.MIA,3.5,AMBIGUOUS_LEAD,CALIBRATED,HOLDOUT_PASS,MATERIALLY_DRIFTING,True,TIE_4_SMALLEST_CHOSEN,3.5|4.5|5.0|5.5,4.5,0.9813664596273292,3.0,5.5,2.5,157,0.3184713375796178,158,161,0.9813664596273292,26,0.4615384615384615,24,26,0.9230769230769232,2.5,3.5,3.0,2,False,,433,228643,71412,1|2|3|4,451,86,0.9883720930232558,75,0.9866666666666668,10,10,11,14,14,15,161,161,161,26,26,24,False,False,False,False,0.3185|0.4106|0.6118|0.7925|0.9006|0.9379|0.9752|0.9814|0.9689|0.9814|0.9814|0.9814|0.9689|0.9565|0.9375|0.9193|0.9000
0021500307,12.07.2015.DAL.at.NYK,4.5,CLOCK_CALIBRATION_VALIDATED,CALIBRATED,HOLDOUT_PASS,ADEQUATE,False,UNIQUE,4.5,2.5,0.9878048780487804,0.5,4.0,4.5,154,0.3441558441558441,165,166,0.993975903614458,22,0.4545454545454545,21,22,0.9545454545454546,0.5,5.5,2.0,3,False,,420,205147,72308,1|2|3|4,437,84,1.0,82,0.9878048780487804,9,9,9,12,12,13,166,166,164,22,22,22,True,True,True,False,0.3442|0.5385|0.7250|0.8750|0.9752|0.9878|0.9818|0.9818|0.9878|0.9940|0.9819|0.9759|0.9818|0.9818|0.9758|0.9578|0.9398
0021500308,12.07.2015.LAL.at.TOR,3.5,DRIFTING_LEAD,CALIBRATED,HOLDOUT_PASS,MATERIALLY_DRIFTING,False,TIE_2_SMALLEST_CHOSEN,3.5|4.0,4.0,0.9872611464968152,3.5,6.0,2.5,151,0.3245033112582781,155,157,0.9872611464968152,22,0.4090909090909091,22,22,1.0,3.0,6.0,2.5,1,False,,442,214577,72033,1|2|3|4,454,82,1.0,75,1.0,10,10,10,12,11,12,157,157,156,22,22,22,False,False,False,False,0.3245|0.4722|0.7208|0.9026|0.9615|0.9745|0.9809|0.9873|0.9873|0.9809|0.9809|0.9809|0.9806|0.9745|0.9745|0.9682|0.9682
0021500309,12.07.2015.PHX.at.CHI,3.0,CLOCK_CALIBRATION_VALIDATED,CALIBRATED,HOLDOUT_PASS,ADEQUATE,False,UNIQUE,3.0,3.5,0.9545454545454546,1.5,4.5,3.0,179,0.3407821229050279,170,177,0.96045197740113,37,0.3513513513513513,34,38,0.8947368421052632,0.5,1.5,3.0,1,False,,487,210004,70805,1|2|3|4,515,95,0.945054945054945,87,0.988095238095238,14,15,16,20,20,22,182,181,156,38,38,34,True,True,True,False,0.3408|0.5057|0.6705|0.7791|0.8820|0.9148|0.9605|0.9545|0.9492|0.9318|0.9270|0.9218|0.9096|0.9050|0.8939|0.8820|0.8764
0021500310,12.07.2015.POR.at.MIL,4.5,CLOCK_CALIBRATION_VALIDATED,CALIBRATED,HOLDOUT_PASS,ADEQUATE,False,UNIQUE,4.5,4.0,0.9615384615384616,0.0,4.5,4.5,150,0.3,152,156,0.9743589743589745,31,0.3870967741935484,28,33,0.8484848484848485,0.5,2.0,4.0,1,False,,482,185729,70082,1|2|3|4,507,82,0.9753086419753086,76,0.9733333333333334,18,18,19,10,10,14,158,157,131,33,33,27,True,True,True,False,0.3000|0.4481|0.5733|0.7682|0.8462|0.8910|0.9167|0.9484|0.9615|0.9744|0.9615|0.9545|0.9477|0.9286|0.9216|0.9167|0.9221
0021500311,12.07.2015.LAC.at.MIN,3.0,CLOCK_CALIBRATION_VALIDATED,CALIBRATED,HOLDOUT_PASS,ADEQUATE,False,TIE_2_SMALLEST_CHOSEN,3.0|3.5,3.5,0.9940476190476192,0.5,3.0,2.5,158,0.430379746835443,167,168,0.9940476190476192,35,0.2857142857142857,34,35,0.9714285714285714,2.0,3.0,2.0,1,False,,551,254181,71805,1|2|3|4,581,94,0.9893617021276596,74,1.0,20,20,20,14,14,15,168,168,164,35,35,34,True,True,True,False,0.4304|0.6770|0.8727|0.9521|0.9820|0.9881|0.9940|0.9940|0.9881|0.9821|0.9699|0.9521|0.9464|0.9167|0.9042|0.8862|0.8631
0021500312,12.07.2015.BOS.at.NOP,5.5,AMBIGUOUS_LEAD,CALIBRATED,HOLDOUT_PASS,ADEQUATE,True,UNIQUE,5.5,4.0,0.9941520467836256,0.5,3.0,3.5,164,0.3048780487804878,170,170,1.0,29,0.3448275862068966,29,31,0.935483870967742,2.0,3.5,3.0,2,False,,451,197949,71144,1|2|3|4,475,82,1.0,89,1.0,17,16,17,12,13,14,171,171,156,31,31,26,True,True,True,False,0.3049|0.3631|0.5652|0.7108|0.8639|0.9527|0.9883|0.9941|0.9942|0.9883|0.9942|1.0000|0.9822|0.9645|0.9586|0.9353|0.8772
0021500313,12.08.2015.POR.at.CLE,6.0,CLOCK_CALIBRATION_VALIDATED,CALIBRATED,HOLDOUT_PASS,ADEQUATE,False,UNIQUE,6.0,6.5,0.9673202614379084,0.5,6.5,6.0,150,0.2333333333333333,149,154,0.9675324675324676,25,0.24,23,25,0.92,1.0,2.5,5.0,1,False,,434,167919,66308,1|2|3|4,443,78,0.974025974025974,80,0.9615384615384616,10,10,10,13,13,15,158,154,105,26,26,14,True,True,True,False,0.2333|0.2973|0.3784|0.5646|0.7383|0.8389|0.8947|0.9145|0.9474|0.9474|0.9539|0.9605|0.9675|0.9673|0.9536|0.9338|0.9267
0021500314,12.08.2015.GSW.at.IND,2.5,CLOCK_CALIBRATION_VALIDATED,CALIBRATED,HOLDOUT_PASS,ADEQUATE,False,UNIQUE,2.5,2.0,0.9844559585492229,0.5,2.0,2.5,183,0.3060109289617486,191,194,0.9845360824742267,30,0.4,28,31,0.9032258064516128,1.0,2.5,2.0,2,False,,481,212364,71245,1|2|3|4,504,98,0.9897959183673468,97,0.9791666666666666,11,11,12,17,17,19,195,195,174,31,31,27,True,True,True,False,0.3060|0.5500|0.8333|0.9635|0.9845|0.9845|0.9742|0.9744|0.9744|0.9641|0.9590|0.9430|0.9323|0.9072|0.8763|0.8549|0.8187
0021500315,12.08.2015.HOU.at.BKN,4.0,CLOCK_CALIBRATION_VALIDATED,CALIBRATED,HOLDOUT_PASS,ADEQUATE,False,UNIQUE,4.0,4.5,0.9753086419753086,0.5,4.0,4.5,160,0.3375,160,163,0.98159509202454,44,0.1590909090909091,46,47,0.9787234042553192,0.5,2.0,3.5,1,False,,434,200113,72313,1|2|3|4,476,86,0.9883720930232558,77,0.986842105263158,21,21,21,25,25,26,163,163,162,47,47,44,True,True,True,False,0.3375|0.4156|0.5658|0.7097|0.8012|0.9114|0.9500|0.9691|0.9816|0.9753|0.9753|0.9568|0.9259|0.9125|0.8889|0.8580|0.8333
0021500316,12.08.2015.OKC.at.MEM,4.0,CLOCK_CALIBRATION_VALIDATED,CALIBRATED,HOLDOUT_PASS,ADEQUATE,False,UNIQUE,4.0,3.5,0.987878787878788,1.5,5.0,3.5,158,0.310126582278481,162,163,0.9938650306748468,26,0.2692307692307692,24,27,0.8888888888888888,1.5,2.5,3.0,2,False,,431,236269,71591,1|2|3|4,450,85,1.0,80,1.0,9,8,10,15,15,17,165,164,164,27,27,26,True,True,True,False,0.3101|0.4586|0.6750|0.8385|0.9091|0.9576|0.9756|0.9879|0.9939|0.9818|0.9878|0.9693|0.9634|0.9512|0.9394|0.9329|0.9152
0021500317,12.08.2015.ORL.at.DEN,6.0,HOLDOUT_FAIL,CALIBRATED,HOLDOUT_FAIL,ADEQUATE,False,TIE_2_SMALLEST_CHOSEN,6.0|6.5,6.5,0.9476744186046512,1.0,7.0,6.0,167,0.2694610778443114,163,172,0.9476744186046512,34,0.4411764705882353,29,37,0.7837837837837838,1.5,3.0,4.5,2,False,,467,225336,72320,1|2|3|4,489,86,0.9529411764705882,86,0.9534883720930232,18,18,25,11,11,12,172,172,160,37,37,31,False,False,False,False,0.2695|0.3713|0.4371|0.5482|0.7101|0.8129|0.8765|0.9128|0.9244|0.9357|0.9357|0.9415|0.9477|0.9477|0.9474|0.9240|0.9064
0021500318,12.08.2015.UTA.at.SAC,4.5,CLOCK_CALIBRATION_VALIDATED,CALIBRATED,HOLDOUT_PASS,ADEQUATE,False,TIE_2_SMALLEST_CHOSEN,4.5|5.0,5.0,0.970414201183432,0.5,5.0,4.5,166,0.2590361445783132,164,169,0.970414201183432,27,0.4444444444444444,25,26,0.9615384615384616,1.5,4.5,3.0,3,False,,454,238397,71211,1|2|3|4,463,86,0.9534883720930232,83,1.0,12,11,13,13,13,13,169,169,158,27,27,20,True,True,True,False,0.2590|0.3038|0.4194|0.6076|0.7805|0.8970|0.9697|0.9583|0.9586|0.9704|0.9704|0.9527|0.9464|0.9405|0.9524|0.9643|0.9581
0021500319,12.09.2015.CHI.at.BOS,4.0,CLOCK_CALIBRATION_VALIDATED,CALIBRATED,HOLDOUT_PASS,ADEQUATE,False,TIE_2_SMALLEST_CHOSEN,4.0|4.5,4.5,0.9672131147540984,0.0,4.0,4.0,166,0.3855421686746988,177,183,0.9672131147540984,28,0.4642857142857143,26,28,0.9285714285714286,1.0,2.0,3.5,1,False,,530,224350,70549,1|2|3|4,554,95,0.9473684210526316,88,0.9886363636363636,18,18,19,8,8,9,183,183,171,28,28,25,True,True,True,False,0.3855|0.6215|0.7978|0.9274|0.9341|0.9392|0.9454|0.9563|0.9672|0.9672|0.9560|0.9396|0.9227|0.9056|0.8939|0.8785|0.8778
0021500320,12.09.2015.MIA.at.CHA,5.5,CLOCK_CALIBRATION_VALIDATED,CALIBRATED,HOLDOUT_PASS,ADEQUATE,False,TIE_2_SMALLEST_CHOSEN,5.5|6.0,6.0,0.9741935483870968,2.0,3.5,5.5,150,0.2733333333333333,151,155,0.9741935483870968,27,0.4814814814814814,24,27,0.8888888888888888,1.0,3.0,3.5,3,False,,427,229581,71574,1|2|3|4,450,84,0.9761904761904762,72,1.0,9,9,9,15,15,18,156,156,153,27,27,25,True,True,True,False,0.2733|0.4013|0.5294|0.6993|0.8170|0.9156|0.9351|0.9610|0.9487|0.9613|0.9551|0.9742|0.9742|0.9613|0.9416|0.9231|0.9231
0021500321,12.09.2015.HOU.at.WAS,4.5,CLOCK_CALIBRATION_VALIDATED,CALIBRATED,HOLDOUT_PASS,ADEQUATE,False,UNIQUE,4.5,4.0,0.9825581395348836,1.0,3.5,4.5,163,0.3128834355828221,168,170,0.9882352941176472,37,0.4594594594594595,34,37,0.918918918918919,1.0,2.5,3.0,1,False,,496,213530,72048,1|2|3|4,511,89,0.9887640449438202,83,0.9878048780487804,18,17,20,16,16,17,172,171,168,37,36,33,True,True,True,False,0.3129|0.5749|0.7882|0.8947|0.9419|0.9532|0.9765|0.9766|0.9826|0.9882|0.9708|0.9593|0.9415|0.9186|0.9070|0.8882|0.8314
0021500322,12.09.2015.MEM.at.DET,5.5,CLOCK_CALIBRATION_VALIDATED,CALIBRATED,HOLDOUT_PASS,ADEQUATE,False,TIE_2_SMALLEST_CHOSEN,5.5|6.0,6.0,0.9597701149425288,1.5,7.5,6.0,173,0.2543352601156069,167,174,0.9597701149425288,29,0.6551724137931034,24,29,0.8275862068965517,1.5,4.0,4.5,3,False,,434,209078,71369,1|2|3|4,456,84,0.9523809523809524,91,0.978021978021978,11,10,14,13,11,15,175,175,169,29,29,22,False,False,False,False,0.2543|0.3452|0.4345|0.4970|0.6316|0.7529|0.8448|0.8960|0.9257|0.9483|0.9425|0.9598|0.9598|0.9543|0.9429|0.9483|0.9425
0021500323,12.09.2015.SAS.at.TOR,4.0,CLOCK_CALIBRATION_VALIDATED,CALIBRATED,HOLDOUT_PASS,ADEQUATE,False,TIE_3_SMALLEST_CHOSEN,4.0|4.5|5.0,4.5,0.9927536231884058,1.0,4.0,3.0,134,0.2686567164179104,137,138,0.9927536231884058,36,0.4166666666666667,35,37,0.945945945945946,2.0,3.0,3.0,2,False,,423,226650,70451,1|2|3|4,443,70,0.9855072463768116,70,1.0,17,17,18,18,18,19,140,138,134,37,37,33,False,False,False,False,0.2687|0.3864|0.6719|0.8955|0.9632|0.9640|0.9784|0.9781|0.9928|0.9928|0.9928|0.9856|0.9568|0.9500|0.9420|0.9565|0.9353
0021500324,12.09.2015.LAC.at.MIL,4.5,AMBIGUOUS_LEAD,CALIBRATED,HOLDOUT_PASS,ADEQUATE,True,UNIQUE,4.5,3.5,0.9607843137254902,1.0,3.5,4.5,151,0.271523178807947,147,152,0.9671052631578948,22,0.2727272727272727,19,21,0.9047619047619048,1.0,3.5,3.0,2,False,,473,164192,63414,1|2|3|4,492,89,0.9375,82,1.0,11,11,13,8,8,9,171,160,72,25,21,7,True,True,True,False,0.2715|0.4189|0.5845|0.8095|0.9073|0.9408|0.9545|0.9608|0.9545|0.9671|0.9597|0.9524|0.9524|0.9324|0.9195|0.8933|0.8926
0021500325,12.09.2015.LAL.at.MIN,3.5,AMBIGUOUS_LEAD,CALIBRATED,HOLDOUT_PASS,ADEQUATE,True,UNIQUE,3.5,2.5,0.9838709677419356,1.5,2.0,3.5,179,0.3798882681564245,184,186,0.989247311827957,23,0.3478260869565217,20,23,0.8695652173913043,2.0,3.5,2.0,2,False,,506,247636,78644,1|2|3|4|5,522,86,1.0,84,0.9761904761904762,12,14,15,7,7,7,186,185,164,23,23,16,True,True,True,False,0.3799|0.6264|0.8859|0.9243|0.9785|0.9839|0.9839|0.9892|0.9839|0.9838|0.9785|0.9570|0.9462|0.9243|0.9194|0.8865|0.8703
0021500326,12.09.2015.ORL.at.PHX,4.0,AMBIGUOUS_LEAD,CALIBRATED,HOLDOUT_PASS,ADEQUATE,True,UNIQUE,4.0,2.0,0.9939024390243902,2.0,2.0,4.0,152,0.3289473684210526,162,162,1.0,33,0.2424242424242424,32,34,0.9411764705882352,1.5,4.0,1.5,3,False,,468,211644,71020,1|2|3|4,487,86,1.0,79,1.0,18,16,18,14,14,16,165,165,128,34,33,26,True,True,True,False,0.3289|0.6144|0.8589|0.9814|0.9939|0.9878|0.9818|0.9939|1.0000|0.9877|0.9879|0.9758|0.9568|0.9387|0.9313|0.9268|0.9146
0021500327,12.09.2015.NYK.at.UTA,3.0,CLOCK_CALIBRATION_VALIDATED,CALIBRATED,HOLDOUT_PASS,ADEQUATE,False,TIE_2_SMALLEST_CHOSEN,3.0|3.5,3.5,0.9936708860759492,0.0,3.0,3.0,147,0.2789115646258503,157,158,0.9936708860759492,23,0.3043478260869565,23,24,0.9583333333333334,1.0,3.0,2.5,1,False,,470,224477,71117,1|2|3|4,482,87,1.0,71,0.9859154929577464,5,5,5,18,18,19,158,158,156,24,24,21,True,True,True,False,0.2789|0.3973|0.6600|0.8487|0.9359|0.9745|0.9937|0.9937|0.9810|0.9810|0.9745|0.9682|0.9618|0.9618|0.9618|0.9554|0.9487
0021500328,12.09.2015.ATL.at.DAL,3.0,CLOCK_CALIBRATION_VALIDATED,CALIBRATED,HOLDOUT_PASS,ADEQUATE,False,UNIQUE,3.0,3.5,0.9790209790209792,1.0,2.0,3.0,141,0.3404255319148936,142,144,0.9861111111111112,19,0.2631578947368421,16,17,0.9411764705882352,0.5,3.5,2.0,2,False,,471,178953,53573,1|2|3|4,492,87,0.9861111111111112,94,1.0,8,8,10,8,8,8,181,131,0,23,19,0,True,True,True,False,0.3404|0.5037|0.8162|0.9286|0.9720|0.9720|0.9861|0.9790|0.9789|0.9787|0.9787|0.9643|0.9568|0.9429|0.9203|0.9130|0.8986
0021500329,12.10.2015.PHI.at.BKN,4.5,CLOCK_CALIBRATION_VALIDATED,CALIBRATED,HOLDOUT_PASS,ADEQUATE,False,UNIQUE,4.5,4.0,0.968944099378882,0.5,4.5,4.0,155,0.3483870967741935,156,160,0.975,28,0.3571428571428571,27,29,0.9310344827586208,1.5,3.5,3.0,2,False,,476,243559,72584,1|2|3|4,493,83,0.9878048780487804,78,0.9615384615384616,16,16,17,11,12,12,161,160,150,29,29,26,False,False,False,False,0.3484|0.3961|0.5789|0.7070|0.8397|0.9434|0.9623|0.9625|0.9689|0.9750|0.9627|0.9689|0.9565|0.9379|0.9441|0.9379|0.9125
0021500330,12.10.2015.LAC.at.CHI,5.0,AMBIGUOUS_LEAD,CALIBRATED,HOLDOUT_PASS,ADEQUATE,True,UNIQUE,5.0,4.0,0.9760479041916168,1.0,5.0,4.0,172,0.2674418604651162,163,166,0.9819277108433736,24,0.3333333333333333,22,24,0.9166666666666666,1.5,3.0,3.5,2,False,,442,204712,68970,1|2|3|4,463,89,1.0,86,0.975609756097561,10,10,10,12,13,14,175,172,103,24,23,13,True,True,True,False,0.2674|0.3614|0.5414|0.7962|0.9130|0.9461|0.9583|0.9701|0.9760|0.9759|0.9819|0.9758|0.9697|0.9573|0.9337|0.9167|0.9112
0021500331,12.10.2015.ATL.at.OKC,4.5,CLOCK_CALIBRATION_VALIDATED,CALIBRATED,HOLDOUT_PASS,ADEQUATE,False,UNIQUE,4.5,4.0,0.9746835443037974,0.5,4.5,4.0,149,0.3624161073825503,154,157,0.9808917197452228,22,0.4545454545454545,21,23,0.9130434782608696,1.5,3.0,3.0,2,False,,446,204273,71861,1|2|3|4,463,75,1.0,83,0.963855421686747,14,14,16,7,6,7,158,158,155,23,23,22,True,True,True,False,0.3624|0.5704|0.8065|0.9281|0.9363|0.9557|0.9620|0.9620|0.9747|0.9809|0.9745|0.9684|0.9557|0.9304|0.9241|0.9241|0.9114
0021500332,12.10.2015.NYK.at.SAC,4.5,AMBIGUOUS_LEAD,CALIBRATED,HOLDOUT_PASS,ADEQUATE,True,TIE_2_SMALLEST_CHOSEN,4.5|5.5,5.5,0.9772727272727272,1.0,4.5,5.5,169,0.2366863905325443,172,176,0.9772727272727272,29,0.3448275862068966,28,29,0.9655172413793104,2.0,4.0,3.0,3,False,,479,206840,71055,1|2|3|4,499,87,1.0,89,0.9887640449438202,14,14,14,14,14,15,176,174,136,30,29,21,True,True,True,False,0.2367|0.3114|0.4012|0.6446|0.8214|0.9310|0.9598|0.9716|0.9716|0.9773|0.9714|0.9773|0.9657|0.9598|0.9425|0.9080|0.8960
0021500333,12.11.2015.MIA.at.IND,3.5,AMBIGUOUS_LEAD,CALIBRATED,HOLDOUT_PASS,MATERIALLY_DRIFTING,True,UNIQUE,3.5,6.0,0.975,3.0,3.0,6.0,163,0.2269938650306748,157,161,0.9751552795031057,30,0.2,29,31,0.935483870967742,1.5,4.0,3.0,2,False,,427,198506,68385,1|2|3|4,456,87,0.9882352941176472,80,0.9736842105263158,15,15,16,14,12,14,167,164,80,31,30,12,True,True,True,False,0.2270|0.2452|0.4000|0.6369|0.8571|0.9383|0.9691|0.9752|0.9688|0.9625|0.9625|0.9625|0.9750|0.9563|0.9434|0.9371|0.9177
0021500334,12.11.2015.CLE.at.ORL,4.0,AMBIGUOUS_LEAD,CALIBRATED,HOLDOUT_PASS,ADEQUATE,True,UNIQUE,4.0,5.5,0.946969696969697,2.0,4.0,6.0,129,0.3178294573643411,126,133,0.9473684210526316,36,0.3055555555555556,33,35,0.9428571428571428,2.5,3.5,3.5,2,False,,438,173557,65371,1|2|3|4,454,77,0.9722222222222222,67,0.9193548387096774,14,14,16,19,18,19,144,135,22,37,33,1,True,True,True,False,0.3178|0.4844|0.7710|0.8872|0.9185|0.9254|0.9265|0.9333|0.9474|0.9398|0.9398|0.9470|0.9403|0.9323|0.9023|0.9098|0.8939
0021500335,12.11.2015.DET.at.PHI,5.0,CLOCK_CALIBRATION_VALIDATED,CALIBRATED,HOLDOUT_PASS,ADEQUATE,False,UNIQUE,5.0,5.5,0.9870967741935484,2.0,5.0,3.0,148,0.3851351351351351,155,156,0.9935897435897436,31,0.5161290322580645,26,28,0.9285714285714286,0.5,2.5,3.5,2,False,,475,190622,63394,1|2|3|4,500,86,1.0,87,1.0,15,15,16,11,13,14,173,147,6,35,31,0,True,True,True,False,0.3851|0.6200|0.8280|0.9051|0.9367|0.9682|0.9682|0.9808|0.9806|0.9870|0.9936|0.9871|0.9615|0.9423|0.9351|0.9231|0.9161
0021500336,12.11.2015.GSW.at.BOS,3.0,CLOCK_CALIBRATION_VALIDATED,CALIBRATED,HOLDOUT_PASS,ADEQUATE,False,UNIQUE,3.0,2.0,0.9863636363636364,1.0,3.0,4.0,204,0.4607843137254901,218,220,0.990909090909091,33,0.4848484848484848,29,33,0.8787878787878788,0.5,3.0,2.0,2,False,,625,288213,86936,1|2|3|4|5|6,653,93,1.0,89,1.0,9,9,10,16,16,18,221,221,219,33,33,31,True,True,True,False,0.4608|0.6209|0.8140|0.9220|0.9864|0.9864|0.9909|0.9773|0.9726|0.9726|0.9638|0.9364|0.9276|0.9005|0.8716|0.8721|0.8447
0021500337,12.11.2015.MIL.at.TOR,4.5,AMBIGUOUS_LEAD,CALIBRATED,HOLDOUT_PASS,ADEQUATE,True,UNIQUE,4.5,3.5,0.9659863945578232,0.5,3.5,4.0,142,0.2746478873239437,142,146,0.9726027397260274,29,0.2758620689655172,29,30,0.9666666666666668,1.5,2.0,3.5,3,False,,421,194969,69735,1|2|3|4,443,82,0.9753086419753086,68,0.9696969696969696,14,14,15,15,15,15,150,148,82,31,31,18,True,True,True,False,0.2746|0.3986|0.6738|0.8435|0.9189|0.9384|0.9517|0.9660|0.9660|0.9726|0.9375|0.9589|0.9252|0.9315|0.9054|0.9178|0.9103
0021500338,12.11.2015.CHA.at.MEM,5.5,AMBIGUOUS_LEAD,CALIBRATED,HOLDOUT_PASS,ADEQUATE,True,UNIQUE,5.5,3.0,0.9745222929936306,1.5,3.0,4.5,142,0.323943661971831,154,158,0.9746835443037974,25,0.44,23,25,0.92,1.5,4.0,3.0,3,False,,468,229174,72088,1|2|3|4,487,77,0.974025974025974,81,0.9753086419753086,12,11,12,11,13,13,158,157,130,25,24,17,True,True,True,False,0.3239|0.5556|0.7468|0.8816|0.9167|0.9490|0.9745|0.9682|0.9682|0.9684|0.9682|0.9747|0.9557|0.9554|0.9363|0.9241|0.8987
0021500339,12.11.2015.WAS.at.NOP,3.5,CLOCK_CALIBRATION_VALIDATED,CALIBRATED,HOLDOUT_PASS,ADEQUATE,False,UNIQUE,3.5,2.5,0.9806451612903224,0.0,3.5,3.5,143,0.3356643356643357,155,156,0.9935897435897436,22,0.2272727272727272,23,25,0.92,0.5,3.0,2.0,3,False,,440,174973,67213,1|2|3|4,457,81,0.9876543209876544,78,1.0,10,10,11,13,13,14,159,155,102,26,26,14,False,False,False,False,0.3357|0.6081|0.8378|0.9281|0.9740|0.9806|0.9805|0.9936|0.9740|0.9735|0.9735|0.9801|0.9667|0.9603|0.9408|0.9276|0.9073
0021500340,12.11.2015.MIN.at.DEN,5.0,CLOCK_CALIBRATION_VALIDATED,CALIBRATED,HOLDOUT_PASS,ADEQUATE,False,UNIQUE,5.0,6.0,0.9585798816568049,0.5,5.0,4.5,167,0.3173652694610778,164,170,0.9647058823529412,21,0.3809523809523809,19,20,0.95,0.5,2.0,5.0,3,False,,523,238845,76690,1|2|3|4|5,532,83,0.9753086419753086,72,0.971830985915493,8,8,8,9,10,10,173,172,113,22,22,11,True,True,True,False,0.3174|0.4277|0.5366|0.6707|0.7844|0.8471|0.8824|0.9112|0.9345|0.9412|0.9647|0.9529|0.9586|0.9408|0.9467|0.9408|0.9231
0021500341,12.11.2015.OKC.at.UTA,4.5,CLOCK_CALIBRATION_VALIDATED,CALIBRATED,HOLDOUT_PASS,ADEQUATE,False,UNIQUE,4.5,5.0,0.9807692307692308,1.0,4.5,3.5,150,0.2066666666666666,154,157,0.9808917197452228,24,0.5,23,24,0.9583333333333334,2.0,3.0,3.5,2,False,,434,219728,71721,1|2|3|4,447,82,0.975609756097561,75,0.9866666666666668,13,13,14,10,10,10,157,156,144,24,24,23,True,True,True,False,0.2067|0.4189|0.5987|0.7935|0.8782|0.9236|0.9551|0.9745|0.9618|0.9809|0.9808|0.9808|0.9744|0.9551|0.9484|0.9427|0.9363
0021500342,12.11.2015.LAL.at.SAS,5.0,AMBIGUOUS_LEAD,CALIBRATED,HOLDOUT_PASS,ADEQUATE,True,UNIQUE,5.0,4.0,0.9823529411764704,1.0,5.0,4.0,161,0.2236024844720497,167,169,0.9881656804733728,27,0.4074074074074074,26,28,0.9285714285714286,2.0,2.5,4.0,2,False,,445,247331,71631,1|2|3|4,465,86,0.9882352941176472,84,0.988095238095238,14,14,15,12,12,13,170,170,166,28,28,24,True,True,True,False,0.2236|0.3250|0.4908|0.6890|0.8571|0.9408|0.9529|0.9588|0.9824|0.9824|0.9882|0.9824|0.9706|0.9588|0.9647|0.9647|0.9529
0021500343,12.11.2015.POR.at.PHX,4.5,DRIFTING_LEAD,CALIBRATED,HOLDOUT_PASS,MATERIALLY_DRIFTING,False,UNIQUE,4.5,4.0,0.9575757575757576,2.5,5.5,3.0,168,0.2797619047619047,159,166,0.9578313253012049,19,0.2105263157894736,17,18,0.9444444444444444,1.5,3.0,3.5,2,False,,425,165325,64669,1|2|3|4,450,97,0.967032967032967,82,0.9733333333333334,9,9,10,8,7,9,179,171,72,21,19,7,False,False,False,False,0.2798|0.2981|0.4534|0.6585|0.7952|0.8841|0.9264|0.9441|0.9576|0.9578|0.9448|0.9573|0.9503|0.9317|0.9080|0.9074|0.8889
0021500344,12.12.2015.LAC.at.BKN,4.0,CLOCK_CALIBRATION_VALIDATED,CALIBRATED,HOLDOUT_PASS,ADEQUATE,False,UNIQUE,4.0,3.5,0.9877300613496932,0.5,3.0,3.5,155,0.4129032258064516,162,164,0.9878048780487804,28,0.3571428571428571,28,28,1.0,1.5,3.5,2.0,1,False,,470,206961,71176,1|2|3|4,484,83,1.0,82,0.9876543209876544,16,15,16,12,12,12,165,165,147,28,28,22,False,False,False,False,0.4129|0.5823|0.7925|0.9085|0.9691|0.9693|0.9816|0.9877|0.9878|0.9817|0.9695|0.9634|0.9509|0.9509|0.9264|0.9268|0.9024
0021500345,12.12.2015.BOS.at.CHA,4.0,CLOCK_CALIBRATION_VALIDATED,CALIBRATED,HOLDOUT_PASS,ADEQUATE,False,TIE_3_SMALLEST_CHOSEN,4.0|4.5|5.0,4.5,0.9836956521739132,1.0,4.0,3.0,172,0.2732558139534883,181,184,0.9836956521739132,16,0.5625,14,15,0.9333333333333332,1.5,4.5,3.5,2,False,,428,183861,71003,1|2|3|4,440,93,1.0,91,0.978021978021978,7,7,7,7,7,8,184,183,180,16,16,15,True,True,True,False,0.2733|0.4327|0.6364|0.7877|0.8659|0.9235|0.9620|0.9781|0.9837|0.9837|0.9837|0.9779|0.9670|0.9725|0.9724|0.9669|0.9396
0021500346,12.12.2015.IND.at.DET,5.5,CLOCK_CALIBRATION_VALIDATED,CALIBRATED,HOLDOUT_PASS,ADEQUATE,False,UNIQUE,5.5,4.5,0.940828402366864,1.0,5.5,4.5,166,0.2108433734939759,160,168,0.9523809523809524,30,0.4333333333333333,28,30,0.9333333333333332,0.5,2.0,4.5,3,False,,429,213920,70430,1|2|3|4,454,81,0.9746835443037974,91,0.9333333333333332,14,14,14,14,13,16,172,170,139,30,30,25,True,True,True,False,0.2108|0.3067|0.4012|0.5276|0.7099|0.8133|0.8512|0.8876|0.9167|0.9408|0.9231|0.9524|0.9408|0.9290|0.9408|0.8817|0.8876
0021500347,12.12.2015.SAS.at.ATL,2.5,AMBIGUOUS_LEAD,CALIBRATED,HOLDOUT_PASS,ADEQUATE,True,TIE_2_SMALLEST_CHOSEN,2.5|3.5,3.5,0.96875,1.0,3.5,4.5,123,0.2845528455284553,124,128,0.96875,36,0.4166666666666667,30,32,0.9375,1.5,3.0,2.5,3,False,,437,186208,58559,1|2|3|4,459,76,0.9516129032258064,78,1.0,17,18,20,13,15,16,154,128,2,40,34,0,True,True,True,False,0.2846|0.5000|0.6797|0.8244|0.9462|0.9688|0.9606|0.9688|0.9535|0.9535|0.9609|0.9453|0.9274|0.9113|0.9024|0.8548|0.8240
0021500348,12.12.2015.NOP.at.CHI,4.0,CLOCK_CALIBRATION_VALIDATED,CALIBRATED,HOLDOUT_PASS,ADEQUATE,False,UNIQUE,4.0,4.5,0.9631901840490796,0.5,3.5,4.0,164,0.25,160,164,0.975609756097561,22,0.2272727272727272,22,22,1.0,0.5,2.0,3.5,1,False,,437,196369,68604,1|2|3|4,460,84,0.9879518072289156,83,0.9629629629629628,15,14,15,7,7,7,167,161,87,23,21,13,True,True,True,False,0.2500|0.4085|0.6115|0.8000|0.9217|0.9394|0.9518|0.9576|0.9756|0.9632|0.9630|0.9512|0.9455|0.9455|0.9512|0.9390|0.9390
0021500349,12.12.2015.LAL.at.HOU,4.0,CLOCK_CALIBRATION_VALIDATED,CALIBRATED,HOLDOUT_PASS,ADEQUATE,False,UNIQUE,4.0,4.5,0.9659090909090908,1.0,4.0,3.0,174,0.3448275862068966,171,177,0.9661016949152542,35,0.2857142857142857,31,34,0.9117647058823528,1.5,2.5,3.0,2,False,,481,209356,70747,1|2|3|4,513,89,0.9545454545454546,89,0.9775280898876404,16,16,17,15,15,17,178,178,133,35,34,21,True,True,True,False,0.3448|0.4277|0.6316|0.8314|0.8971|0.9429|0.9548|0.9492|0.9661|0.9659|0.9659|0.9429|0.9195|0.9306|0.8966|0.8497|0.8276
0021500350,12.12.2015.WAS.at.DAL,3.0,CLOCK_CALIBRATION_VALIDATED,CALIBRATED,HOLDOUT_PASS,ADEQUATE,False,UNIQUE,3.0,3.5,0.9875776397515528,0.0,3.0,3.0,151,0.2781456953642384,159,160,0.99375,25,0.4,24,24,1.0,1.0,4.0,2.0,1,False,,466,166481,63673,1|2|3|4,482,86,0.987012987012987,88,1.0,12,12,12,12,12,12,174,162,39,25,22,4,True,True,True,False,0.2781|0.5473|0.8421|0.9686|0.9748|0.9874|0.9938|0.9876|0.9874|0.9812|0.9812|0.9810|0.9618|0.9295|0.9161|0.8896|0.8506
0021500351,12.12.2015.GSW.at.MIL,4.0,CLOCK_CALIBRATION_VALIDATED,CALIBRATED,HOLDOUT_PASS,ADEQUATE,False,UNIQUE,4.0,3.5,0.940828402366864,0.0,4.0,4.0,168,0.3392857142857143,161,169,0.9526627218934912,30,0.2666666666666666,29,29,1.0,0.5,1.5,3.5,1,False,,469,196364,67651,1|2|3|4,502,94,0.9555555555555556,85,0.9493670886075948,13,13,13,16,16,16,179,167,19,32,30,0,False,False,False,False,0.3393|0.4606|0.6402|0.7784|0.8373|0.8698|0.9053|0.9408|0.9527|0.9405|0.9231|0.9290|0.9107|0.9107|0.8869|0.8862|0.8862
0021500352,12.12.2015.NYK.at.POR,5.0,CLOCK_CALIBRATION_VALIDATED,CALIBRATED,HOLDOUT_PASS,ADEQUATE,False,UNIQUE,5.0,4.5,0.975609756097561,1.0,4.0,5.0,156,0.2692307692307692,160,163,0.98159509202454,18,0.5555555555555556,17,17,1.0,1.0,3.5,3.5,1,False,,453,214244,71305,1|2|3|4,461,79,0.9873417721518988,85,0.9761904761904762,12,11,11,5,5,5,164,158,112,18,18,11,False,False,False,False,0.2692|0.3576|0.5658|0.7438|0.8659|0.9264|0.9321|0.9632|0.9753|0.9756|0.9816|0.9695|0.9695|0.9634|0.9573|0.9268|0.9329
0021500353,12.13.2015.MIN.at.PHX,3.0,CLOCK_CALIBRATION_VALIDATED,CALIBRATED,HOLDOUT_PASS,ADEQUATE,False,UNIQUE,3.0,3.5,0.9855072463768116,1.0,3.0,2.0,127,0.4094488188976378,136,137,0.9927007299270072,34,0.3235294117647059,30,32,0.9375,1.0,2.0,2.0,1,False,,482,167360,57884,1|2|3|4,513,72,0.9838709677419356,88,1.0,16,16,18,14,12,14,160,142,34,38,31,4,True,True,True,False,0.4094|0.6480|0.8456|0.9328|0.9779|0.9853|0.9927|0.9855|0.9638|0.9562|0.9485|0.9420|0.9275|0.9058|0.9065|0.9124|0.8929
0021500354,12.13.2015.MEM.at.MIA,4.0,CLOCK_CALIBRATION_VALIDATED,CALIBRATED,HOLDOUT_PASS,ADEQUATE,False,UNIQUE,4.0,4.5,0.9933774834437086,0.5,4.5,4.0,150,0.2866666666666667,151,152,0.993421052631579,22,0.1363636363636363,23,23,1.0,1.0,3.5,3.0,2,False,,401,209996,69998,1|2|3|4,417,81,1.0,73,1.0,8,8,8,15,15,15,154,151,132,23,23,21,True,True,True,False,0.2867|0.4184|0.6736|0.8121|0.9145|0.9408|0.9803|0.9868|0.9934|0.9934|0.9868|0.9735|0.9801|0.9539|0.9342|0.9200|0.9184
0021500355,12.13.2015.PHI.at.TOR,6.0,CLOCK_CALIBRATION_VALIDATED,CALIBRATED,HOLDOUT_PASS,ADEQUATE,False,UNIQUE,6.0,5.5,0.9813664596273292,0.5,5.5,6.0,156,0.2371794871794871,159,162,0.9814814814814816,29,0.4137931034482758,26,30,0.8666666666666667,1.5,3.0,4.5,1,False,,483,242752,72026,1|2|3|4,508,82,1.0,80,0.975,13,13,16,13,13,14,162,162,155,30,30,29,True,True,True,False,0.2372|0.3312|0.4581|0.6646|0.8199|0.8938|0.9383|0.9444|0.9506|0.9689|0.9752|0.9814|0.9815|0.9753|0.9691|0.9568|0.9506
0021500356,12.13.2015.UTA.at.OKC,3.0,CLOCK_CALIBRATION_VALIDATED,CALIBRATED,HOLDOUT_PASS,ADEQUATE,False,UNIQUE,3.0,2.5,0.9743589743589745,0.5,3.0,3.5,109,0.4220183486238532,115,118,0.9745762711864406,17,0.5294117647058824,16,17,0.9411764705882352,2.0,2.5,2.0,1,False,,343,164768,56858,1|2|3|4,505,80,0.975,74,1.0,11,11,11,5,5,6,173,118,117,21,17,17,True,True,True,False,0.4220|0.5398|0.8214|0.9397|0.9573|0.9744|0.9746|0.9661|0.9661|0.9492|0.9487|0.9402|0.9316|0.9138|0.8803|0.8559|0.8475
0021500357,12.14.2015.TOR.at.IND,2.0,CLOCK_CALIBRATION_VALIDATED,CALIBRATED,HOLDOUT_PASS,ADEQUATE,False,UNIQUE,2.0,2.5,0.9869281045751634,0.0,2.0,2.0,150,0.26,152,153,0.9934640522875816,28,0.3928571428571428,25,27,0.925925925925926,1.0,2.0,2.0,2,False,,455,221747,65394,1|2|3|4,482,78,1.0,87,0.9875,14,14,16,11,11,11,165,152,23,32,30,6,True,True,True,False,0.2600|0.5099|0.8041|0.9677|0.9935|0.9869|0.9739|0.9673|0.9673|0.9608|0.9737|0.9669|0.9669|0.9477|0.9342|0.9474|0.9342
0021500358,12.14.2015.ORL.at.BKN,4.5,AMBIGUOUS_LEAD,CALIBRATED,HOLDOUT_PASS,ADEQUATE,True,UNIQUE,4.5,5.5,0.9934640522875816,0.5,4.5,4.0,154,0.2727272727272727,153,153,1.0,31,0.4516129032258064,30,32,0.9375,1.0,2.5,4.0,2,False,,427,192224,71075,1|2|3|4,443,80,1.0,76,1.0,11,11,13,19,19,19,156,156,117,33,32,20,True,True,True,False,0.2727|0.3618|0.4702|0.5972|0.7467|0.8750|0.9416|0.9742|0.9870|1.0000|0.9804|0.9935|0.9804|0.9673|0.9608|0.9536|0.9211
0021500359,12.14.2015.LAC.at.DET,6.0,CLOCK_CALIBRATION_VALIDATED,CALIBRATED,HOLDOUT_PASS,ADEQUATE,False,UNIQUE,6.0,5.5,0.967032967032967,1.0,5.0,6.0,178,0.2303370786516854,178,183,0.9726775956284152,27,0.3703703703703703,25,28,0.8928571428571429,0.5,2.5,5.0,1,False,,525,235000,76459,1|2|3|4|5,542,89,0.9772727272727272,81,0.975,16,17,18,8,8,8,186,184,140,28,28,18,True,True,True,False,0.2303|0.2707|0.3429|0.4850|0.6384|0.7582|0.8470|0.9076|0.9239|0.9505|0.9563|0.9670|0.9727|0.9613|0.9558|0.9497|0.9389
0021500360,12.14.2015.MIA.at.ATL,4.0,CLOCK_CALIBRATION_VALIDATED,CALIBRATED,HOLDOUT_PASS,ADEQUATE,False,TIE_2_SMALLEST_CHOSEN,4.0|4.5,4.5,0.976878612716763,0.0,4.0,4.0,169,0.2781065088757396,169,173,0.976878612716763,29,0.5172413793103449,27,29,0.9310344827586208,1.0,3.0,3.0,2,False,,447,230490,71665,1|2|3|4,466,90,0.9555555555555556,83,1.0,14,14,15,13,13,14,173,173,165,29,29,25,False,False,False,False,0.2781|0.4259|0.6488|0.7953|0.8953|0.9415|0.9653|0.9653|0.9769|0.9769|0.9653|0.9595|0.9538|0.9480|0.9133|0.9186|0.8902
0021500361,12.14.2015.PHI.at.CHI,3.5,CLOCK_CALIBRATION_VALIDATED,CALIBRATED,HOLDOUT_PASS,ADEQUATE,False,UNIQUE,3.5,3.0,0.9883720930232558,1.0,2.5,3.5,172,0.2441860465116279,171,172,0.994186046511628,23,0.2608695652173913,24,24,1.0,1.0,1.5,3.0,1,False,,456,212505,67977,1|2|3|4,481,89,0.9886363636363636,88,1.0,7,7,7,17,17,17,177,168,75,24,23,6,False,False,False,False,0.2442|0.3779|0.5765|0.8313|0.9302|0.9659|0.9884|0.9942|0.9769|0.9709|0.9649|0.9645|0.9706|0.9643|0.9583|0.9408|0.9112
0021500362,12.14.2015.WAS.at.MEM,5.0,DRIFTING_LEAD,CALIBRATED,HOLDOUT_PASS,MATERIALLY_DRIFTING,False,UNIQUE,5.0,5.5,0.9936305732484076,3.0,5.0,2.0,153,0.3071895424836601,158,158,1.0,29,0.4137931034482758,25,28,0.8928571428571429,0.5,2.0,3.5,2,False,,415,174395,66619,1|2|3|4,433,83,1.0,81,1.0,13,13,15,12,11,13,164,162,90,31,30,14,True,True,True,False,0.3072|0.5098|0.7296|0.8526|0.9177|0.9689|0.9752|0.9811|0.9747|0.9809|1.0000|0.9936|0.9620|0.9490|0.9226|0.9103|0.8968
0021500363,12.14.2015.PHX.at.DAL,3.0,CLOCK_CALIBRATION_VALIDATED,CALIBRATED,HOLDOUT_PASS,ADEQUATE,False,TIE_2_SMALLEST_CHOSEN,3.0|3.5,3.5,0.98,0.5,3.0,3.5,150,0.2866666666666667,147,150,0.98,29,0.2758620689655172,28,30,0.9333333333333332,2.5,3.5,1.5,2,False,,457,173544,68178,1|2|3|4,477,85,0.9878048780487804,72,0.9714285714285714,17,17,18,11,11,12,157,153,129,32,31,24,False,False,False,False,0.2867|0.5486|0.8163|0.9667|0.9733|0.9733|0.9800|0.9800|0.9797|0.9730|0.9530|0.9597|0.9595|0.9150|0.9020|0.8874|0.8758
0021500364,12.14.2015.UTA.at.SAS,5.5,CLOCK_CALIBRATION_VALIDATED,CALIBRATED,HOLDOUT_PASS,ADEQUATE,False,UNIQUE,5.5,6.0,0.9802631578947368,0.0,5.5,5.5,150,0.2266666666666666,151,152,0.993421052631579,22,0.3181818181818182,20,22,0.9090909090909092,0.5,1.5,5.0,1,False,,418,213859,70402,1|2|3|4,431,75,0.9866666666666668,79,1.0,13,13,13,7,7,9,154,153,127,22,22,16,True,True,True,False,0.2267|0.2945|0.5203|0.6959|0.8079|0.8933|0.9133|0.9267|0.9396|0.9463|0.9735|0.9934|0.9803|0.9671|0.9603|0.9342|0.9211
0021500365,12.14.2015.HOU.at.DEN,4.5,CLOCK_CALIBRATION_VALIDATED,CALIBRATED,HOLDOUT_PASS,ADEQUATE,False,UNIQUE,4.5,5.0,0.9294871794871796,2.0,6.5,4.5,158,0.310126582278481,147,157,0.9363057324840764,27,0.2962962962962963,27,27,1.0,0.5,2.0,4.5,2,False,,448,179846,65387,1|2|3|4,470,90,0.9518072289156626,79,0.9583333333333334,16,13,16,11,11,11,169,161,98,29,28,16,True,True,True,False,0.3101|0.3711|0.4777|0.6062|0.7342|0.8239|0.8562|0.8994|0.9114|0.9363|0.9295|0.9172|0.9216|0.9091|0.9161|0.8896|0.8693
0021500366,12.14.2015.NOP.at.POR,3.0,CLOCK_CALIBRATION_VALIDATED,CALIBRATED,HOLDOUT_PASS,ADEQUATE,False,UNIQUE,3.0,2.5,0.9754601226993864,0.5,3.0,2.5,155,0.2258064516129032,160,163,0.98159509202454,24,0.1666666666666666,23,24,0.9583333333333334,1.5,3.0,2.5,2,False,,465,212357,71108,1|2|3|4,491,82,0.975609756097561,81,0.9876543209876544,14,14,15,9,9,9,163,159,93,24,23,12,True,True,True,False,0.2258|0.3312|0.5226|0.7901|0.9202|0.9755|0.9816|0.9755|0.9691|0.9691|0.9753|0.9565|0.9379|0.9441|0.9255|0.9255|0.9250
0021500367,12.15.2015.CLE.at.BOS,3.5,CLOCK_CALIBRATION_VALIDATED,CALIBRATED,HOLDOUT_PASS,ADEQUATE,False,UNIQUE,3.5,4.0,0.98159509202454,1.0,2.5,3.5,156,0.2884615384615384,161,163,0.9877300613496932,24,0.5416666666666666,23,24,0.9583333333333334,1.0,2.5,2.5,2,False,,431,196490,70915,1|2|3|4,451,84,0.988095238095238,81,0.9873417721518988,14,15,15,9,9,9,165,165,156,24,24,21,False,False,False,False,0.2885|0.4575|0.7278|0.8250|0.9255|0.9756|0.9755|0.9877|0.9816|0.9755|0.9571|0.9632|0.9451|0.9451|0.9387|0.9325|0.9207
0021500368,12.15.2015.DEN.at.MIN,3.0,CLOCK_CALIBRATION_VALIDATED,CALIBRATED,HOLDOUT_PASS,ADEQUATE,False,TIE_2_SMALLEST_CHOSEN,3.0|3.5,3.5,0.993006993006993,0.0,3.0,3.0,139,0.3597122302158273,142,143,0.993006993006993,22,0.2727272727272727,23,23,1.0,1.5,3.5,2.0,2,False,,446,200081,67857,1|2|3|4,470,80,0.986842105263158,70,1.0,13,13,13,10,10,10,150,142,37,23,22,6,True,True,True,False,0.3597|0.5588|0.8380|0.9648|0.9789|0.9859|0.9930|0.9930|0.9860|0.9789|0.9648|0.9789|0.9580|0.9375|0.9291|0.9366|0.9301
0021500369,12.15.2015.HOU.at.SAC,3.5,CLOCK_CALIBRATION_VALIDATED,CALIBRATED,HOLDOUT_PASS,ADEQUATE,False,UNIQUE,3.5,4.0,0.9671052631578948,0.5,3.5,4.0,153,0.2156862745098039,146,150,0.9733333333333334,45,0.2888888888888888,42,45,0.9333333333333332,1.5,1.5,3.5,1,False,,501,240629,68089,1|2|3|4,532,81,0.9746835443037974,76,0.9726027397260274,21,21,22,21,22,23,157,151,55,49,48,12,False,False,False,False,0.2157|0.2653|0.3916|0.5944|0.7687|0.9384|0.9524|0.9733|0.9671|0.9669|0.9467|0.9400|0.9267|0.9067|0.8816|0.8800|0.8800
0021500370,12.15.2015.MIL.at.LAL,6.0,CLOCK_CALIBRATION_VALIDATED,CALIBRATED,HOLDOUT_PASS,ADEQUATE,False,UNIQUE,6.0,7.0,0.9575757575757576,1.0,7.0,6.0,168,0.2083333333333333,160,165,0.9696969696969696,25,0.44,20,25,0.8,0.5,3.0,5.5,2,False,,448,189630,68497,1|2|3|4,466,92,0.9666666666666668,82,0.9866666666666668,8,8,12,12,12,13,174,172,41,25,25,3,True,True,True,False,0.2083|0.2229|0.2593|0.3875|0.5741|0.7048|0.8253|0.8976|0.9157|0.9264|0.9390|0.9518|0.9697|0.9573|0.9576|0.9512|0.9503
0021500371,12.16.2015.DAL.at.IND,3.0,CLOCK_CALIBRATION_VALIDATED,CALIBRATED,HOLDOUT_PASS,ADEQUATE,False,UNIQUE,3.0,3.5,0.993939393939394,1.0,2.0,3.0,153,0.2418300653594771,165,166,0.993975903614458,16,0.25,16,16,1.0,1.0,3.5,2.0,1,False,,442,190505,64444,1|2|3|4,458,87,1.0,92,0.988095238095238,11,11,11,5,5,5,179,155,6,19,17,0,False,False,False,False,0.2418|0.5137|0.7963|0.9448|0.9759|0.9819|0.9940|0.9939|0.9878|0.9816|0.9756|0.9695|0.9571|0.9268|0.9321|0.9198|0.8834
0021500372,12.16.2015.CHA.at.ORL,3.5,CLOCK_CALIBRATION_VALIDATED,CALIBRATED,HOLDOUT_PASS,ADEQUATE,False,UNIQUE,3.5,3.0,0.9858156028368794,0.5,3.5,3.0,135,0.1925925925925926,138,139,0.9928057553956836,29,0.3103448275862069,26,28,0.9285714285714286,1.0,2.0,3.0,1,False,,398,162514,61846,1|2|3|4,426,83,0.9866666666666668,73,1.0,15,15,16,11,11,12,156,130,0,33,28,0,True,True,True,False,0.1926|0.2576|0.4161|0.6176|0.8478|0.9504|0.9858|0.9928|0.9855|0.9781|0.9708|0.9635|0.9489|0.9481|0.9407|0.9270|0.9338
0021500373,12.16.2015.MIA.at.BKN,4.0,CLOCK_CALIBRATION_VALIDATED,CALIBRATED,HOLDOUT_PASS,ADEQUATE,False,UNIQUE,4.0,3.5,0.9753086419753086,0.5,3.5,4.0,158,0.2531645569620253,158,161,0.9813664596273292,18,0.3888888888888889,18,18,1.0,1.0,3.0,3.5,2,False,,419,188624,69669,1|2|3|4,436,82,0.9876543209876544,82,0.975,8,8,8,10,10,10,164,158,114,18,17,9,True,True,True,False,0.2532|0.4177|0.5380|0.7152|0.8553|0.9441|0.9571|0.9753|0.9814|0.9750|0.9689|0.9623|0.9688|0.9497|0.9427|0.9427|0.9355
0021500374,12.16.2015.BOS.at.DET,8.0,HOLDOUT_FAIL,CALIBRATED,HOLDOUT_FAIL,MATERIALLY_DRIFTING,False,UNIQUE,8.0,7.5,0.9375,2.5,7.5,5.0,159,0.2389937106918239,148,157,0.9426751592356688,29,0.6896551724137931,19,27,0.7037037037037037,1.5,4.0,4.0,4,False,,509,201483,68597,1|2|3|4,518,83,0.9629629629629628,84,0.9620253164556962,9,9,17,10,11,11,167,160,84,29,28,9,False,False,False,False,0.2390|0.3248|0.3933|0.5125|0.5926|0.7423|0.8221|0.8457|0.9250|0.9182|0.9308|0.9313|0.9308|0.9367|0.9250|0.9375|0.9427
0021500375,12.16.2015.MIN.at.NYK,4.5,CLOCK_CALIBRATION_VALIDATED,CALIBRATED,HOLDOUT_PASS,ADEQUATE,False,UNIQUE,4.5,4.0,0.9623655913978496,0.5,4.5,5.0,174,0.367816091954023,179,185,0.9675675675675676,21,0.3333333333333333,17,20,0.85,1.5,3.0,3.0,1,False,,485,246152,72062,1|2|3|4,508,98,0.9897959183673468,88,0.9545454545454546,8,8,9,9,9,12,186,186,181,21,21,21,False,False,False,False,0.3678|0.4682|0.6264|0.7735|0.8811|0.9351|0.9570|0.9620|0.9624|0.9676|0.9624|0.9514|0.9459|0.9409|0.9297|0.9126|0.8925
0021500376,12.16.2015.PHI.at.ATL,4.0,CLOCK_CALIBRATION_VALIDATED,CALIBRATED,HOLDOUT_PASS,ADEQUATE,False,TIE_2_SMALLEST_CHOSEN,4.0|4.5,4.5,0.9932885906040269,0.5,4.0,3.5,144,0.3263888888888889,148,149,0.9932885906040269,33,0.4242424242424242,32,33,0.9696969696969696,1.0,2.5,3.5,1,False,,462,224884,69540,1|2|3|4,477,85,1.0,68,0.9848484848484848,14,14,14,18,18,19,153,152,126,34,34,22,False,False,False,False,0.3264|0.5139|0.7279|0.8658|0.9200|0.9400|0.9730|0.9799|0.9933|0.9933|0.9799|0.9733|0.9600|0.9470|0.9400|0.9396|0.9459
0021500377,12.16.2015.MEM.at.CHI,4.0,CLOCK_CALIBRATION_VALIDATED,CALIBRATED,HOLDOUT_PASS,ADEQUATE,False,UNIQUE,4.0,3.5,0.9874213836477987,0.5,3.5,4.0,158,0.2848101265822785,156,157,0.9936305732484076,27,0.4444444444444444,25,26,0.9615384615384616,1.0,2.0,3.0,1,False,,449,198252,69336,1|2|3|4,468,85,1.0,77,0.9866666666666668,13,13,13,12,12,13,162,161,105,27,27,17,False,False,False,False,0.2848|0.3846|0.6122|0.8627|0.9182|0.9625|0.9812|0.9874|0.9936|0.9810|0.9620|0.9551|0.9608|0.9484|0.9286|0.9231|0.9167
0021500378,12.16.2015.POR.at.OKC,3.0,CLOCK_CALIBRATION_VALIDATED,CALIBRATED,HOLDOUT_PASS,ADEQUATE,False,UNIQUE,3.0,2.5,0.988095238095238,0.5,3.0,2.5,154,0.461038961038961,167,169,0.9881656804733728,35,0.6285714285714286,34,35,0.9714285714285714,1.5,3.0,2.0,1,False,,497,226094,71269,1|2|3|4,514,80,1.0,91,0.9888888888888888,22,22,23,12,12,12,171,171,168,36,36,36,True,True,True,False,0.4610|0.6667|0.8606|0.9341|0.9702|0.9881|0.9882|0.9824|0.9765|0.9704|0.9647|0.9345|0.9412|0.9290|0.9176|0.9000|0.8889
0021500379,12.16.2015.WAS.at.SAS,5.0,CLOCK_CALIBRATION_VALIDATED,CALIBRATED,HOLDOUT_PASS,ADEQUATE,False,UNIQUE,5.0,5.5,0.967741935483871,2.0,3.5,5.5,153,0.1699346405228758,148,152,0.9736842105263158,23,0.2608695652173913,20,23,0.8695652173913043,2.0,3.0,3.5,2,False,,461,203048,66287,1|2|3|4,485,82,0.9871794871794872,85,0.974025974025974,9,11,12,11,10,11,167,158,54,23,21,9,False,False,False,False,0.1699|0.3289|0.5099|0.6733|0.8092|0.8726|0.9423|0.9615|0.9554|0.9675|0.9737|0.9677|0.9677|0.9430|0.9367|0.9231|0.9057
0021500380,12.16.2015.NOP.at.UTA,4.5,AMBIGUOUS_LEAD,CALIBRATED,HOLDOUT_PASS,ADEQUATE,True,UNIQUE,4.5,3.5,0.9857142857142858,1.0,3.5,4.5,137,0.218978102189781,138,139,0.9928057553956836,22,0.4090909090909091,21,21,1.0,1.5,3.0,3.5,2,False,,427,226064,71159,1|2|3|4,442,73,1.0,67,1.0,9,8,9,12,12,12,140,139,128,22,22,19,True,True,True,False,0.2190|0.2769|0.5077|0.7810|0.8768|0.9416|0.9638|0.9857|0.9856|0.9928|0.9857|0.9786|0.9786|0.9714|0.9643|0.9643|0.9571
0021500381,12.16.2015.PHX.at.GSW,5.0,CLOCK_CALIBRATION_VALIDATED,CALIBRATED,HOLDOUT_PASS,ADEQUATE,False,TIE_2_SMALLEST_CHOSEN,5.0|5.5,5.5,0.9717514124293786,0.5,5.5,5.0,177,0.3502824858757062,172,177,0.9717514124293786,36,0.5555555555555556,35,37,0.945945945945946,1.0,1.0,5.0,1,False,,462,205584,71828,1|2|3|4,488,96,0.9789473684210528,83,0.963855421686747,18,18,19,17,17,18,179,179,175,37,36,36,False,False,False,False,0.3503|0.5380|0.7011|0.8114|0.8814|0.9034|0.9157|0.9318|0.9435|0.9438|0.9718|0.9718|0.9375|0.8927|0.8876|0.8427|0.8315
0021500382,12.16.2015.MIL.at.LAC,4.5,CLOCK_CALIBRATION_VALIDATED,CALIBRATED,HOLDOUT_PASS,ADEQUATE,False,UNIQUE,4.5,4.0,0.953020134228188,1.5,4.0,5.5,152,0.2828947368421052,143,149,0.959731543624161,23,0.3478260869565217,21,23,0.9130434782608696,1.0,2.0,3.5,1,False,,429,168427,64514,1|2|3|4,451,83,0.9866666666666668,80,0.958904109589041,11,11,12,10,10,11,163,159,88,25,24,13,False,False,False,False,0.2829|0.3311|0.4444|0.6027|0.7517|0.8467|0.8940|0.9467|0.9530|0.9597|0.9467|0.9392|0.9054|0.9054|0.8919|0.8966|0.9041
0021500383,12.17.2015.TOR.at.CHA,3.0,AMBIGUOUS_LEAD,CALIBRATED,HOLDOUT_PASS,ADEQUATE,True,UNIQUE,3.0,4.0,0.9779005524861878,1.0,4.0,3.0,172,0.3255813953488372,178,182,0.978021978021978,20,0.4,20,21,0.9523809523809524,2.5,3.5,2.5,3,False,,503,241861,79050,1|2|3|4|5,533,85,0.976470588235294,81,0.9876543209876544,5,5,6,13,13,13,182,182,171,21,21,19,True,True,True,False,0.3256|0.4793|0.6471|0.8161|0.8989|0.9615|0.9780|0.9778|0.9779|0.9779|0.9670|0.9725|0.9560|0.9558|0.9396|0.9282|0.9167
0021500384,12.17.2015.OKC.at.CLE,6.0,CLOCK_CALIBRATION_VALIDATED,CALIBRATED,HOLDOUT_PASS,ADEQUATE,False,UNIQUE,6.0,6.5,0.9658119658119658,1.0,5.0,6.0,125,0.28,114,118,0.9661016949152542,25,0.36,22,25,0.88,2.0,3.5,3.5,2,False,,448,153729,53976,1|2|3|4,461,79,0.9833333333333332,83,0.9672131147540984,8,8,8,14,14,16,162,130,1,28,26,0,False,False,False,False,0.2800|0.3719|0.4310|0.5726|0.7000|0.8780|0.9426|0.9600|0.9603|0.9516|0.9512|0.9421|0.9661|0.9658|0.9483|0.9391|0.9138
0021500385,12.17.2015.HOU.at.LAL,5.0,CLOCK_CALIBRATION_VALIDATED,CALIBRATED,HOLDOUT_PASS,ADEQUATE,False,UNIQUE,5.0,5.5,0.967741935483871,1.0,5.5,4.5,161,0.2546583850931677,151,156,0.967948717948718,26,0.3846153846153846,22,25,0.88,1.5,2.5,4.5,1,False,,509,214297,65276,1|2|3|4,528,90,0.9647058823529412,82,0.9859154929577464,9,9,9,13,14,16,172,164,84,27,27,7,True,True,True,False,0.2547|0.3101|0.4713|0.6352|0.7898|0.8679|0.9068|0.9313|0.9427|0.9551|0.9679|0.9677|0.9618|0.9557|0.9371|0.9000|0.9000
0021500386,12.18.2015.BKN.at.IND,4.5,AMBIGUOUS_LEAD,CALIBRATED,HOLDOUT_PASS,ADEQUATE,True,UNIQUE,4.5,3.5,0.9808917197452228,2.0,4.0,2.0,148,0.2635135135135135,155,158,0.981012658227848,22,0.2727272727272727,22,22,1.0,3.0,4.0,2.0,3,False,,446,190390,63114,1|2|3|4,467,89,0.9879518072289156,86,0.9736842105263158,11,11,11,11,9,11,175,153,1,23,20,1,True,True,True,False,0.2635|0.4762|0.7748|0.8797|0.9618|0.9618|0.9747|0.9809|0.9747|0.9810|0.9747|0.9747|0.9490|0.9423|0.9295|0.9156|0.8896
0021500387,12.18.2015.POR.at.ORL,2.5,DRIFTING_LEAD,CALIBRATED,HOLDOUT_PASS,MATERIALLY_DRIFTING,False,TIE_2_SMALLEST_CHOSEN,2.5|3.0,3.0,0.987012987012987,2.5,1.5,4.0,146,0.5136986301369864,152,154,0.987012987012987,32,0.59375,30,32,0.9375,2.0,3.5,1.5,1,False,,462,206267,71489,1|2|3|4,478,78,1.0,79,0.9871794871794872,15,14,15,15,15,17,157,156,40,32,32,22,True,True,True,False,0.5137|0.7365|0.9474|0.9739|0.9869|0.9870|0.9870|0.9806|0.9742|0.9742|0.9548|0.9363|0.9299|0.9236|0.9108|0.9108|0.8974
0021500388,12.18.2015.NYK.at.PHI,2.5,CLOCK_CALIBRATION_VALIDATED,CALIBRATED,HOLDOUT_PASS,ADEQUATE,False,UNIQUE,2.5,3.0,0.9683544303797468,1.5,2.5,4.0,144,0.3472222222222222,149,153,0.9738562091503268,29,0.4482758620689655,28,30,0.9333333333333332,1.0,4.0,2.0,3,False,,484,224511,70363,1|2|3|4,508,83,0.975,79,0.9746835443037974,11,11,12,17,16,16,162,162,111,30,30,30,True,True,True,False,0.3472|0.5811|0.8133|0.9211|0.9542|0.9739|0.9684|0.9560|0.9565|0.9568|0.9506|0.9627|0.9565|0.9383|0.9193|0.9012|0.9006
0021500389,12.18.2015.ATL.at.BOS,4.0,CLOCK_CALIBRATION_VALIDATED,CALIBRATED,HOLDOUT_PASS,ADEQUATE,False,UNIQUE,4.0,4.5,0.9386503067484664,1.0,4.0,3.0,155,0.2967741935483871,155,164,0.945121951219512,33,0.4848484848484848,30,33,0.9090909090909092,0.5,3.5,3.0,2,False,,504,204429,70030,1|2|3|4,523,80,0.9625,85,0.9518072289156626,18,18,20,12,12,13,165,165,154,33,33,28,False,False,False,False,0.2968|0.4630|0.6708|0.7593|0.8642|0.8951|0.9259|0.9268|0.9451|0.9387|0.9321|0.9259|0.9198|0.9136|0.9259|0.9080|0.8896
0021500390,12.18.2015.TOR.at.MIA,5.0,AMBIGUOUS_LEAD,CALIBRATED,HOLDOUT_PASS,ADEQUATE,True,UNIQUE,5.0,3.0,0.9527027027027029,1.5,4.5,3.0,149,0.2416107382550335,139,145,0.9586206896551724,20,0.35,19,20,0.95,2.0,2.5,3.0,2,False,,403,182057,68155,1|2|3|4,423,84,0.9620253164556962,70,0.9701492537313432,9,9,10,10,9,9,154,146,49,20,20,5,True,True,True,False,0.2416|0.2877|0.5369|0.6986|0.8649|0.9116|0.9527|0.9524|0.9517|0.9514|0.9586|0.9379|0.9379|0.9241|0.9172|0.9241|0.9167
0021500391,12.18.2015.DET.at.CHI,4.0,CLOCK_CALIBRATION_VALIDATED,CALIBRATED,HOLDOUT_PASS,ADEQUATE,False,UNIQUE,4.0,3.5,0.961038961038961,0.0,3.5,3.5,234,0.3333333333333333,223,232,0.961206896551724,26,0.3461538461538461,24,27,0.8888888888888888,1.5,4.0,3.0,2,False,,710,296265,95633,1|2|3|4|5|6|7|8,732,85,1.0,80,0.9863013698630136,9,9,11,12,12,12,244,237,106,27,25,8,False,False,False,False,0.3333|0.4522|0.6432|0.7763|0.9043|0.9227|0.9483|0.9610|0.9612|0.9609|0.9524|0.9485|0.9442|0.9487|0.9399|0.9356|0.9310
0021500392,12.18.2015.SAC.at.MIN,3.5,CLOCK_CALIBRATION_VALIDATED,CALIBRATED,HOLDOUT_PASS,ADEQUATE,False,UNIQUE,3.5,4.0,0.9743589743589745,1.0,3.5,2.5,151,0.5827814569536424,155,157,0.9872611464968152,30,0.5333333333333333,30,30,1.0,0.5,2.5,2.5,2,False,,447,216627,68375,1|2|3|4,463,86,0.9879518072289156,77,1.0,13,13,13,17,17,17,163,156,75,30,30,16,False,False,False,False,0.5828|0.7643|0.9032|0.9557|0.9490|0.9682|0.9618|0.9873|0.9744|0.9682|0.9677|0.9490|0.9419|0.9355|0.9161|0.9091|0.9007
0021500393,12.18.2015.LAC.at.SAS,3.5,CLOCK_CALIBRATION_VALIDATED,CALIBRATED,HOLDOUT_PASS,ADEQUATE,False,UNIQUE,3.5,3.0,0.9797297297297296,0.5,3.0,3.5,138,0.2246376811594203,145,147,0.9863945578231292,17,0.1764705882352941,18,18,1.0,1.0,3.5,3.0,1,False,,486,203146,64937,1|2|3|4,511,81,0.9864864864864864,78,0.9864864864864864,14,14,14,4,4,4,159,142,4,18,16,0,False,False,False,False,0.2246|0.3972|0.6544|0.7917|0.9296|0.9524|0.9797|0.9864|0.9795|0.9795|0.9795|0.9793|0.9728|0.9592|0.9595|0.9384|0.9306
0021500394,12.18.2015.MEM.at.DAL,4.0,CLOCK_CALIBRATION_VALIDATED,CALIBRATED,HOLDOUT_PASS,ADEQUATE,False,TIE_2_SMALLEST_CHOSEN,4.0|4.5,4.5,0.9867549668874172,0.5,3.5,3.0,148,0.3243243243243243,149,151,0.9867549668874172,29,0.2758620689655172,30,30,1.0,2.0,3.0,2.5,1,False,,456,192418,64259,1|2|3|4,475,73,1.0,85,0.9743589743589745,14,14,14,16,15,15,158,141,12,31,30,0,True,True,True,False,0.3243|0.5493|0.7703|0.9054|0.9662|0.9733|0.9801|0.9867|0.9868|0.9868|0.9733|0.9667|0.9597|0.9456|0.9375|0.9310|0.9034
0021500395,12.18.2015.DEN.at.UTA,5.5,CLOCK_CALIBRATION_VALIDATED,CALIBRATED,HOLDOUT_PASS,ADEQUATE,False,UNIQUE,5.5,6.0,0.9863013698630136,1.5,3.5,5.0,143,0.2727272727272727,146,148,0.9864864864864864,28,0.3571428571428571,27,28,0.9642857142857144,1.0,4.5,3.5,3,False,,452,234303,69986,1|2|3|4,468,80,0.975,72,1.0,11,11,12,16,16,16,152,151,115,28,28,15,True,True,True,False,0.2727|0.3803|0.5986|0.7852|0.9000|0.9467|0.9536|0.9735|0.9669|0.9732|0.9730|0.9865|0.9863|0.9795|0.9795|0.9728|0.9592
0021500396,12.18.2015.NOP.at.PHX,3.5,DRIFTING_LEAD,CALIBRATED,HOLDOUT_PASS,MATERIALLY_DRIFTING,False,TIE_3_SMALLEST_CHOSEN,3.5|4.0|4.5,4.0,0.9714285714285714,4.5,3.0,7.5,136,0.3455882352941176,136,140,0.9714285714285714,35,0.4285714285714285,35,36,0.9722222222222222,1.5,3.5,3.0,2,False,,474,175018,61447,1|2|3|4,497,78,1.0,77,0.9552238805970148,18,18,18,17,14,17,155,129,0,40,38,0,True,True,True,False,0.3456|0.5420|0.8116|0.9348|0.9424|0.9489|0.9571|0.9714|0.9714|0.9714|0.9489|0.9562|0.9627|0.9627|0.9338|0.9343|0.9051
0021500397,12.18.2015.MIL.at.GSW,3.5,CLOCK_CALIBRATION_VALIDATED,CALIBRATED,HOLDOUT_PASS,ADEQUATE,False,TIE_2_SMALLEST_CHOSEN,3.5|4.0,4.0,0.9719101123595506,0.5,4.0,3.5,173,0.3815028901734104,173,178,0.9719101123595506,31,0.5806451612903226,31,31,1.0,1.0,2.0,3.0,1,False,,496,216169,72397,1|2|3|4,521,91,0.989010989010989,87,0.9655172413793104,16,15,16,15,15,15,178,176,174,31,31,28,True,True,True,False,0.3815|0.5621|0.6954|0.8480|0.8889|0.9375|0.9545|0.9719|0.9719|0.9548|0.9492|0.9379|0.9326|0.9261|0.9153|0.8814|0.8531
0021500398,12.19.2015.LAL.at.OKC,2.5,CLOCK_CALIBRATION_VALIDATED,CALIBRATED,HOLDOUT_PASS,ADEQUATE,False,UNIQUE,2.5,2.0,0.9821428571428572,0.5,2.0,2.5,157,0.464968152866242,165,167,0.9880239520958084,29,0.5172413793103449,26,29,0.896551724137931,1.0,2.0,1.5,1,False,,447,207073,71526,1|2|3|4,461,85,0.9882352941176472,85,0.9878048780487804,11,11,13,15,15,16,170,170,156,29,29,26,True,True,True,False,0.4650|0.6688|0.8735|0.9702|0.9821|0.9880|0.9704|0.9647|0.9586|0.9529|0.9529|0.9353|0.9353|0.9467|0.9118|0.9118|0.8941
0021500399,12.19.2015.CHA.at.WAS,5.5,CLOCK_CALIBRATION_VALIDATED,CALIBRATED,HOLDOUT_PASS,ADEQUATE,False,TIE_2_SMALLEST_CHOSEN,5.5|6.0,6.0,0.9523809523809524,1.0,4.0,5.0,162,0.2777777777777778,160,168,0.9523809523809524,28,0.2857142857142857,27,31,0.8709677419354839,2.0,4.5,2.5,3,False,,440,201814,69620,1|2|3|4,463,88,1.0,84,0.9397590361445785,13,15,16,14,13,14,172,171,129,31,31,20,True,True,True,False,0.2778|0.5185|0.7545|0.8869|0.9162|0.9349|0.9461|0.9461|0.9518|0.9461|0.9521|0.9524|0.9524|0.9408|0.9064|0.9006|0.8830
0021500400,12.19.2015.CHI.at.NYK,2.5,AMBIGUOUS_LEAD,CALIBRATED,HOLDOUT_PASS,MATERIALLY_DRIFTING,True,UNIQUE,2.5,4.0,0.9828571428571428,2.5,5.0,2.5,156,0.6217948717948718,173,176,0.9829545454545454,24,0.5416666666666666,22,24,0.9166666666666666,1.0,4.0,2.0,3,False,,443,211785,71240,1|2|3|4,458,89,1.0,87,1.0,14,14,16,8,8,8,176,176,174,24,24,23,True,True,True,False,0.6218|0.7857|0.9070|0.9543|0.9714|0.9830|0.9771|0.9716|0.9829|0.9714|0.9771|0.9657|0.9429|0.9261|0.9148|0.9143|0.8971
0021500401,12.19.2015.LAC.at.HOU,3.0,CLOCK_CALIBRATION_VALIDATED,CALIBRATED,HOLDOUT_PASS,ADEQUATE,False,TIE_2_SMALLEST_CHOSEN,3.0|3.5,3.5,1.0,0.0,3.0,3.0,150,0.46,157,157,1.0,26,0.3846153846153846,26,26,1.0,1.0,4.0,2.0,2,False,,552,211449,67431,1|2|3|4,573,85,1.0,77,1.0,15,15,15,11,11,11,162,138,22,27,25,2,False,False,False,False,0.4600|0.7133|0.8981|0.9545|0.9809|0.9873|1.0000|1.0000|0.9936|0.9936|0.9808|0.9744|0.9805|0.9408|0.9156|0.8758|0.8452
0021500402,12.19.2015.IND.at.MEM,3.0,DRIFTING_LEAD,CALIBRATED,HOLDOUT_PASS,MATERIALLY_DRIFTING,False,UNIQUE,3.0,4.0,0.9556962025316456,3.0,3.0,6.0,142,0.380281690140845,153,158,0.9683544303797468,26,0.3461538461538461,24,26,0.9230769230769232,0.5,3.0,2.5,3,False,,442,197585,69768,1|2|3|4,467,80,0.9746835443037974,80,0.974025974025974,8,8,9,16,14,17,160,159,149,26,26,22,False,False,False,False,0.3803|0.5658|0.7742|0.8924|0.9167|0.9484|0.9684|0.9430|0.9557|0.9554|0.9430|0.9497|0.9554|0.9427|0.9363|0.9359|0.9161
0021500403,12.20.2015.MIN.at.BKN,5.0,DRIFTING_LEAD,CALIBRATED,HOLDOUT_PASS,MATERIALLY_DRIFTING,False,UNIQUE,5.0,5.5,0.9743589743589745,2.5,5.0,2.5,156,0.2692307692307692,153,157,0.9745222929936306,27,0.3333333333333333,25,27,0.925925925925926,1.0,3.0,3.0,2,False,,435,201362,72351,1|2|3|4,454,87,0.9767441860465116,71,0.9859154929577464,11,11,13,14,12,14,158,158,154,27,27,25,True,True,True,False,0.2692|0.3871|0.5867|0.7403|0.8452|0.9359|0.9679|0.9620|0.9490|0.9620|0.9745|0.9744|0.9618|0.9430|0.9114|0.9114|0.8987
0021500404,12.20.2015.POR.at.MIA,3.5,CLOCK_CALIBRATION_VALIDATED,CALIBRATED,HOLDOUT_PASS,ADEQUATE,False,UNIQUE,3.5,4.0,0.9806451612903224,0.0,3.5,3.5,150,0.32,153,154,0.9935064935064936,30,0.3333333333333333,29,30,0.9666666666666668,0.5,1.5,3.5,2,False,,450,208756,71797,1|2|3|4,474,82,0.9878048780487804,73,1.0,19,19,20,10,10,10,155,155,153,30,30,29,False,False,False,False,0.3200|0.5168|0.7086|0.7974|0.8824|0.9474|0.9608|0.9935|0.9806|0.9677|0.9740|0.9484|0.9419|0.9419|0.9290|0.9290|0.9097
0021500405,12.20.2015.PHI.at.CLE,4.5,CLOCK_CALIBRATION_VALIDATED,CALIBRATED,HOLDOUT_PASS,ADEQUATE,False,UNIQUE,4.5,5.0,0.9588235294117649,1.5,4.5,6.0,167,0.2455089820359281,164,170,0.9647058823529412,29,0.3793103448275862,28,29,0.9655172413793104,1.0,2.5,4.0,2,False,,488,229142,72019,1|2|3|4,505,86,0.9883720930232558,85,0.988095238095238,19,19,20,9,9,9,171,171,167,29,29,27,False,False,False,False,0.2455|0.3063|0.4136|0.5732|0.6826|0.7988|0.8935|0.9172|0.9467|0.9647|0.9588|0.9471|0.9529|0.9415|0.9298|0.9181|0.9118
0021500406,12.20.2015.MIL.at.PHX,3.5,CLOCK_CALIBRATION_VALIDATED,CALIBRATED,HOLDOUT_PASS,ADEQUATE,False,UNIQUE,3.5,4.0,0.986842105263158,0.5,3.0,3.5,146,0.2328767123287671,151,152,0.993421052631579,33,0.3636363636363636,30,32,0.9375,0.5,3.0,3.0,2,False,,459,180882,71017,1|2|3|4,477,81,1.0,72,0.9859154929577464,16,16,16,14,14,16,153,153,151,33,31,29,False,False,False,False,0.2329|0.3493|0.5473|0.7933|0.9139|0.9608|0.9804|0.9934|0.9868|0.9803|0.9801|0.9868|0.9669|0.9408|0.9342|0.9079|0.8947
0021500407,12.20.2015.ATL.at.ORL,3.5,CLOCK_CALIBRATION_VALIDATED,CALIBRATED,HOLDOUT_PASS,ADEQUATE,False,UNIQUE,3.5,4.0,0.9936708860759492,0.0,3.5,3.5,151,0.3112582781456953,158,158,1.0,32,0.34375,29,32,0.90625,1.0,1.5,3.5,1,False,,457,220844,72013,1|2|3|4,486,79,1.0,80,1.0,15,15,17,14,14,15,159,159,157,32,32,31,False,False,False,False,0.3113|0.5419|0.7756|0.8481|0.9177|0.9620|0.9748|1.0000|0.9937|0.9810|0.9748|0.9560|0.9497|0.9245|0.9119|0.9245|0.9182
0021500408,12.20.2015.SAC.at.TOR,3.5,CLOCK_CALIBRATION_VALIDATED,CALIBRATED,HOLDOUT_PASS,ADEQUATE,False,UNIQUE,3.5,3.0,0.9647058823529412,0.0,3.5,3.5,158,0.360759493670886,166,170,0.976470588235294,26,0.3846153846153846,25,27,0.925925925925926,0.5,1.5,3.0,1,False,,456,247099,71938,1|2|3|4,476,89,0.9662921348314608,81,0.9876543209876544,11,11,12,14,14,15,170,170,168,27,27,26,True,True,True,False,0.3608|0.4968|0.6994|0.8452|0.9231|0.9290|0.9647|0.9765|0.9647|0.9529|0.9529|0.9412|0.9353|0.9349|0.9294|0.9176|0.8765
0021500409,12.20.2015.NOP.at.DEN,6.0,AMBIGUOUS_LEAD,CALIBRATED,HOLDOUT_PASS,ADEQUATE,True,UNIQUE,6.0,4.5,0.9595375722543352,2.0,6.5,4.5,172,0.2616279069767442,166,172,0.9651162790697676,15,0.3333333333333333,14,15,0.9333333333333332,2.5,3.0,4.5,2,False,,482,235347,72082,1|2|3|4,496,87,0.9534883720930232,87,0.9885057471264368,5,5,5,9,8,10,174,174,164,15,15,14,False,False,False,False,0.2616|0.3690|0.4940|0.6412|0.7412|0.8256|0.8706|0.8824|0.9357|0.9595|0.9595|0.9595|0.9651|0.9595|0.9538|0.9422|0.9249
0021500410,12.21.2015.SAC.at.WAS,3.0,CLOCK_CALIBRATION_VALIDATED,CALIBRATED,HOLDOUT_PASS,ADEQUATE,False,UNIQUE,3.0,2.5,0.971264367816092,0.5,2.5,3.0,164,0.2804878048780488,170,174,0.9770114942528736,25,0.2,25,26,0.9615384615384616,1.0,2.5,2.5,2,False,,451,244897,71999,1|2|3|4,470,91,0.956043956043956,83,1.0,11,11,11,14,14,15,174,174,174,26,26,26,True,True,True,False,0.2805|0.4639|0.6951|0.8882|0.9540|0.9713|0.9770|0.9655|0.9598|0.9540|0.9598|0.9540|0.9425|0.9302|0.9075|0.8786|0.8613
0021500411,12.21.2015.MIN.at.BOS,4.0,AMBIGUOUS_LEAD,CALIBRATED,HOLDOUT_PASS,ADEQUATE,True,UNIQUE,4.0,3.0,0.9820359281437124,1.0,2.0,3.0,162,0.382716049382716,165,168,0.9821428571428572,28,0.4642857142857143,27,28,0.9642857142857144,1.0,3.0,2.5,2,False,,466,222866,71552,1|2|3|4,493,83,1.0,85,0.976470588235294,9,8,9,18,17,18,168,168,164,28,28,24,False,False,False,False,0.3827|0.6442|0.8061|0.8810|0.9524|0.9701|0.9820|0.9760|0.9821|0.9643|0.9641|0.9581|0.9398|0.9398|0.9157|0.9042|0.8743
0021500412,12.21.2015.ORL.at.NYK,4.0,CLOCK_CALIBRATION_VALIDATED,CALIBRATED,HOLDOUT_PASS,ADEQUATE,False,UNIQUE,4.0,3.5,0.9814814814814816,0.5,4.0,3.5,154,0.3116883116883117,161,162,0.9938271604938272,23,0.3478260869565217,22,23,0.9565217391304348,0.5,2.0,3.5,1,False,,393,206076,72504,1|2|3|4,414,89,0.9887640449438202,73,1.0,10,10,10,12,12,13,162,162,159,24,24,24,True,True,True,False,0.3117|0.4575|0.6000|0.7278|0.8438|0.9130|0.9691|0.9815|0.9938|0.9815|0.9753|0.9691|0.9627|0.9444|0.9317|0.9130|0.9136
0021500413,12.21.2015.POR.at.ATL,3.5,AMBIGUOUS_LEAD,CALIBRATED,HOLDOUT_PASS,ADEQUATE,True,UNIQUE,3.5,2.5,0.9873417721518988,1.0,3.5,2.5,150,0.3666666666666666,155,156,0.9935897435897436,27,0.5555555555555556,24,28,0.8571428571428571,1.0,1.5,2.5,2,False,,471,234528,71242,1|2|3|4,484,80,1.0,78,1.0,10,10,11,14,14,17,158,158,157,28,28,25,True,True,True,False,0.3667|0.5400|0.7647|0.9172|0.9684|0.9873|0.9810|0.9936|0.9554|0.9615|0.9554|0.9494|0.9423|0.9363|0.9103|0.9038|0.8734
0021500414,12.21.2015.BKN.at.CHI,3.0,CLOCK_CALIBRATION_VALIDATED,CALIBRATED,HOLDOUT_PASS,ADEQUATE,False,TIE_2_SMALLEST_CHOSEN,3.0|3.5,3.5,0.9786096256684492,1.0,4.0,3.0,185,0.2864864864864865,183,187,0.9786096256684492,27,0.3703703703703703,25,26,0.9615384615384616,1.5,3.0,3.0,2,False,,458,204580,71371,1|2|3|4,483,95,0.9893617021276596,94,0.978494623655914,14,13,14,11,11,12,189,189,180,27,27,25,True,True,True,False,0.2865|0.4140|0.5801|0.8187|0.8978|0.9459|0.9786|0.9786|0.9733|0.9626|0.9679|0.9626|0.9305|0.9358|0.9247|0.8925|0.8763
0021500415,12.21.2015.CHA.at.HOU,2.5,AMBIGUOUS_LEAD,CALIBRATED,HOLDOUT_PASS,MATERIALLY_DRIFTING,True,UNIQUE,2.5,4.0,0.9802631578947368,2.5,4.5,2.0,142,0.5,150,153,0.9803921568627452,28,0.5,29,30,0.9666666666666668,3.5,4.0,2.0,3,False,,519,229462,71190,1|2|3|4,534,81,0.9753086419753086,73,1.0,14,15,15,15,15,15,154,154,151,30,30,30,False,False,False,False,0.5000|0.6933|0.8776|0.9412|0.9739|0.9804|0.9739|0.9739|0.9803|0.9739|0.9675|0.9739|0.9545|0.9351|0.9408|0.9272|0.8947
0021500416,12.21.2015.IND.at.SAS,4.5,CLOCK_CALIBRATION_VALIDATED,CALIBRATED,HOLDOUT_PASS,ADEQUATE,False,UNIQUE,4.5,3.5,0.9887640449438202,1.0,4.5,3.5,170,0.1823529411764705,177,178,0.99438202247191,23,0.391304347826087,22,23,0.9565217391304348,2.5,2.5,3.5,2,False,,432,223320,70485,1|2|3|4,453,88,1.0,91,0.989010989010989,11,11,12,11,10,11,179,179,169,23,23,18,True,True,True,False,0.1824|0.2948|0.4260|0.6725|0.8466|0.9382|0.9718|0.9888|0.9888|0.9944|0.9888|0.9888|0.9719|0.9665|0.9665|0.9661|0.9605
0021500417,12.21.2015.PHX.at.UTA,4.0,CLOCK_CALIBRATION_VALIDATED,CALIBRATED,HOLDOUT_PASS,ADEQUATE,False,UNIQUE,4.0,4.5,0.9683544303797468,0.5,4.0,4.5,152,0.2236842105263158,153,157,0.9745222929936306,22,0.5,23,23,1.0,1.0,1.5,3.5,1,False,,471,245746,71826,1|2|3|4,479,82,0.9878048780487804,76,0.9605263157894736,13,13,13,10,10,10,158,158,154,23,23,23,False,False,False,False,0.2237|0.3264|0.5933|0.7792|0.8608|0.9295|0.9423|0.9557|0.9745|0.9684|0.9494|0.9494|0.9494|0.9427|0.9304|0.9231|0.9231
0021500418,12.21.2015.OKC.at.LAC,4.5,AMBIGUOUS_LEAD,CALIBRATED,HOLDOUT_PASS,ADEQUATE,True,UNIQUE,4.5,5.5,0.9651162790697676,1.0,5.5,4.5,168,0.238095238095238,167,172,0.9709302325581396,24,0.2916666666666667,21,24,0.875,1.0,2.5,3.5,2,False,,454,217864,71637,1|2|3|4,471,85,0.9529411764705882,87,1.0,12,10,11,9,9,12,172,171,166,24,24,22,True,True,True,False,0.2381|0.3758|0.5276|0.7455|0.8655|0.9006|0.9302|0.9535|0.9593|0.9709|0.9591|0.9651|0.9474|0.9471|0.8953|0.9070|0.8779
0021500419,12.22.2015.MEM.at.PHI,2.5,CLOCK_CALIBRATION_VALIDATED,CALIBRATED,HOLDOUT_PASS,ADEQUATE,False,UNIQUE,2.5,3.0,0.9727891156462584,0.0,2.5,2.5,137,0.3065693430656934,145,148,0.9797297297297296,37,0.3783783783783784,35,38,0.9210526315789472,0.5,1.5,2.5,1,False,,478,194298,66274,1|2|3|4,500,82,0.9875,69,0.9705882352941176,17,17,18,18,18,20,151,149,111,38,37,22,False,False,False,False,0.3066|0.5786|0.8345|0.9448|0.9592|0.9797|0.9728|0.9660|0.9589|0.9452|0.9452|0.9441|0.9510|0.9236|0.8951|0.8889|0.8611
0021500420,12.22.2015.DET.at.MIA,4.0,AMBIGUOUS_LEAD,CALIBRATED,HOLDOUT_PASS,ADEQUATE,True,TIE_2_SMALLEST_CHOSEN,4.0|5.0,5.0,0.9878048780487804,1.5,2.5,4.0,159,0.2955974842767295,162,164,0.9878048780487804,21,0.4761904761904761,19,20,0.95,2.0,4.5,3.5,3,False,,399,200648,69662,1|2|3|4,418,84,0.9879518072289156,82,0.9878048780487804,14,15,15,5,5,6,166,166,164,21,21,17,True,True,True,False,0.2956|0.3836|0.4843|0.6582|0.8272|0.9390|0.9515|0.9755|0.9878|0.9818|0.9878|0.9816|0.9815|0.9877|0.9815|0.9753|0.9193
0021500421,12.22.2015.DAL.at.TOR,3.0,CLOCK_CALIBRATION_VALIDATED,CALIBRATED,HOLDOUT_PASS,ADEQUATE,False,UNIQUE,3.0,3.5,0.9578313253012049,0.5,3.0,2.5,160,0.25625,160,166,0.963855421686747,23,0.4347826086956521,20,22,0.9090909090909092,1.0,3.0,2.0,2,False,,459,220261,71788,1|2|3|4,476,85,0.9647058823529412,81,0.9753086419753086,11,11,12,9,9,10,166,166,164,23,23,18,False,False,False,False,0.2562|0.3245|0.6053|0.8688|0.9455|0.9518|0.9639|0.9578|0.9455|0.9512|0.9394|0.9394|0.9277|0.9277|0.9277|0.9273|0.9024
0021500422,12.22.2015.LAL.at.DEN,5.0,CLOCK_CALIBRATION_VALIDATED,CALIBRATED,HOLDOUT_PASS,ADEQUATE,False,UNIQUE,5.0,4.5,0.9884393063583816,0.5,4.5,5.0,161,0.2919254658385093,172,174,0.9885057471264368,23,0.6956521739130435,23,23,1.0,1.5,2.0,4.5,1,False,,470,223849,71272,1|2|3|4,479,91,0.989010989010989,83,0.9879518072289156,11,10,11,12,12,12,174,174,152,23,23,19,True,True,True,False,0.2919|0.4788|0.6168|0.7126|0.8497|0.9023|0.9422|0.9655|0.9655|0.9884|0.9885|0.9884|0.9709|0.9535|0.9535|0.9302|0.9186
0021500423,12.23.2015.BOS.at.CHA,5.5,CLOCK_CALIBRATION_VALIDATED,CALIBRATED,HOLDOUT_PASS,ADEQUATE,False,UNIQUE,5.5,5.0,0.9457831325301204,2.0,4.0,6.0,157,0.2993630573248407,158,166,0.9518072289156626,28,0.5,28,29,0.9655172413793104,1.0,4.0,3.5,3,False,,480,213814,71695,1|2|3|4,503,77,0.961038961038961,89,0.9545454545454546,21,22,22,7,6,6,166,166,162,29,29,29,True,True,True,False,0.2994|0.4295|0.5669|0.7160|0.8086|0.8650|0.9091|0.9398|0.9455|0.9273|0.9458|0.9518|0.9455|0.9337|0.9451|0.9337|0.9157
0021500424,12.23.2015.NYK.at.CLE,4.5,AMBIGUOUS_LEAD,CALIBRATED,HOLDOUT_PASS,ADEQUATE,True,UNIQUE,4.5,5.5,0.9871794871794872,0.5,5.0,4.5,153,0.2287581699346405,152,153,0.9934640522875816,14,0.2857142857142857,18,18,1.0,1.5,2.5,4.5,3,False,,449,188221,67036,1|2|3|4,467,82,1.0,83,1.0,8,8,8,10,10,10,165,161,97,18,17,7,True,True,True,False,0.2288|0.2867|0.4211|0.5762|0.6980|0.8506|0.9290|0.9548|0.9671|0.9935|0.9870|0.9872|0.9742|0.9744|0.9677|0.9675|0.9542
0021500425,12.23.2015.SAC.at.IND,3.0,CLOCK_CALIBRATION_VALIDATED,CALIBRATED,HOLDOUT_PASS,ADEQUATE,False,TIE_2_SMALLEST_CHOSEN,3.0|3.5,3.5,1.0,0.5,2.5,3.0,174,0.2298850574712643,175,175,1.0,27,0.1481481481481481,26,27,0.9629629629629628,2.0,2.5,2.0,1,False,,440,201297,69828,1|2|3|4,463,99,1.0,79,1.0,12,12,13,14,14,14,178,172,121,27,27,22,True,True,True,False,0.2299|0.4910|0.7907|0.9483|0.9829|0.9943|1.0000|1.0000|0.9943|0.9770|0.9714|0.9600|0.9486|0.9375|0.9143|0.8914|0.8571
0021500426,12.23.2015.HOU.at.ORL,3.5,CLOCK_CALIBRATION_VALIDATED,CALIBRATED,HOLDOUT_PASS,ADEQUATE,False,UNIQUE,3.5,3.0,0.9877300613496932,0.5,3.5,3.0,158,0.4050632911392405,160,161,0.9937888198757764,23,0.6086956521739131,21,23,0.9130434782608696,2.0,3.0,2.0,2,False,,412,196789,68614,1|2|3|4,427,90,0.9887640449438202,77,1.0,11,11,11,10,11,12,167,161,83,23,23,10,True,True,True,False,0.4051|0.6178|0.8562|0.9444|0.9874|0.9815|0.9877|0.9938|0.9876|0.9876|0.9627|0.9625|0.9503|0.9379|0.9130|0.8931|0.8868
0021500427,12.23.2015.MEM.at.WAS,4.5,CLOCK_CALIBRATION_VALIDATED,CALIBRATED,HOLDOUT_PASS,ADEQUATE,False,UNIQUE,4.5,5.0,0.9805194805194806,1.0,5.0,4.0,149,0.3221476510067114,152,154,0.987012987012987,21,0.1428571428571428,21,22,0.9545454545454546,1.0,2.5,3.5,1,False,,435,203844,72070,1|2|3|4,460,83,1.0,71,0.9859154929577464,10,10,10,11,12,12,154,154,149,22,22,20,False,False,False,False,0.3221|0.5473|0.7961|0.9067|0.9276|0.9286|0.9545|0.9740|0.9804|0.9870|0.9805|0.9740|0.9346|0.9286|0.9020|0.8889|0.8701
0021500428,12.23.2015.DAL.at.BKN,4.5,CLOCK_CALIBRATION_VALIDATED,CALIBRATED,HOLDOUT_PASS,ADEQUATE,False,UNIQUE,4.5,5.0,0.9714285714285714,1.0,4.5,3.5,175,0.3257142857142857,171,175,0.9771428571428572,23,0.6086956521739131,25,26,0.9615384615384616,1.0,2.5,3.5,2,False,,474,207975,76706,1|2|3|4|5,490,81,0.9736842105263158,86,1.0,19,19,19,5,5,6,183,181,154,28,28,23,True,True,True,False,0.3257|0.3918|0.5380|0.7169|0.8266|0.8977|0.9261|0.9713|0.9657|0.9771|0.9714|0.9713|0.9368|0.9253|0.9143|0.9086|0.8971
0021500429,12.23.2015.DET.at.ATL,4.0,CLOCK_CALIBRATION_VALIDATED,CALIBRATED,HOLDOUT_PASS,ADEQUATE,False,UNIQUE,4.0,4.5,0.9545454545454546,0.5,4.0,4.5,171,0.327485380116959,169,176,0.9602272727272728,27,0.4814814814814814,24,25,0.96,1.0,2.0,3.0,1,False,,505,213204,69571,1|2|3|4,531,95,0.9789473684210528,83,0.9506172839506172,12,12,13,12,10,12,178,177,145,27,27,18,False,False,False,False,0.3275|0.5058|0.6864|0.8208|0.9070|0.9310|0.9429|0.9543|0.9602|0.9545|0.9371|0.9360|0.9244|0.9176|0.9172|0.9186|0.9128
0021500430,12.23.2015.PHI.at.MIL,3.5,CLOCK_CALIBRATION_VALIDATED,CALIBRATED,HOLDOUT_PASS,ADEQUATE,False,UNIQUE,3.5,4.0,0.9818181818181818,0.0,3.5,3.5,159,0.3836477987421384,165,166,0.993975903614458,36,0.1944444444444444,36,37,0.972972972972973,0.5,1.0,3.5,1,False,,451,222166,69700,1|2|3|4,489,80,1.0,86,0.9883720930232558,18,18,19,18,18,18,166,163,125,38,36,27,True,True,True,False,0.3836|0.5093|0.7019|0.8589|0.9207|0.9448|0.9636|0.9940|0.9818|0.9576|0.9394|0.9207|0.8834|0.8902|0.8841|0.8659|0.8395
0021500431,12.23.2015.SAS.at.MIN,4.5,CLOCK_CALIBRATION_VALIDATED,CALIBRATED,HOLDOUT_PASS,ADEQUATE,False,TIE_2_SMALLEST_CHOSEN,4.5|5.0,5.0,1.0,0.5,4.0,4.5,150,0.3,154,154,1.0,28,0.3928571428571428,27,27,1.0,1.5,2.5,3.5,1,False,,420,240697,71029,1|2|3|4,437,81,1.0,73,1.0,14,15,15,13,13,13,154,154,151,28,28,25,True,True,True,False,0.3000|0.4067|0.6242|0.8267|0.9150|0.9412|0.9740|0.9805|0.9935|1.0000|1.0000|0.9805|0.9740|0.9740|0.9740|0.9739|0.9477
0021500432,12.23.2015.POR.at.NOP,4.0,DRIFTING_LEAD,CALIBRATED,HOLDOUT_PASS,MATERIALLY_DRIFTING,False,UNIQUE,4.0,4.5,0.9664804469273744,2.5,4.0,6.5,175,0.36,176,180,0.9777777777777776,24,0.5833333333333334,23,24,0.9583333333333334,0.5,1.0,4.0,1,False,,483,245736,70948,1|2|3|4,501,94,0.9787234042553192,86,0.9883720930232558,15,15,16,8,8,8,180,179,160,24,24,22,False,False,False,False,0.3600|0.4070|0.5291|0.6667|0.8212|0.8820|0.9333|0.9556|0.9778|0.9665|0.9553|0.9432|0.9330|0.9222|0.9218|0.9209|0.9045
0021500433,12.23.2015.DEN.at.PHX,4.5,AMBIGUOUS_LEAD,CALIBRATED,HOLDOUT_PASS,ADEQUATE,True,UNIQUE,4.5,3.5,0.9877300613496932,1.0,3.5,4.5,160,0.25625,161,162,0.9938271604938272,33,0.4242424242424242,29,30,0.9666666666666668,1.0,2.0,3.0,2,False,,471,170757,64061,1|2|3|4,488,88,0.988095238095238,90,1.0,16,16,16,13,13,14,178,174,101,33,29,20,True,True,True,False,0.2562|0.4939|0.8199|0.9207|0.9688|0.9636|0.9758|0.9877|0.9876|0.9938|0.9691|0.9503|0.9325|0.9268|0.9036|0.8667|0.8303
0021500434,12.23.2015.UTA.at.GSW,4.0,AMBIGUOUS_LEAD,CALIBRATED,HOLDOUT_PASS,ADEQUATE,True,UNIQUE,4.0,3.0,0.9754601226993864,0.5,3.0,3.5,157,0.3439490445859872,160,163,0.98159509202454,32,0.5,32,33,0.9696969696969696,1.5,3.5,3.0,3,False,,421,225191,72340,1|2|3|4,451,81,0.9876543209876544,82,0.975609756097561,17,17,17,15,15,16,163,163,162,34,33,32,True,True,True,False,0.3439|0.5860|0.7239|0.8187|0.9141|0.9571|0.9755|0.9753|0.9816|0.9755|0.9693|0.9691|0.9693|0.9565|0.9565|0.9568|0.9193
0021500435,12.23.2015.OKC.at.LAL,3.5,CLOCK_CALIBRATION_VALIDATED,CALIBRATED,HOLDOUT_PASS,ADEQUATE,False,TIE_2_SMALLEST_CHOSEN,3.5|4.0,4.0,0.9510869565217392,2.0,3.5,5.5,181,0.2596685082872928,175,184,0.9510869565217392,24,0.5,22,24,0.9166666666666666,1.0,2.5,3.0,2,False,,455,222712,71592,1|2|3|4,484,90,0.9666666666666668,94,0.946808510638298,14,14,15,8,8,9,184,184,172,25,24,19,True,True,True,False,0.2597|0.3851|0.5114|0.6961|0.8579|0.9071|0.9344|0.9511|0.9511|0.9451|0.9293|0.9348|0.9239|0.9071|0.8913|0.8859|0.8785
0021500436,12.25.2015.NOP.at.MIA,5.5,CLOCK_CALIBRATION_VALIDATED,CALIBRATED,HOLDOUT_PASS,ADEQUATE,False,UNIQUE,5.5,6.0,0.9775280898876404,0.0,5.5,5.5,175,0.2685714285714285,175,178,0.9831460674157304,34,0.5,30,34,0.8823529411764706,1.0,3.5,4.0,2,False,,493,235955,78968,1|2|3|4|5,509,87,1.0,77,0.974025974025974,18,18,20,10,10,12,178,177,140,34,33,20,False,False,False,False,0.2686|0.3882|0.5325|0.7294|0.8750|0.9435|0.9551|0.9605|0.9718|0.9774|0.9774|0.9831|0.9775|0.9718|0.9661|0.9602|0.9548
0021500437,12.25.2015.CHI.at.OKC,3.0,AMBIGUOUS_LEAD,CALIBRATED,HOLDOUT_PASS,ADEQUATE,True,UNIQUE,3.0,2.0,0.9731182795698924,1.0,2.0,3.0,182,0.5054945054945055,183,188,0.973404255319149,29,0.5517241379310345,24,28,0.8571428571428571,1.0,2.0,2.0,2,False,,482,237715,71897,1|2|3|4,510,99,0.9693877551020408,89,0.9887640449438202,13,13,14,11,11,14,188,187,186,29,29,29,True,True,True,False,0.5055|0.7069|0.8579|0.9511|0.9731|0.9465|0.9734|0.9628|0.9574|0.9412|0.9412|0.9309|0.9091|0.8984|0.8984|0.8913|0.8564
0021500438,12.25.2015.CLE.at.GSW,5.5,CLOCK_CALIBRATION_VALIDATED,CALIBRATED,HOLDOUT_PASS,ADEQUATE,False,UNIQUE,5.5,5.0,0.9710982658959536,0.5,5.5,5.0,167,0.4311377245508982,169,173,0.976878612716763,27,0.5555555555555556,26,27,0.9629629629629628,1.0,1.5,4.5,1,False,,493,233039,72684,1|2|3|4,518,84,0.9761904761904762,89,0.9887640449438202,16,16,17,10,10,10,173,173,168,27,27,25,True,True,True,False,0.4311|0.5882|0.7176|0.7778|0.8671|0.8947|0.9133|0.9298|0.9535|0.9708|0.9711|0.9769|0.9538|0.9477|0.9353|0.9357|0.9186
0021500439,12.25.2015.SAS.at.HOU,3.0,DRIFTING_LEAD,CALIBRATED,HOLDOUT_PASS,MATERIALLY_DRIFTING,False,UNIQUE,3.0,3.5,0.9741935483870968,3.0,2.5,5.5,145,0.496551724137931,150,153,0.9803921568627452,29,0.3793103448275862,30,30,1.0,1.5,4.0,2.0,2,False,,454,218481,67335,1|2|3|4,467,80,1.0,82,0.9866666666666668,16,16,16,14,12,15,162,157,106,32,30,14,True,True,True,False,0.4966|0.7368|0.8824|0.9539|0.9605|0.9671|0.9804|0.9742|0.9742|0.9548|0.9605|0.9673|0.9610|0.9346|0.9272|0.9262|0.8993
0021500440,12.25.2015.LAC.at.LAL,4.5,CLOCK_CALIBRATION_VALIDATED,CALIBRATED,HOLDOUT_PASS,ADEQUATE,False,UNIQUE,4.5,4.0,0.9874213836477987,1.0,4.5,3.5,152,0.2302631578947368,158,160,0.9875,31,0.2903225806451613,28,31,0.9032258064516128,1.5,3.0,3.0,2,False,,432,210094,71413,1|2|3|4,451,83,0.9878048780487804,79,1.0,12,12,14,16,17,17,162,160,144,31,31,27,False,False,False,False,0.2303|0.3986|0.6623|0.8291|0.9434|0.9563|0.9750|0.9811|0.9874|0.9875|0.9750|0.9814|0.9627|0.9503|0.9250|0.9313|0.8944
0021500441,12.26.2015.TOR.at.MIL,5.0,CLOCK_CALIBRATION_VALIDATED,CALIBRATED,HOLDOUT_PASS,ADEQUATE,False,UNIQUE,5.0,4.0,0.967741935483871,2.0,3.0,5.0,152,0.3355263157894737,152,155,0.9806451612903224,19,0.5263157894736842,19,19,1.0,0.5,3.5,4.0,3,False,,415,185142,67871,1|2|3|4,436,85,0.9876543209876544,77,0.972972972972973,7,8,8,12,12,12,162,153,22,21,20,3,False,False,False,False,0.3355|0.4706|0.7582|0.8954|0.9032|0.9226|0.9481|0.9548|0.9677|0.9677|0.9806|0.9677|0.9613|0.9608|0.9610|0.9605|0.9481
0021500442,12.26.2015.NYK.at.ATL,5.0,CLOCK_CALIBRATION_VALIDATED,CALIBRATED,HOLDOUT_PASS,ADEQUATE,False,UNIQUE,5.0,5.5,0.981132075471698,1.0,4.0,5.0,159,0.2955974842767295,156,158,0.9873417721518988,30,0.4333333333333333,27,30,0.9,1.0,1.5,5.0,1,False,,443,214522,68240,1|2|3|4,470,86,0.975609756097561,83,1.0,12,13,13,15,15,17,169,164,87,31,31,8,False,False,False,False,0.2956|0.4907|0.6606|0.8121|0.8922|0.9102|0.9281|0.9455|0.9634|0.9634|0.9873|0.9811|0.9689|0.9441|0.9250|0.9125|0.8750
0021500443,12.26.2015.MEM.at.CHA,4.5,AMBIGUOUS_LEAD,CALIBRATED,HOLDOUT_PASS,ADEQUATE,True,TIE_2_SMALLEST_CHOSEN,4.5|6.0,6.0,0.9620253164556962,2.0,5.0,3.0,156,0.3012820512820512,152,158,0.9620253164556962,29,0.3793103448275862,28,29,0.9655172413793104,2.5,5.0,3.0,2,False,,473,210216,70748,1|2|3|4,509,83,0.975609756097561,76,0.9736842105263158,14,14,15,14,14,14,159,159,154,29,29,27,True,True,True,False,0.3013|0.3960|0.5506|0.7179|0.8344|0.8974|0.9430|0.9494|0.9557|0.9620|0.9618|0.9618|0.9620|0.9554|0.9490|0.9490|0.9299
0021500444,12.26.2015.MIA.at.ORL,4.0,CLOCK_CALIBRATION_VALIDATED,CALIBRATED,HOLDOUT_PASS,ADEQUATE,False,UNIQUE,4.0,3.5,0.993006993006993,0.5,3.0,3.5,138,0.3260869565217391,143,144,0.9930555555555556,15,0.2666666666666666,15,15,1.0,2.0,3.5,2.5,1,False,,397,193543,65115,1|2|3|4,402,84,0.9873417721518988,72,1.0,6,6,6,9,9,9,156,145,12,17,15,1,True,True,True,False,0.3261|0.5338|0.7737|0.9007|0.9510|0.9858|0.9860|0.9930|0.9931|0.9930|0.9930|0.9787|0.9648|0.9648|0.9507|0.9504|0.9357
0021500445,12.26.2015.HOU.at.NOP,4.5,DRIFTING_LEAD,CALIBRATED,HOLDOUT_PASS,MATERIALLY_DRIFTING,False,UNIQUE,4.5,5.0,0.9791666666666666,2.5,4.5,7.0,146,0.2945205479452055,142,144,0.9861111111111112,23,0.391304347826087,23,23,1.0,0.5,3.5,4.0,1,False,,448,189534,65920,1|2|3|4,467,81,0.9866666666666668,78,0.9859154929577464,14,14,14,9,8,9,159,153,69,25,23,5,True,True,True,False,0.2945|0.3655|0.5000|0.6944|0.8069|0.9014|0.9655|0.9655|0.9722|0.9861|0.9792|0.9792|0.9722|0.9722|0.9722|0.9444|0.9388
0021500446,12.26.2015.BOS.at.DET,6.5,HOLDOUT_FAIL,CALIBRATED,HOLDOUT_FAIL,ADEQUATE,False,UNIQUE,6.5,6.0,0.942528735632184,0.5,6.0,6.5,166,0.2650602409638554,165,174,0.9482758620689656,29,0.4137931034482758,21,29,0.7241379310344828,1.0,3.0,4.5,3,False,,509,225006,70390,1|2|3|4,529,90,0.9775280898876404,85,0.9294117647058824,16,17,21,5,5,8,175,175,147,29,29,11,False,False,False,False,0.2651|0.3036|0.3879|0.4731|0.6024|0.7647|0.8706|0.8966|0.9249|0.9422|0.9310|0.9364|0.9425|0.9483|0.9253|0.9200|0.9302
0021500447,12.26.2015.WAS.at.BKN,4.0,AMBIGUOUS_LEAD,CALIBRATED,HOLDOUT_PASS,ADEQUATE,True,UNIQUE,4.0,3.0,0.9642857142857144,1.0,4.0,3.0,173,0.3410404624277456,163,169,0.9644970414201184,27,0.3333333333333333,28,28,1.0,1.5,3.5,3.0,3,False,,467,196594,68828,1|2|3|4,494,93,0.9666666666666668,80,0.974025974025974,12,12,12,16,15,17,173,169,122,30,30,20,False,False,False,False,0.3410|0.4269|0.5706|0.7669|0.8750|0.9412|0.9643|0.9586|0.9645|0.9583|0.9515|0.9398|0.9458|0.9458|0.9398|0.9222|0.8929
0021500448,12.26.2015.IND.at.MIN,4.0,CLOCK_CALIBRATION_VALIDATED,CALIBRATED,HOLDOUT_PASS,ADEQUATE,False,TIE_2_SMALLEST_CHOSEN,4.0|4.5,4.5,0.9805194805194806,0.0,4.0,4.0,142,0.3661971830985915,151,154,0.9805194805194806,42,0.2857142857142857,37,41,0.902439024390244,1.0,4.0,2.0,2,False,,408,206910,70127,1|2|3|4,434,78,1.0,77,0.9605263157894736,14,14,15,23,23,26,155,150,89,42,40,25,True,True,True,False,0.3662|0.5594|0.8095|0.9346|0.9677|0.9677|0.9613|0.9675|0.9805|0.9805|0.9677|0.9610|0.9290|0.9221|0.9150|0.9013|0.8947
0021500449,12.26.2015.CHI.at.DAL,3.5,CLOCK_CALIBRATION_VALIDATED,CALIBRATED,HOLDOUT_PASS,ADEQUATE,False,UNIQUE,3.5,3.0,0.9863945578231292,1.5,4.5,3.0,142,0.3380281690140845,146,148,0.9864864864864864,25,0.48,23,25,0.92,1.0,2.0,2.0,3,False,,491,196463,62830,1|2|3|4,513,79,0.9861111111111112,86,1.0,13,13,15,10,10,10,165,146,5,28,24,0,True,True,True,False,0.3380|0.5547|0.8099|0.9379|0.9728|0.9660|0.9864|0.9865|0.9660|0.9795|0.9589|0.9384|0.9452|0.9521|0.9452|0.9452|0.9310
0021500450,12.26.2015.DEN.at.SAS,5.0,CLOCK_CALIBRATION_VALIDATED,CALIBRATED,HOLDOUT_PASS,ADEQUATE,False,TIE_2_SMALLEST_CHOSEN,5.0|5.5,5.5,0.9620253164556962,1.5,3.5,5.0,161,0.2360248447204969,152,158,0.9620253164556962,25,0.24,24,25,0.96,2.0,3.0,4.5,2,False,,400,208719,67397,1|2|3|4,427,84,1.0,83,0.961038961038961,14,15,15,10,10,10,167,164,72,26,26,11,True,True,True,False,0.2360|0.2911|0.4934|0.7325|0.8758|0.8951|0.9130|0.9313|0.9375|0.9557|0.9620|0.9620|0.9490|0.9554|0.9557|0.9304|0.9241
0021500451,12.26.2015.PHI.at.PHX,3.5,CLOCK_CALIBRATION_VALIDATED,CALIBRATED,HOLDOUT_PASS,ADEQUATE,False,UNIQUE,3.5,3.0,0.9622641509433962,2.0,3.0,5.0,153,0.3398692810457516,154,160,0.9625,35,0.3428571428571428,33,34,0.9705882352941176,2.5,4.0,2.0,3,False,,522,216841,68297,1|2|3|4,543,83,0.975,84,0.9746835443037974,17,18,18,16,15,17,167,160,74,35,33,12,True,True,True,False,0.3399|0.5800|0.8599|0.9236|0.9500|0.9497|0.9623|0.9625|0.9560|0.9565|0.9563|0.9563|0.9367|0.9367|0.9236|0.9355|0.9097
0021500452,12.26.2015.LAC.at.UTA,3.0,CLOCK_CALIBRATION_VALIDATED,CALIBRATED,HOLDOUT_PASS,ADEQUATE,False,UNIQUE,3.0,3.5,0.993421052631579,1.0,3.0,4.0,147,0.2789115646258503,152,153,0.9934640522875816,28,0.3214285714285714,27,28,0.9642857142857144,2.0,2.0,2.5,1,False,,469,213177,71710,1|2|3|4,489,74,1.0,79,1.0,17,17,18,10,9,9,153,152,148,28,28,21,True,True,True,False,0.2789|0.4014|0.6622|0.8344|0.9338|0.9869|0.9935|0.9934|0.9934|0.9673|0.9608|0.9671|0.9605|0.9477|0.9412|0.9412|0.9216
0021500453,12.26.2015.CLE.at.POR,4.0,CLOCK_CALIBRATION_VALIDATED,CALIBRATED,HOLDOUT_PASS,ADEQUATE,False,UNIQUE,4.0,4.5,0.9819277108433736,0.5,4.0,4.5,158,0.240506329113924,163,165,0.987878787878788,25,0.36,25,25,1.0,1.0,3.0,3.5,2,False,,434,224257,71219,1|2|3|4,450,89,0.9887640449438202,77,1.0,10,10,10,15,15,15,166,165,152,25,25,20,True,True,True,False,0.2405|0.3484|0.5443|0.7702|0.8963|0.9455|0.9636|0.9758|0.9879|0.9819|0.9699|0.9639|0.9699|0.9699|0.9578|0.9398|0.9152
0021500454,12.27.2015.NYK.at.BOS,3.0,AMBIGUOUS_LEAD,CALIBRATED,HOLDOUT_PASS,ADEQUATE,True,UNIQUE,3.0,4.0,0.9942196531791908,1.0,4.0,3.0,164,0.4634146341463415,173,174,0.9942528735632185,23,0.5217391304347826,23,23,1.0,2.0,4.0,2.0,3,False,,492,213141,71532,1|2|3|4,511,95,1.0,79,1.0,8,8,8,15,15,15,174,174,172,23,23,20,True,True,True,False,0.4634|0.6564|0.8372|0.9711|0.9828|0.9885|0.9943|0.9827|0.9942|0.9885|0.9713|0.9827|0.9828|0.9709|0.9364|0.9138|0.8851
0021500455,12.27.2015.LAL.at.MEM,4.5,CLOCK_CALIBRATION_VALIDATED,CALIBRATED,HOLDOUT_PASS,ADEQUATE,False,UNIQUE,4.5,5.0,0.9681528662420382,1.0,4.0,5.0,156,0.2628205128205128,153,158,0.9683544303797468,22,0.2272727272727272,22,23,0.9565217391304348,2.0,2.0,3.5,2,False,,443,203205,69036,1|2|3|4,461,86,1.0,78,0.96,8,8,8,14,13,14,164,161,97,23,22,9,False,False,False,False,0.2628|0.4145|0.6533|0.7662|0.8516|0.8917|0.9367|0.9623|0.9623|0.9684|0.9682|0.9423|0.9423|0.9355|0.9091|0.9156|0.8968
0021500456,12.27.2015.DEN.at.OKC,3.0,CLOCK_CALIBRATION_VALIDATED,CALIBRATED,HOLDOUT_PASS,ADEQUATE,False,UNIQUE,3.0,2.5,0.9717514124293786,0.5,3.5,3.0,163,0.4049079754601227,173,176,0.9829545454545454,24,0.5,23,24,0.9583333333333334,0.5,2.5,2.5,1,False,,431,205764,71639,1|2|3|4,442,87,0.9655172413793104,90,1.0,12,12,13,11,11,11,177,177,175,24,24,24,True,True,True,False,0.4049|0.5824|0.8412|0.9034|0.9602|0.9718|0.9830|0.9718|0.9716|0.9716|0.9605|0.9435|0.9375|0.9266|0.8920|0.8971|0.8701
0021500457,12.27.2015.POR.at.SAC,4.5,CLOCK_CALIBRATION_VALIDATED,CALIBRATED,HOLDOUT_PASS,ADEQUATE,False,TIE_2_SMALLEST_CHOSEN,4.5|5.0,5.0,0.96875,1.0,5.0,4.0,157,0.1910828025477707,155,160,0.96875,39,0.3333333333333333,36,40,0.9,2.0,3.0,4.0,2,False,,484,240526,69962,1|2|3|4,512,84,0.975609756097561,84,0.9866666666666668,16,17,20,20,20,20,168,156,27,40,40,30,True,True,True,False,0.1911|0.2583|0.3758|0.5933|0.7871|0.8750|0.9367|0.9295|0.9677|0.9688|0.9688|0.9686|0.9563|0.9255|0.9255|0.9503|0.9317
0021500458,12.28.2015.LAL.at.CHA,5.5,CLOCK_CALIBRATION_VALIDATED,CALIBRATED,HOLDOUT_PASS,ADEQUATE,False,UNIQUE,5.5,5.0,0.9770114942528736,0.5,5.0,5.5,164,0.2134146341463414,171,174,0.9827586206896552,21,0.3333333333333333,20,21,0.9523809523809524,1.5,2.0,4.5,1,False,,435,210110,71781,1|2|3|4,460,82,0.975609756097561,92,1.0,11,11,12,9,9,9,174,174,155,21,21,19,False,False,False,False,0.2134|0.3697|0.6118|0.7574|0.8448|0.8895|0.9364|0.9419|0.9483|0.9653|0.9770|0.9828|0.9770|0.9368|0.9080|0.9017|0.8793
0021500459,12.28.2015.ATL.at.IND,4.5,CLOCK_CALIBRATION_VALIDATED,CALIBRATED,HOLDOUT_PASS,ADEQUATE,False,TIE_4_SMALLEST_CHOSEN,4.5|5.0|5.5|6.0,5.0,1.0,1.5,4.5,3.0,145,0.2482758620689655,147,147,1.0,31,0.1935483870967742,27,28,0.9642857142857144,3.0,3.5,3.0,2,False,,469,207677,64808,1|2|3|4,498,77,1.0,84,1.0,12,12,12,15,16,16,161,142,16,34,31,2,True,True,True,False,0.2483|0.3611|0.6164|0.7986|0.9252|0.9592|0.9866|0.9932|0.9932|1.0000|1.0000|1.0000|1.0000|0.9653|0.9375|0.9301|0.8958
0021500460,12.28.2015.NOP.at.ORL,3.5,DRIFTING_LEAD,CALIBRATED,HOLDOUT_PASS,MATERIALLY_DRIFTING,False,TIE_3_SMALLEST_CHOSEN,3.5|4.0|4.5,4.0,0.9865771812080536,2.5,5.5,3.0,146,0.2260273972602739,147,149,0.9865771812080536,20,0.4,18,18,1.0,2.5,3.5,3.0,2,False,,404,167983,63073,1|2|3|4,424,84,0.9864864864864864,81,1.0,9,7,8,9,9,9,165,146,0,22,20,0,True,True,True,False,0.2260|0.3287|0.5235|0.7075|0.8600|0.9329|0.9864|0.9866|0.9866|0.9866|0.9662|0.9864|0.9796|0.9728|0.9589|0.9448|0.9444
0021500461,12.28.2015.LAC.at.WAS,5.0,DRIFTING_LEAD,CALIBRATED,HOLDOUT_PASS,MATERIALLY_DRIFTING,False,UNIQUE,5.0,5.5,0.9878048780487804,3.0,5.0,2.0,151,0.2980132450331126,163,163,1.0,32,0.25,30,31,0.967741935483871,0.5,3.5,2.0,2,False,,466,188999,70390,1|2|3|4,489,86,1.0,79,1.0,14,14,15,16,14,16,165,164,135,32,32,27,True,True,True,False,0.2980|0.5828|0.8696|0.9693|0.9817|0.9818|0.9877|0.9693|0.9815|0.9817|1.0000|0.9878|0.9693|0.9568|0.9444|0.9018|0.8875
0021500462,12.28.2015.BKN.at.MIA,3.5,CLOCK_CALIBRATION_VALIDATED,CALIBRATED,HOLDOUT_PASS,ADEQUATE,False,UNIQUE,3.5,3.0,0.9664429530201344,0.0,3.5,3.5,146,0.2808219178082192,144,147,0.979591836734694,26,0.2692307692307692,22,25,0.88,0.5,1.0,3.0,1,False,,487,175618,63878,1|2|3|4,512,80,0.9863013698630136,80,0.972972972972973,11,11,12,11,11,13,160,157,87,27,26,7,True,True,True,False,0.2808|0.3957|0.6028|0.7394|0.8819|0.9384|0.9664|0.9796|0.9527|0.9456|0.9452|0.9586|0.9384|0.9252|0.9041|0.8973|0.9028
0021500463,12.28.2015.TOR.at.CHI,3.0,CLOCK_CALIBRATION_VALIDATED,CALIBRATED,HOLDOUT_PASS,ADEQUATE,False,UNIQUE,3.0,3.5,0.9757575757575756,1.0,4.0,3.0,166,0.2831325301204819,162,166,0.9759036144578314,15,0.2,15,16,0.9375,1.5,2.5,2.5,1,False,,452,197932,66292,1|2|3|4,473,94,0.9772727272727272,81,0.9871794871794872,8,8,8,7,7,8,175,167,89,17,16,6,True,True,True,False,0.2831|0.4321|0.6101|0.8718|0.9448|0.9691|0.9759|0.9758|0.9758|0.9636|0.9515|0.9455|0.9394|0.9394|0.9268|0.9333|0.9091
0021500464,12.28.2015.MIL.at.DAL,2.5,CLOCK_CALIBRATION_VALIDATED,CALIBRATED,HOLDOUT_PASS,ADEQUATE,False,TIE_3_SMALLEST_CHOSEN,2.5|3.0|3.5,3.0,0.9724137931034482,1.0,2.5,3.5,135,0.237037037037037,141,145,0.9724137931034482,17,0.3529411764705882,13,14,0.9285714285714286,2.0,3.5,2.5,2,False,,440,176530,60238,1|2|3|4,454,88,0.9746835443037974,75,1.0,5,5,5,8,8,9,163,135,1,21,17,0,True,True,True,False,0.2370|0.5036|0.7762|0.8966|0.9448|0.9724|0.9724|0.9724|0.9653|0.9722|0.9645|0.9571|0.9353|0.9291|0.9214|0.9065|0.8993
0021500465,12.28.2015.MIN.at.SAS,3.5,AMBIGUOUS_LEAD,CALIBRATED,HOLDOUT_PASS,ADEQUATE,True,UNIQUE,3.5,5.0,0.9785714285714284,2.0,5.0,3.0,133,0.225563909774436,131,133,0.9849624060150376,27,0.2962962962962963,24,24,1.0,2.5,3.0,3.0,2,False,,469,199438,63156,1|2|3|4,492,78,1.0,76,0.9855072463768116,11,9,10,13,13,13,154,140,11,31,28,1,False,False,False,False,0.2256|0.3629|0.5662|0.7481|0.9030|0.9559|0.9781|0.9850|0.9779|0.9712|0.9786|0.9784|0.9574|0.9161|0.9214|0.9137|0.9078
0021500466,12.28.2015.CLE.at.PHX,3.0,CLOCK_CALIBRATION_VALIDATED,CALIBRATED,HOLDOUT_PASS,ADEQUATE,False,UNIQUE,3.0,2.5,0.9852941176470588,0.5,2.5,3.0,127,0.3149606299212598,132,133,0.9924812030075189,30,0.3666666666666666,23,27,0.8518518518518519,2.0,2.0,2.5,2,False,,451,177520,62774,1|2|3|4,472,79,0.9866666666666668,71,1.0,9,9,12,14,14,15,150,138,38,33,29,9,True,True,True,False,0.3150|0.5581|0.8370|0.9549|0.9706|0.9853|0.9925|0.9850|0.9851|0.9627|0.9556|0.9481|0.9318|0.9179|0.9104|0.9242|0.9008
0021500467,12.28.2015.PHI.at.UTA,5.5,CLOCK_CALIBRATION_VALIDATED,CALIBRATED,HOLDOUT_PASS,ADEQUATE,False,UNIQUE,5.5,5.0,0.9823529411764704,1.5,4.0,5.5,158,0.2658227848101265,167,169,0.9881656804733728,32,0.34375,27,33,0.8181818181818182,1.0,3.0,3.0,2,False,,538,256909,70595,1|2|3|4,559,86,1.0,84,0.9879518072289156,12,14,15,15,15,18,170,169,150,33,33,23,False,False,False,False,0.2658|0.4356|0.6319|0.7798|0.9102|0.9461|0.9701|0.9643|0.9763|0.9765|0.9824|0.9882|0.9763|0.9645|0.9521|0.9455|0.9277
0021500468,12.28.2015.SAC.at.GSW,3.0,CLOCK_CALIBRATION_VALIDATED,CALIBRATED,HOLDOUT_PASS,ADEQUATE,False,UNIQUE,3.0,2.5,0.967032967032967,0.5,3.0,2.5,178,0.4438202247191011,176,181,0.9723756906077348,32,0.53125,30,32,0.9375,1.0,2.0,2.5,2,False,,514,225791,72539,1|2|3|4,539,97,0.96875,87,0.9767441860465116,17,17,18,13,13,14,184,184,183,32,32,31,False,False,False,False,0.4438|0.6517|0.7853|0.9061|0.9392|0.9670|0.9724|0.9615|0.9399|0.9617|0.9344|0.9341|0.9071|0.8750|0.8689|0.8571|0.8370
0021500469,12.29.2015.DET.at.NYK,3.5,CLOCK_CALIBRATION_VALIDATED,CALIBRATED,HOLDOUT_PASS,ADEQUATE,False,UNIQUE,3.5,4.0,0.9819277108433736,0.0,3.5,3.5,154,0.3506493506493506,167,168,0.9940476190476192,18,0.5555555555555556,19,20,0.95,0.5,1.5,3.5,1,False,,424,200924,71293,1|2|3|4,436,91,1.0,77,0.987012987012987,10,10,11,9,9,9,168,168,166,20,20,19,True,True,True,False,0.3506|0.4452|0.6319|0.7840|0.8545|0.9401|0.9701|0.9940|0.9819|0.9760|0.9702|0.9643|0.9701|0.9583|0.9524|0.9286|0.8982
0021500470,12.29.2015.ATL.at.HOU,3.5,CLOCK_CALIBRATION_VALIDATED,CALIBRATED,HOLDOUT_PASS,ADEQUATE,False,UNIQUE,3.5,4.0,0.9870967741935484,0.5,3.5,3.0,143,0.3566433566433566,151,152,0.993421052631579,29,0.2068965517241379,29,29,1.0,1.0,1.5,3.0,1,False,,512,185929,62741,1|2|3|4,533,84,1.0,87,0.986842105263158,14,14,14,15,15,15,171,151,13,31,28,2,False,False,False,False,0.3566|0.5342|0.7308|0.8693|0.9221|0.9677|0.9868|0.9934|0.9871|0.9610|0.9548|0.9545|0.9355|0.9097|0.9085|0.8889|0.8758
0021500471,12.29.2015.MIA.at.MEM,4.0,CLOCK_CALIBRATION_VALIDATED,CALIBRATED,HOLDOUT_PASS,ADEQUATE,False,UNIQUE,4.0,3.5,0.9693251533742332,0.5,3.5,3.0,151,0.3377483443708609,160,163,0.98159509202454,22,0.5454545454545454,22,22,1.0,0.5,3.0,3.0,2,False,,464,217925,76700,1|2|3|4|5,480,73,0.9863013698630136,75,0.9733333333333334,8,8,8,12,12,12,166,163,115,22,22,14,True,True,True,False,0.3377|0.4545|0.6352|0.8323|0.8957|0.9506|0.9632|0.9693|0.9816|0.9693|0.9632|0.9691|0.9565|0.9565|0.9379|0.9444|0.9383
0021500472,12.29.2015.MIL.at.OKC,3.5,CLOCK_CALIBRATION_VALIDATED,CALIBRATED,HOLDOUT_PASS,ADEQUATE,False,TIE_3_SMALLEST_CHOSEN,3.5|4.0|4.5,4.0,0.9731182795698924,1.0,4.5,3.5,179,0.4860335195530726,181,186,0.9731182795698924,25,0.28,20,25,0.8,1.5,2.0,3.0,1,False,,502,245357,71809,1|2|3|4,527,93,0.978494623655914,93,0.989247311827957,12,12,13,8,8,12,186,185,180,25,25,25,True,True,True,False,0.4860|0.6145|0.8378|0.9297|0.9409|0.9409|0.9624|0.9731|0.9731|0.9731|0.9462|0.9297|0.9243|0.8967|0.8703|0.8541|0.8280
0021500473,12.29.2015.CLE.at.DEN,5.5,AMBIGUOUS_LEAD,CALIBRATED,HOLDOUT_PASS,ADEQUATE,True,UNIQUE,5.5,4.0,0.9433962264150944,1.5,4.0,5.5,160,0.26875,152,161,0.9440993788819876,30,0.4,23,27,0.8518518518518519,1.0,3.5,3.5,2,False,,459,199336,65789,1|2|3|4,479,94,0.9523809523809524,81,0.948051948051948,10,10,10,13,13,17,175,171,68,30,26,10,True,True,True,False,0.2687|0.3571|0.4841|0.6392|0.7421|0.8466|0.9062|0.9371|0.9434|0.9250|0.9317|0.9441|0.9317|0.9308|0.9241|0.9006|0.9000
0021500474,12.30.2015.LAC.at.CHA,4.5,CLOCK_CALIBRATION_VALIDATED,CALIBRATED,HOLDOUT_PASS,ADEQUATE,False,TIE_2_SMALLEST_CHOSEN,4.5|5.0,5.0,0.9808917197452228,0.5,5.0,4.5,142,0.2957746478873239,154,157,0.9808917197452228,22,0.3636363636363636,20,23,0.8695652173913043,2.0,3.5,3.0,1,False,,494,225548,70810,1|2|3|4,518,85,0.988095238095238,74,0.9864864864864864,7,8,10,13,13,13,159,159,144,23,23,13,False,False,False,False,0.2958|0.4097|0.6533|0.7935|0.8968|0.9423|0.9682|0.9684|0.9745|0.9809|0.9809|0.9745|0.9615|0.9548|0.9359|0.9423|0.9295
0021500475,12.30.2015.BKN.at.ORL,2.5,CLOCK_CALIBRATION_VALIDATED,CALIBRATED,HOLDOUT_PASS,ADEQUATE,False,TIE_2_SMALLEST_CHOSEN,2.5|3.0,3.0,0.9802631578947368,1.0,2.5,3.5,142,0.4436619718309859,149,152,0.9802631578947368,22,0.2727272727272727,19,22,0.8636363636363636,1.5,2.5,2.5,1,False,,447,183412,63234,1|2|3|4,470,86,0.9875,79,0.9726027397260274,6,6,7,13,14,15,165,136,0,28,20,0,True,True,True,False,0.4437|0.6621|0.8092|0.9205|0.9281|0.9803|0.9803|0.9739|0.9673|0.9673|0.9539|0.9474|0.9474|0.9329|0.9200|0.9048|0.8912
0021500476,12.30.2015.LAL.at.BOS,3.0,CLOCK_CALIBRATION_VALIDATED,CALIBRATED,HOLDOUT_PASS,ADEQUATE,False,UNIQUE,3.0,3.5,0.9776536312849162,0.5,2.5,3.0,176,0.4261363636363636,177,181,0.9779005524861878,20,0.3,19,20,0.95,1.0,4.0,2.0,1,False,,489,209431,70058,1|2|3|4,502,98,0.979381443298969,84,0.9761904761904762,9,10,10,10,10,10,182,182,176,20,20,17,True,True,True,False,0.4261|0.6215|0.8222|0.9061|0.9611|0.9669|0.9779|0.9777|0.9721|0.9665|0.9663|0.9663|0.9494|0.9326|0.9056|0.8933|0.8820
0021500477,12.30.2015.WAS.at.TOR,5.0,CLOCK_CALIBRATION_VALIDATED,CALIBRATED,HOLDOUT_PASS,ADEQUATE,False,UNIQUE,5.0,4.5,0.98159509202454,1.5,4.5,3.0,163,0.2085889570552147,157,159,0.9874213836477987,26,0.3461538461538461,23,24,0.9583333333333334,1.0,2.0,4.0,1,False,,504,204951,68496,1|2|3|4,520,89,0.9885057471264368,80,0.987012987012987,12,12,13,11,11,12,169,169,127,26,26,13,True,True,True,False,0.2086|0.2744|0.4277|0.7000|0.8313|0.9152|0.9448|0.9576|0.9693|0.9816|0.9874|0.9753|0.9503|0.9563|0.9497|0.9375|0.9268
0021500478,12.30.2015.IND.at.CHI,4.0,CLOCK_CALIBRATION_VALIDATED,CALIBRATED,HOLDOUT_PASS,ADEQUATE,False,UNIQUE,4.0,3.5,0.976878612716763,1.5,2.5,4.0,171,0.327485380116959,170,174,0.9770114942528736,32,0.3125,31,31,1.0,1.0,2.5,2.5,1,False,,524,215191,71378,1|2|3|4|5,559,88,0.9759036144578314,81,0.987012987012987,9,9,9,17,17,17,183,166,50,33,29,6,False,False,False,False,0.3275|0.4000|0.5924|0.7988|0.9345|0.9651|0.9706|0.9769|0.9770|0.9595|0.9535|0.9477|0.9477|0.9244|0.9240|0.9064|0.8994
0021500479,12.30.2015.UTA.at.MIN,3.5,CLOCK_CALIBRATION_VALIDATED,CALIBRATED,HOLDOUT_PASS,ADEQUATE,False,UNIQUE,3.5,4.0,0.9847328244274808,1.0,2.5,3.5,120,0.4416666666666666,131,131,1.0,26,0.3076923076923077,25,26,0.9615384615384616,0.5,2.5,2.5,1,False,,461,166703,57562,1|2|3|4,491,83,1.0,74,1.0,17,17,18,8,8,8,157,142,28,29,22,1,True,True,True,False,0.4417|0.6667|0.8906|0.9609|0.9766|0.9844|0.9846|1.0000|0.9847|0.9845|0.9542|0.9462|0.9385|0.9231|0.9154|0.9077|0.8931
0021500480,12.30.2015.GSW.at.DAL,4.0,CLOCK_CALIBRATION_VALIDATED,CALIBRATED,HOLDOUT_PASS,ADEQUATE,False,UNIQUE,4.0,2.5,0.9861111111111112,2.0,3.0,5.0,145,0.2620689655172414,144,145,0.993103448275862,26,0.3076923076923077,24,26,0.9230769230769232,0.5,3.5,2.5,3,False,,434,175213,63760,1|2|3|4,451,84,1.0,79,1.0,11,11,12,13,13,14,163,129,0,27,21,0,True,True,True,False,0.2621|0.5175|0.8162|0.9655|0.9724|0.9861|0.9861|0.9861|0.9931|0.9792|0.9792|0.9793|0.9724|0.9724|0.9510|0.9375|0.9362
0021500481,12.30.2015.PHX.at.SAS,5.0,DRIFTING_LEAD,CALIBRATED,HOLDOUT_PASS,MATERIALLY_DRIFTING,False,UNIQUE,5.0,4.5,0.9558823529411764,3.0,7.0,4.0,139,0.2014388489208633,131,136,0.9632352941176472,25,0.2,23,26,0.8846153846153846,1.0,2.0,4.5,2,False,,440,193728,61782,1|2|3|4,463,83,0.9571428571428572,74,0.984375,13,13,15,10,10,10,157,137,0,28,25,0,True,True,True,False,0.2014|0.2590|0.3869|0.6212|0.8060|0.9051|0.9065|0.9220|0.9416|0.9559|0.9632|0.9485|0.9338|0.9403|0.9549|0.9333|0.9118
0021500482,12.30.2015.DEN.at.POR,4.0,CLOCK_CALIBRATION_VALIDATED,CALIBRATED,HOLDOUT_PASS,ADEQUATE,False,UNIQUE,4.0,4.5,0.9655172413793104,0.0,4.0,4.0,169,0.2366863905325443,169,173,0.976878612716763,27,0.1851851851851851,27,27,1.0,0.5,2.0,3.5,1,False,,454,218455,70328,1|2|3|4,473,92,0.978021978021978,82,0.975609756097561,12,12,12,15,15,15,174,169,103,28,27,17,True,True,True,False,0.2367|0.3665|0.5443|0.7289|0.8488|0.9138|0.9425|0.9595|0.9769|0.9655|0.9593|0.9474|0.9532|0.9415|0.9415|0.9294|0.9167
0021500483,12.30.2015.PHI.at.SAC,3.5,CLOCK_CALIBRATION_VALIDATED,CALIBRATED,HOLDOUT_PASS,ADEQUATE,False,UNIQUE,3.5,4.0,0.9625,1.0,4.5,3.5,157,0.2356687898089172,156,158,0.9873417721518988,34,0.3529411764705882,35,35,1.0,0.5,0.5,3.5,1,False,,545,251947,69952,1|2|3|4,570,94,0.978021978021978,74,1.0,19,18,18,16,16,16,168,166,29,35,35,24,True,True,True,False,0.2357|0.2994|0.4371|0.6333|0.8301|0.9045|0.9557|0.9873|0.9625|0.9568|0.9503|0.9313|0.9434|0.9563|0.9379|0.9383|0.9006
0021500484,12.31.2015.MIL.at.IND,3.5,CLOCK_CALIBRATION_VALIDATED,CALIBRATED,HOLDOUT_PASS,ADEQUATE,False,UNIQUE,3.5,4.5,0.9788732394366196,0.5,3.0,3.5,140,0.3071428571428571,140,141,0.9929078014184396,34,0.3823529411764705,32,32,1.0,0.5,2.0,3.0,2,False,,483,200586,62973,1|2|3|4,511,80,1.0,79,0.9848484848484848,20,20,20,12,12,12,159,138,2,35,29,0,False,False,False,False,0.3071|0.4965|0.7465|0.8873|0.9444|0.9653|0.9787|0.9929|0.9718|0.9789|0.9789|0.9643|0.9362|0.9143|0.9071|0.8865|0.8714
0021500485,12.31.2015.GSW.at.HOU,3.5,AMBIGUOUS_LEAD,CALIBRATED,HOLDOUT_PASS,ADEQUATE,True,UNIQUE,3.5,2.5,0.9605263157894736,1.0,2.5,3.5,146,0.3424657534246575,146,151,0.9668874172185432,30,0.4666666666666667,31,32,0.96875,1.0,3.0,2.5,2,False,,470,199056,67085,1|2|3|4,496,84,0.9753086419753086,78,0.9577464788732394,18,17,17,13,13,14,162,139,4,33,26,0,True,True,True,False,0.3425|0.5946|0.7947|0.9013|0.9412|0.9605|0.9542|0.9669|0.9600|0.9597|0.9530|0.9184|0.9122|0.8986|0.8649|0.8716|0.8591
0021500486,12.31.2015.MIN.at.DET,5.0,CLOCK_CALIBRATION_VALIDATED,CALIBRATED,HOLDOUT_PASS,ADEQUATE,False,UNIQUE,5.0,4.5,0.9642857142857144,0.5,5.0,4.5,164,0.2621951219512195,163,168,0.9702380952380952,30,0.6,24,29,0.8275862068965517,1.0,2.0,4.0,1,False,,462,208209,69239,1|2|3|4,483,85,0.9876543209876544,87,0.9540229885057472,12,12,15,12,14,15,172,170,120,31,29,13,True,True,True,False,0.2622|0.3416|0.4717|0.6098|0.7126|0.8204|0.9006|0.9290|0.9527|0.9643|0.9702|0.9527|0.9458|0.9455|0.9146|0.9085|0.8841
0021500487,12.31.2015.LAC.at.NOP,5.0,CLOCK_CALIBRATION_VALIDATED,CALIBRATED,HOLDOUT_PASS,ADEQUATE,False,UNIQUE,5.0,4.5,0.9748427672955976,0.5,5.0,5.5,151,0.23841059602649,154,157,0.9808917197452228,25,0.4,26,27,0.9629629629629628,2.0,4.0,3.0,1,False,,476,192067,64090,1|2|3|4,495,88,0.9878048780487804,84,0.9866666666666668,13,13,13,13,12,14,172,157,11,27,24,2,True,True,True,False,0.2384|0.2993|0.4071|0.6622|0.8026|0.9013|0.9610|0.9744|0.9745|0.9748|0.9809|0.9748|0.9684|0.9684|0.9494|0.9363|0.9408
0021500488,12.31.2015.PHX.at.OKC,3.0,CLOCK_CALIBRATION_VALIDATED,CALIBRATED,HOLDOUT_PASS,ADEQUATE,False,UNIQUE,3.0,2.5,0.9753086419753086,1.0,3.0,2.0,149,0.4496644295302013,158,161,0.9813664596273292,29,0.4137931034482758,29,29,1.0,1.0,2.0,2.0,1,False,,420,202694,71561,1|2|3|4,445,78,0.9871794871794872,84,0.9761904761904762,14,14,14,15,15,15,162,162,159,29,29,29,False,False,False,False,0.4497|0.6954|0.8562|0.9379|0.9689|0.9753|0.9814|0.9625|0.9503|0.9506|0.9259|0.9259|0.9321|0.9187|0.9006|0.8875|0.8671
0021500489,12.31.2015.POR.at.UTA,4.0,DRIFTING_LEAD,CALIBRATED,HOLDOUT_PASS,MATERIALLY_DRIFTING,False,UNIQUE,4.0,4.5,0.967948717948718,2.5,5.5,3.0,158,0.2151898734177215,153,158,0.9683544303797468,15,0.3333333333333333,12,15,0.8,1.5,4.5,2.5,3,False,,407,158599,66074,1|2|3|4,416,82,0.974025974025974,82,0.9743589743589745,8,10,10,4,4,5,164,159,119,15,15,9,True,True,True,False,0.2152|0.3624|0.5769|0.7987|0.8742|0.9557|0.9618|0.9618|0.9684|0.9679|0.9615|0.9673|0.9613|0.9487|0.9419|0.9286|0.9085
0021500490,01.01.2016.ORL.at.WAS,4.0,CLOCK_CALIBRATION_VALIDATED,CALIBRATED,HOLDOUT_PASS,ADEQUATE,False,UNIQUE,4.0,3.5,0.9886363636363636,1.5,4.0,2.5,167,0.3413173652694611,175,177,0.9887005649717514,24,0.3333333333333333,24,24,1.0,1.0,2.5,2.0,2,True,,414,193347,70936,1|2|3|4,436,93,0.989247311827957,84,1.0,12,12,12,12,11,12,177,177,166,24,24,23,True,True,True,True,0.3413|0.6364|0.8506|0.9310|0.9716|0.9830|0.9830|0.9886|0.9887|0.9661|0.9492|0.9492|0.9200|0.9029|0.8966|0.8736|0.8514
0021500491,01.01.2016.DAL.at.MIA,5.5,AMBIGUOUS_LEAD,CALIBRATED,HOLDOUT_PASS,MATERIALLY_DRIFTING,True,UNIQUE,5.5,4.5,0.9683544303797468,2.5,5.5,3.0,160,0.26875,153,157,0.9745222929936306,21,0.5238095238095238,19,21,0.9047619047619048,1.5,4.5,3.0,3,True,,426,199001,67272,1|2|3|4,436,87,0.9873417721518988,83,0.9743589743589745,5,5,7,14,14,14,170,164,58,21,21,6,True,True,True,True,0.2687|0.4051|0.5724|0.7911|0.8994|0.9437|0.9560|0.9623|0.9620|0.9684|0.9682|0.9745|0.9554|0.9554|0.9548|0.9490|0.9236
0021500492,01.01.2016.CHA.at.TOR,6.0,CLOCK_CALIBRATION_VALIDATED,CALIBRATED,HOLDOUT_PASS,ADEQUATE,False,UNIQUE,6.0,5.5,0.9649122807017544,0.0,6.0,6.0,167,0.2754491017964072,167,172,0.9709302325581396,23,0.217391304347826,20,22,0.9090909090909092,0.5,3.0,4.5,2,True,,452,211445,69819,1|2|3|4,472,87,0.9523809523809524,89,0.9886363636363636,5,5,6,15,15,16,176,171,86,23,22,6,True,True,True,True,0.2754|0.4000|0.5893|0.7278|0.8793|0.8953|0.9075|0.9357|0.9306|0.9540|0.9535|0.9649|0.9709|0.9649|0.9588|0.9408|0.9181
0021500493,01.01.2016.NYK.at.CHI,4.5,CLOCK_CALIBRATION_VALIDATED,CALIBRATED,HOLDOUT_PASS,ADEQUATE,False,UNIQUE,4.5,4.0,0.9743589743589745,1.5,3.0,4.5,158,0.2468354430379747,153,157,0.9745222929936306,18,0.3333333333333333,14,16,0.875,2.0,5.0,2.5,4,True,,455,188280,64761,1|2|3|4,475,94,0.9767441860465116,75,0.9859154929577464,3,3,4,11,11,12,169,157,17,18,17,1,True,True,True,True,0.2468|0.3871|0.6601|0.8255|0.9231|0.9613|0.9682|0.9618|0.9744|0.9745|0.9620|0.9557|0.9682|0.9487|0.9615|0.9545|0.9481
0021500494,01.01.2016.PHI.at.LAL,5.5,AMBIGUOUS_LEAD,CALIBRATED,HOLDOUT_PASS,ADEQUATE,True,UNIQUE,5.5,4.5,0.9631901840490796,0.5,6.0,5.5,161,0.2422360248447205,156,161,0.968944099378882,24,0.4166666666666667,21,24,0.875,2.0,3.0,4.0,2,True,,483,228571,67491,1|2|3|4,509,87,0.988095238095238,84,0.961038961038961,10,11,13,11,11,11,171,163,68,26,26,11,True,True,True,True,0.2422|0.3082|0.4259|0.5890|0.7346|0.8232|0.8902|0.9146|0.9573|0.9632|0.9627|0.9689|0.9632|0.9565|0.9317|0.9317|0.9250
0021500495,01.02.2016.BKN.at.BOS,5.5,AMBIGUOUS_LEAD,CALIBRATED,HOLDOUT_PASS,MATERIALLY_DRIFTING,True,UNIQUE,5.5,3.0,0.9550561797752808,3.0,2.5,5.5,171,0.4269005847953216,173,181,0.9558011049723756,27,0.5925925925925926,25,28,0.8928571428571429,1.5,4.0,2.5,2,True,,509,209404,70138,1|2|3|4,521,93,0.967741935483871,88,0.9431818181818182,11,12,12,14,14,16,181,178,145,28,28,17,True,True,True,True,0.4269|0.5486|0.7657|0.8427|0.9322|0.9441|0.9551|0.9441|0.9438|0.9278|0.9500|0.9558|0.9503|0.9392|0.9061|0.8944|0.8667
0021500496,01.02.2016.PHX.at.SAC,4.0,CLOCK_CALIBRATION_VALIDATED,CALIBRATED,HOLDOUT_PASS,ADEQUATE,False,UNIQUE,4.0,3.5,0.9698795180722892,0.5,3.5,4.0,166,0.2108433734939759,163,166,0.9819277108433736,30,0.2333333333333333,28,30,0.9333333333333332,0.5,2.0,3.0,1,False,,462,228097,71432,1|2|3|4,489,81,0.9746835443037974,89,0.9885057471264368,15,15,17,13,13,13,170,170,43,30,30,28,True,True,True,False,0.2108|0.2722|0.4200|0.6516|0.8323|0.9268|0.9697|0.9699|0.9819|0.9643|0.9461|0.9401|0.9349|0.9226|0.9112|0.9112|0.8824
0021500497,01.02.2016.OKC.at.CHA,5.0,CLOCK_CALIBRATION_VALIDATED,CALIBRATED,HOLDOUT_PASS,ADEQUATE,False,UNIQUE,5.0,4.5,0.9813664596273292,1.5,5.0,6.5,151,0.2847682119205298,160,162,0.9876543209876544,15,0.4666666666666667,15,16,0.9375,0.5,2.5,4.0,1,False,,499,222108,70957,1|2|3|4,522,84,0.9879518072289156,79,1.0,7,7,8,8,7,8,163,162,122,16,16,9,True,True,True,False,0.2848|0.4324|0.6456|0.7688|0.8571|0.9557|0.9568|0.9630|0.9753|0.9814|0.9877|0.9753|0.9691|0.9627|0.9627|0.9379|0.9074
0021500498,01.02.2016.DET.at.IND,2.5,CLOCK_CALIBRATION_VALIDATED,CALIBRATED,HOLDOUT_PASS,ADEQUATE,False,TIE_5_SMALLEST_CHOSEN,2.5|3.0|3.5|4.0|5.0,3.0,1.0,0.0,2.5,2.5,138,0.3043478260869565,149,149,1.0,22,0.3636363636363636,19,21,0.9047619047619048,2.5,4.0,2.0,2,True,,465,192004,62407,1|2|3|4,483,90,1.0,76,1.0,11,11,12,8,8,9,166,135,0,23,19,0,True,True,True,True,0.3043|0.5588|0.8601|0.9662|0.9800|1.0000|1.0000|1.0000|1.0000|0.9932|1.0000|0.9932|0.9796|0.9728|0.9658|0.9257|0.9184
0021500499,01.02.2016.ORL.at.CLE,5.0,CLOCK_CALIBRATION_VALIDATED,CALIBRATED,HOLDOUT_PASS,ADEQUATE,False,UNIQUE,5.0,4.5,0.9850746268656716,1.0,4.5,5.5,134,0.2313432835820895,133,135,0.9851851851851852,14,0.3571428571428571,12,13,0.9230769230769232,2.0,3.5,3.5,2,False,,459,188979,58564,1|2|3|4,463,76,0.984126984126984,82,0.9863013698630136,6,6,6,6,6,6,158,131,0,18,15,0,False,False,False,False,0.2313|0.3047|0.4453|0.6279|0.7820|0.8881|0.9481|0.9701|0.9701|0.9851|0.9852|0.9779|0.9779|0.9704|0.9556|0.9478|0.9485
0021500500,01.02.2016.MIL.at.MIN,4.0,CLOCK_CALIBRATION_VALIDATED,CALIBRATED,HOLDOUT_PASS,ADEQUATE,False,UNIQUE,4.0,3.5,0.9929078014184396,1.0,2.0,3.0,130,0.3846153846153846,138,138,1.0,26,0.2307692307692307,25,25,1.0,1.5,3.0,2.0,2,False,,448,171114,59600,1|2|3|4,473,80,1.0,79,1.0,15,15,15,10,10,10,159,147,1,29,24,0,True,True,True,False,0.3846|0.6090|0.8705|0.9437|0.9859|0.9858|0.9929|0.9929|1.0000|0.9852|0.9776|0.9699|0.9466|0.9154|0.9062|0.8898|0.8740
0021500501,01.02.2016.NOP.at.DAL,3.5,CLOCK_CALIBRATION_VALIDATED,CALIBRATED,HOLDOUT_PASS,ADEQUATE,False,UNIQUE,3.5,4.0,0.9798657718120806,2.0,3.0,5.0,147,0.2448979591836734,147,150,0.98,28,0.3214285714285714,26,27,0.9629629629629628,1.0,3.0,2.5,2,False,,455,174525,61260,1|2|3|4,471,87,1.0,79,0.9696969696969696,12,12,12,14,13,15,166,146,28,32,29,0,True,True,True,False,0.2449|0.4126|0.6528|0.9028|0.9329|0.9662|0.9732|0.9800|0.9799|0.9732|0.9597|0.9660|0.9527|0.9388|0.9247|0.9041|0.8767
0021500502,01.02.2016.HOU.at.SAS,4.0,CLOCK_CALIBRATION_VALIDATED,CALIBRATED,HOLDOUT_PASS,ADEQUATE,False,UNIQUE,4.0,4.5,0.96875,0.0,4.0,4.0,128,0.3203125,123,126,0.9761904761904762,21,0.238095238095238,21,23,0.9130434782608696,1.5,2.0,3.5,1,True,,454,184408,56228,1|2|3|4,469,84,0.9857142857142858,76,0.9642857142857144,9,9,11,12,12,12,160,128,0,26,20,0,False,False,False,True,0.3203|0.4127|0.6179|0.7302|0.8140|0.8750|0.9528|0.9603|0.9762|0.9688|0.9685|0.9365|0.9194|0.9040|0.8968|0.8800|0.8560
0021500503,01.02.2016.MEM.at.UTA,3.5,CLOCK_CALIBRATION_VALIDATED,CALIBRATED,HOLDOUT_PASS,ADEQUATE,False,UNIQUE,3.5,4.0,0.9870967741935484,0.5,3.0,3.5,148,0.2905405405405405,154,155,0.9935483870967742,27,0.3333333333333333,27,27,1.0,1.0,2.5,3.0,1,True,,504,258925,77308,1|2|3|4|5,519,68,1.0,77,0.987012987012987,14,14,14,11,11,11,156,151,135,27,27,24,False,False,False,True,0.2905|0.4028|0.5676|0.8235|0.9216|0.9677|0.9806|0.9935|0.9871|0.9805|0.9742|0.9677|0.9548|0.9484|0.9290|0.9156|0.9150
0021500504,01.02.2016.DEN.at.GSW,5.0,CLOCK_CALIBRATION_VALIDATED,CALIBRATED,HOLDOUT_PASS,ADEQUATE,False,UNIQUE,5.0,4.5,0.9528795811518324,1.0,4.0,5.0,179,0.4804469273743016,183,191,0.9581151832460733,25,0.48,26,26,1.0,1.0,2.0,4.0,2,True,,505,241861,80021,1|2|3|4|5,524,84,0.9761904761904762,90,0.9444444444444444,13,12,12,11,11,11,191,191,184,26,26,25,False,False,False,True,0.4804|0.5722|0.7258|0.8216|0.8789|0.8984|0.9058|0.9263|0.9424|0.9529|0.9581|0.9372|0.9372|0.9368|0.9424|0.9263|0.9263
0021500505,01.02.2016.PHI.at.LAC,4.5,CLOCK_CALIBRATION_VALIDATED,CALIBRATED,HOLDOUT_PASS,ADEQUATE,False,UNIQUE,4.5,5.0,0.9642857142857144,0.0,4.5,4.5,165,0.2303030303030303,163,169,0.9644970414201184,24,0.3333333333333333,23,25,0.92,2.0,3.0,4.0,1,False,,444,187474,68416,1|2|3|4,460,88,0.9770114942528736,82,0.951219512195122,5,5,6,18,18,19,170,163,55,26,25,4,True,True,True,False,0.2303|0.3006|0.3727|0.5305|0.6726|0.7870|0.8802|0.9226|0.9464|0.9645|0.9643|0.9641|0.9641|0.9458|0.9217|0.9096|0.8855
0021500506,01.03.2016.ATL.at.NYK,4.0,AMBIGUOUS_LEAD,CALIBRATED,HOLDOUT_PASS,ADEQUATE,True,UNIQUE,4.0,3.0,0.9274193548387096,1.0,3.0,4.0,118,0.6779661016949152,116,124,0.935483870967742,22,0.5454545454545454,21,22,0.9545454545454546,1.5,2.0,3.0,2,False,,319,144996,51461,1|2|3|4,469,86,0.9487179487179488,86,0.9294117647058824,10,10,10,11,11,12,172,122,111,31,22,21,True,True,True,False,0.6780|0.7217|0.7899|0.8824|0.8943|0.9032|0.9274|0.9274|0.9355|0.9187|0.8952|0.8780|0.8548|0.8455|0.8293|0.8211|0.8211
0021500507,01.03.2016.CHI.at.TOR,5.0,CLOCK_CALIBRATION_VALIDATED,CALIBRATED,HOLDOUT_PASS,ADEQUATE,False,UNIQUE,5.0,5.5,0.9767441860465116,1.0,4.0,5.0,166,0.2771084337349397,170,172,0.9883720930232558,18,0.3333333333333333,16,18,0.8888888888888888,0.5,1.0,5.0,1,False,,444,202654,70539,1|2|3|4,465,85,1.0,89,0.9770114942528736,11,11,11,5,5,6,174,174,168,19,19,17,True,True,True,False,0.2771|0.4083|0.5915|0.7605|0.8772|0.9302|0.9538|0.9595|0.9538|0.9653|0.9884|0.9767|0.9474|0.9415|0.9415|0.9467|0.9357
0021500508,01.03.2016.MIA.at.WAS,3.5,CLOCK_CALIBRATION_VALIDATED,CALIBRATED,HOLDOUT_PASS,ADEQUATE,False,UNIQUE,3.5,3.0,0.9828571428571428,1.0,3.5,2.5,163,0.3128834355828221,174,176,0.9886363636363636,22,0.2272727272727272,22,22,1.0,0.5,1.5,2.5,1,False,,436,235504,72024,1|2|3|4,455,92,0.9891304347826086,85,0.9882352941176472,12,12,12,10,10,10,177,177,176,22,22,22,True,True,True,False,0.3129|0.6037|0.8721|0.9543|0.9659|0.9718|0.9829|0.9886|0.9659|0.9605|0.9602|0.9545|0.9364|0.9314|0.9148|0.8757|0.8523
0021500509,01.03.2016.POR.at.DEN,5.5,CLOCK_CALIBRATION_VALIDATED,CALIBRATED,HOLDOUT_PASS,ADEQUATE,False,UNIQUE,5.5,6.0,0.9683544303797468,1.5,5.5,4.0,154,0.2597402597402597,154,158,0.9746835443037974,17,0.2352941176470588,16,18,0.8888888888888888,1.0,3.0,5.0,2,False,,523,252111,72605,1|2|3|4,532,81,1.0,77,0.961038961038961,8,8,9,8,9,9,158,158,156,18,18,17,True,True,True,False,0.2597|0.3290|0.4267|0.6051|0.7355|0.8205|0.8987|0.9114|0.9427|0.9430|0.9620|0.9747|0.9684|0.9620|0.9557|0.9430|0.9557
0021500510,01.03.2016.PHX.at.LAL,5.0,CLOCK_CALIBRATION_VALIDATED,CALIBRATED,HOLDOUT_PASS,ADEQUATE,False,TIE_3_SMALLEST_CHOSEN,5.0|5.5|6.5,5.5,0.9463087248322148,1.0,6.5,5.5,147,0.2244897959183673,141,149,0.9463087248322148,23,0.391304347826087,25,27,0.925925925925926,2.0,4.0,3.5,3,False,,435,153841,61138,1|2|3|4,457,87,0.961038961038961,86,0.945945945945946,17,13,17,8,8,9,173,162,18,29,25,5,True,True,True,False,0.2245|0.2966|0.4452|0.6599|0.7945|0.8993|0.9211|0.9342|0.9276|0.9404|0.9463|0.9463|0.9329|0.9463|0.9324|0.8926|0.8836
0021500511,01.04.2016.TOR.at.CLE,5.0,AMBIGUOUS_LEAD,CALIBRATED,HOLDOUT_PASS,ADEQUATE,True,TIE_2_SMALLEST_CHOSEN,5.0|6.0,6.0,0.991150442477876,1.5,6.0,4.5,112,0.2946428571428571,112,113,0.991150442477876,16,0.25,14,14,1.0,3.0,4.5,3.5,2,False,,430,158868,54820,1|2|3|4,443,72,0.9818181818181818,75,1.0,5,6,6,9,9,9,147,117,0,22,21,0,False,False,False,False,0.2946|0.4434|0.5963|0.7182|0.8596|0.9217|0.9386|0.9737|0.9823|0.9911|0.9912|0.9911|0.9912|0.9823|0.9821|0.9737|0.9569
0021500512,01.04.2016.MIN.at.PHI,3.0,DRIFTING_LEAD,CALIBRATED,HOLDOUT_PASS,MATERIALLY_DRIFTING,False,UNIQUE,3.0,2.5,0.930379746835443,2.5,3.0,5.5,157,0.7515923566878981,148,159,0.9308176100628932,31,0.3548387096774194,27,32,0.84375,2.0,3.0,1.5,2,False,,441,222647,71211,1|2|3|4,472,79,0.9871794871794872,81,0.9012345679012346,19,19,22,8,8,9,160,159,133,32,32,23,True,True,True,False,0.7516|0.8671|0.9062|0.9245|0.9125|0.9304|0.9308|0.9245|0.9119|0.9057|0.9057|0.9062|0.8688|0.8616|0.8562|0.8375|0.8165
0021500513,01.04.2016.BOS.at.BKN,4.5,CLOCK_CALIBRATION_VALIDATED,CALIBRATED,HOLDOUT_PASS,ADEQUATE,False,UNIQUE,4.5,5.0,0.9877300613496932,0.0,4.5,4.5,167,0.4131736526946107,162,164,0.9878048780487804,19,0.3157894736842105,17,18,0.9444444444444444,1.0,1.5,4.0,1,False,,485,213786,65965,1|2|3|4,510,93,1.0,84,0.9743589743589745,9,9,9,8,8,9,177,162,32,21,16,2,True,True,True,False,0.4132|0.4939|0.6312|0.7500|0.8889|0.9329|0.9634|0.9634|0.9756|0.9878|0.9877|0.9565|0.9387|0.9146|0.8963|0.8902|0.8773
0021500514,01.04.2016.ORL.at.DET,4.5,AMBIGUOUS_LEAD,CALIBRATED,HOLDOUT_PASS,MATERIALLY_DRIFTING,True,TIE_2_SMALLEST_CHOSEN,4.5|7.0,7.0,0.9585798816568049,2.5,4.5,7.0,161,0.2795031055900621,162,169,0.9585798816568049,18,0.3333333333333333,16,18,0.8888888888888888,1.5,4.0,4.0,2,False,,420,203037,70338,1|2|3|4,437,81,0.9506172839506172,88,0.9886363636363636,9,9,10,7,7,8,169,166,110,18,18,9,False,False,False,False,0.2795|0.3165|0.4277|0.5679|0.7365|0.8263|0.8750|0.9286|0.9401|0.9586|0.9524|0.9464|0.9467|0.9583|0.9586|0.9405|0.9226
0021500515,01.04.2016.IND.at.MIA,5.5,CLOCK_CALIBRATION_VALIDATED,CALIBRATED,HOLDOUT_PASS,ADEQUATE,False,UNIQUE,5.5,6.0,0.9766081871345028,1.0,5.5,4.5,174,0.3333333333333333,168,172,0.9767441860465116,17,0.5294117647058824,15,16,0.9375,1.5,3.5,4.0,2,False,,539,252591,72946,1|2|3|4|5,552,91,0.9770114942528736,80,1.0,7,7,8,5,5,5,184,171,40,17,17,1,True,True,True,False,0.3333|0.4353|0.5843|0.7326|0.8314|0.8914|0.9249|0.9538|0.9653|0.9709|0.9708|0.9767|0.9766|0.9706|0.9647|0.9524|0.9405
0021500516,01.04.2016.SAS.at.MIL,4.0,CLOCK_CALIBRATION_VALIDATED,CALIBRATED,HOLDOUT_PASS,ADEQUATE,False,TIE_2_SMALLEST_CHOSEN,4.0|4.5,4.5,0.994011976047904,1.5,3.0,4.5,163,0.3496932515337423,166,167,0.994011976047904,28,0.3214285714285714,28,28,1.0,1.5,3.0,3.5,2,False,,453,230106,71785,1|2|3|4,475,84,1.0,83,1.0,16,14,16,12,11,12,167,167,166,28,28,26,True,True,True,False,0.3497|0.4753|0.6226|0.8137|0.9012|0.9461|0.9699|0.9820|0.9940|0.9940|0.9880|0.9760|0.9819|0.9639|0.9639|0.9521|0.9581
0021500517,01.04.2016.SAC.at.OKC,2.0,DRIFTING_LEAD,CALIBRATED,HOLDOUT_PASS,MATERIALLY_DRIFTING,False,TIE_3_SMALLEST_CHOSEN,2.0|2.5|3.0,2.5,0.96,2.5,4.5,2.0,170,0.4647058823529412,168,175,0.96,30,0.5666666666666667,28,30,0.9333333333333332,2.0,3.0,1.5,2,False,,493,225387,71701,1|2|3|4,523,92,0.978021978021978,86,0.9523809523809524,13,13,14,15,15,16,178,177,177,30,30,30,True,True,True,False,0.4647|0.6437|0.8391|0.9480|0.9600|0.9600|0.9600|0.9545|0.9318|0.9492|0.9368|0.9261|0.9205|0.9148|0.8864|0.8475|0.8352
0021500518,01.04.2016.HOU.at.UTA,4.0,CLOCK_CALIBRATION_VALIDATED,CALIBRATED,HOLDOUT_PASS,ADEQUATE,False,UNIQUE,4.0,3.5,0.9929577464788732,0.5,4.0,3.5,131,0.2290076335877862,142,143,0.993006993006993,30,0.3333333333333333,30,31,0.967741935483871,2.0,2.5,3.0,1,False,,440,211345,71347,1|2|3|4,457,75,1.0,68,1.0,16,16,16,14,15,15,143,143,142,31,31,31,True,True,True,False,0.2290|0.3780|0.5985|0.8261|0.9225|0.9720|0.9860|0.9930|0.9930|0.9860|0.9859|0.9718|0.9577|0.9441|0.9437|0.9143|0.9007
0021500519,01.04.2016.MEM.at.POR,3.5,CLOCK_CALIBRATION_VALIDATED,CALIBRATED,HOLDOUT_PASS,ADEQUATE,False,UNIQUE,3.5,4.0,0.9754601226993864,2.0,4.5,2.5,159,0.220125786163522,160,163,0.98159509202454,32,0.25,29,32,0.90625,1.5,3.0,3.5,3,False,,486,244290,71917,1|2|3|4,506,83,1.0,80,0.975,14,14,16,15,15,16,163,163,158,32,31,28,True,True,True,False,0.2201|0.3758|0.5519|0.7771|0.8951|0.9325|0.9571|0.9816|0.9755|0.9632|0.9755|0.9693|0.9568|0.9630|0.9571|0.9387|0.9074
0021500520,01.04.2016.CHA.at.GSW,4.5,CLOCK_CALIBRATION_VALIDATED,CALIBRATED,HOLDOUT_PASS,ADEQUATE,False,UNIQUE,4.5,4.0,0.9884393063583816,2.0,2.5,4.5,162,0.4691358024691358,172,173,0.9942196531791908,22,0.8181818181818182,21,22,0.9545454545454546,1.0,2.5,2.5,2,False,,406,183649,72501,1|2|3|4,426,87,1.0,86,1.0,13,14,14,8,8,8,173,173,168,22,22,21,False,False,False,False,0.4691|0.6810|0.8393|0.9053|0.9477|0.9825|0.9827|0.9827|0.9884|0.9942|0.9711|0.9480|0.9538|0.9538|0.9298|0.9128|0.8895
0021500521,01.05.2016.NYK.at.ATL,3.5,AMBIGUOUS_LEAD,CALIBRATED,HOLDOUT_PASS,ADEQUATE,True,TIE_2_SMALLEST_CHOSEN,3.5|4.5,4.5,0.9761904761904762,1.5,4.5,3.0,163,0.3926380368098159,164,168,0.9761904761904762,22,0.4545454545454545,21,22,0.9545454545454546,1.0,4.5,2.5,4,False,,497,205808,69891,1|2|3|4,516,83,0.9876543209876544,88,0.9885057471264368,12,12,12,9,9,10,171,171,157,22,22,20,True,True,True,False,0.3926|0.5652|0.7410|0.8631|0.9235|0.9588|0.9586|0.9762|0.9641|0.9762|0.9583|0.9524|0.9701|0.9641|0.9583|0.9521|0.9345
0021500522,01.05.2016.MIL.at.CHI,3.5,AMBIGUOUS_LEAD,CALIBRATED,HOLDOUT_PASS,ADEQUATE,True,UNIQUE,3.5,4.5,0.9559748427672956,0.0,3.5,3.5,164,0.274390243902439,153,159,0.9622641509433962,23,0.217391304347826,22,23,0.9565217391304348,1.0,2.0,3.5,2,False,,431,154020,60533,1|2|3|4,455,93,0.9753086419753086,92,0.9487179487179488,9,9,9,13,13,14,185,168,1,25,21,0,True,True,True,False,0.2744|0.4348|0.5987|0.7792|0.8758|0.9119|0.9313|0.9623|0.9490|0.9560|0.9494|0.9371|0.9299|0.9250|0.9308|0.9198|0.9080
0021500523,01.05.2016.SAC.at.DAL,3.0,CLOCK_CALIBRATION_VALIDATED,CALIBRATED,HOLDOUT_PASS,ADEQUATE,False,UNIQUE,3.0,3.5,0.963157894736842,1.0,3.0,2.0,181,0.3204419889502762,184,190,0.968421052631579,36,0.1666666666666666,34,36,0.9444444444444444,1.5,2.5,2.0,2,False,,536,254897,82960,1|2|3|4|5|6,565,84,0.9759036144578314,78,0.96,14,14,16,18,18,18,197,188,148,36,36,24,False,False,False,False,0.3204|0.4716|0.7444|0.9305|0.9630|0.9579|0.9684|0.9632|0.9632|0.9368|0.9115|0.8848|0.8743|0.8743|0.8743|0.8490|0.8385
0021500524,01.05.2016.GSW.at.LAL,4.5,CLOCK_CALIBRATION_VALIDATED,CALIBRATED,HOLDOUT_PASS,ADEQUATE,False,UNIQUE,4.5,5.0,0.9204545454545454,2.0,6.5,4.5,174,0.2241379310344827,164,175,0.9371428571428572,21,0.1428571428571428,20,21,0.9523809523809524,0.5,2.5,4.0,2,False,,467,217384,71757,1|2|3|4,495,92,0.9347826086956522,85,0.9529411764705882,12,10,14,8,8,8,177,177,176,22,22,21,True,True,True,False,0.2241|0.2965|0.4012|0.6127|0.7486|0.8333|0.8644|0.8971|0.9195|0.9371|0.9205|0.9091|0.9143|0.9205|0.9195|0.9029|0.8693
0021500525,01.06.2016.NYK.at.MIA,4.0,CLOCK_CALIBRATION_VALIDATED,CALIBRATED,HOLDOUT_PASS,ADEQUATE,False,UNIQUE,4.0,4.5,0.9710144927536232,2.0,4.0,6.0,134,0.3134328358208955,135,138,0.9782608695652174,22,0.6363636363636364,22,22,1.0,1.0,2.5,4.0,1,False,,397,154316,62334,1|2|3|4,411,77,0.9857142857142858,75,0.9710144927536232,12,12,12,10,10,10,152,136,14,24,24,1,False,False,False,False,0.3134|0.3910|0.5455|0.7353|0.8321|0.9051|0.9214|0.9500|0.9783|0.9710|0.9708|0.9708|0.9640|0.9481|0.9338|0.9254|0.9259
0021500526,01.06.2016.IND.at.ORL,3.5,CLOCK_CALIBRATION_VALIDATED,CALIBRATED,HOLDOUT_PASS,ADEQUATE,False,UNIQUE,3.5,4.0,0.9867549668874172,0.5,3.5,3.0,142,0.2957746478873239,150,152,0.986842105263158,33,0.303030303030303,29,33,0.8787878787878788,1.0,4.0,3.0,1,False,,437,202224,67820,1|2|3|4,462,81,1.0,74,0.9722222222222222,15,15,18,14,14,14,155,149,71,33,32,10,True,True,True,False,0.2958|0.5068|0.7635|0.9007|0.9539|0.9603|0.9737|0.9868|0.9868|0.9673|0.9671|0.9671|0.9669|0.9669|0.9533|0.9400|0.9007
0021500527,01.06.2016.CLE.at.WAS,3.5,AMBIGUOUS_LEAD,CALIBRATED,HOLDOUT_PASS,ADEQUATE,True,UNIQUE,3.5,2.5,0.987878787878788,1.5,3.5,2.0,153,0.3660130718954248,164,165,0.993939393939394,22,0.3181818181818182,22,22,1.0,1.0,4.0,2.0,3,False,,437,212012,72108,1|2|3|4,448,87,1.0,78,1.0,13,13,13,9,9,9,165,165,165,22,22,21,False,False,False,False,0.3660|0.6291|0.9000|0.9573|0.9818|0.9879|0.9817|0.9939|0.9756|0.9817|0.9818|0.9758|0.9515|0.9455|0.9273|0.9152|0.9024
0021500528,01.06.2016.DET.at.BOS,4.0,CLOCK_CALIBRATION_VALIDATED,CALIBRATED,HOLDOUT_PASS,ADEQUATE,False,TIE_2_SMALLEST_CHOSEN,4.0|4.5,4.5,0.9817073170731708,1.5,4.5,3.0,150,0.3866666666666666,161,164,0.9817073170731708,27,0.6296296296296297,24,27,0.8888888888888888,2.0,4.0,2.5,1,False,,503,212005,68686,1|2|3|4,524,83,0.9879518072289156,82,0.975609756097561,13,13,13,11,11,14,165,165,137,28,27,18,True,True,True,False,0.3867|0.5724|0.8038|0.9255|0.9387|0.9691|0.9755|0.9756|0.9817|0.9817|0.9815|0.9752|0.9688|0.9427|0.9091|0.8839|0.8961
0021500529,01.06.2016.TOR.at.BKN,4.5,AMBIGUOUS_LEAD,CALIBRATED,HOLDOUT_PASS,ADEQUATE,True,UNIQUE,4.5,3.0,0.9864864864864864,1.5,3.0,4.5,146,0.3356164383561644,146,147,0.9931972789115646,30,0.3666666666666666,30,32,0.9375,1.0,2.0,3.0,2,False,,429,191231,66325,1|2|3|4,457,81,0.987012987012987,77,1.0,15,13,15,15,15,17,158,145,8,35,34,2,True,True,True,False,0.3356|0.3986|0.5532|0.7397|0.8980|0.9467|0.9865|0.9800|0.9797|0.9932|0.9660|0.9592|0.9452|0.9315|0.9247|0.9184|0.8912
0021500530,01.06.2016.DEN.at.MIN,2.5,CLOCK_CALIBRATION_VALIDATED,CALIBRATED,HOLDOUT_PASS,ADEQUATE,False,UNIQUE,2.5,3.0,0.9935064935064936,1.0,2.5,1.5,142,0.2887323943661972,154,154,1.0,20,0.6,20,20,1.0,1.0,2.5,2.0,1,False,,440,241758,71322,1|2|3|4,457,75,1.0,79,1.0,10,10,10,10,9,10,154,153,147,20,20,16,False,False,False,False,0.2887|0.5887|0.8176|0.9735|0.9869|1.0000|0.9935|0.9935|0.9803|0.9608|0.9608|0.9608|0.9673|0.9671|0.9605|0.9276|0.9216
0021500531,01.06.2016.DAL.at.NOP,4.0,CLOCK_CALIBRATION_VALIDATED,CALIBRATED,HOLDOUT_PASS,ADEQUATE,False,UNIQUE,4.0,3.5,0.9659090909090908,0.0,4.0,4.0,165,0.2666666666666666,172,177,0.9717514124293786,20,0.35,19,20,0.95,0.5,3.0,3.0,1,False,,475,220441,69025,1|2|3|4,496,95,0.968421052631579,84,0.975609756097561,6,6,7,13,13,13,179,179,160,20,20,13,True,True,True,False,0.2667|0.3665|0.6235|0.7784|0.8786|0.9489|0.9548|0.9659|0.9718|0.9659|0.9659|0.9598|0.9425|0.9310|0.9306|0.9195|0.8902
0021500532,01.06.2016.UTA.at.SAS,6.5,AMBIGUOUS_LEAD,CALIBRATED,HOLDOUT_PASS,ADEQUATE,True,UNIQUE,6.5,4.5,0.9699248120300752,2.0,6.5,4.5,128,0.25,130,133,0.9774436090225564,23,0.3478260869565217,21,21,1.0,1.0,2.5,4.0,2,False,,425,155135,54220,1|2|3|4,444,87,0.9701492537313432,78,1.0,10,10,10,11,12,12,165,120,0,31,25,0,False,False,False,False,0.2500|0.4109|0.5891|0.7385|0.8295|0.8984|0.9237|0.9542|0.9621|0.9699|0.9549|0.9549|0.9621|0.9774|0.9624|0.9538|0.9398
0021500533,01.06.2016.CHA.at.PHX,2.5,CLOCK_CALIBRATION_VALIDATED,CALIBRATED,HOLDOUT_PASS,ADEQUATE,False,UNIQUE,2.5,3.0,0.9822485207100592,0.0,2.5,2.5,164,0.2926829268292683,166,168,0.988095238095238,23,0.217391304347826,21,24,0.875,2.5,3.0,2.0,1,False,,431,198354,70636,1|2|3|4,456,89,1.0,82,0.9753086419753086,10,10,12,11,11,12,171,167,41,25,25,6,True,True,True,False,0.2927|0.5400|0.8834|0.9647|0.9704|0.9881|0.9822|0.9822|0.9822|0.9822|0.9645|0.9527|0.9527|0.9467|0.9290|0.9222|0.9112
0021500534,01.06.2016.MEM.at.OKC,3.5,AMBIGUOUS_LEAD,CALIBRATED,HOLDOUT_PASS,ADEQUATE,True,UNIQUE,3.5,2.5,0.9882352941176472,1.0,3.5,2.5,161,0.5093167701863354,169,171,0.9883040935672516,23,0.6086956521739131,23,23,1.0,1.0,3.0,2.0,2,False,,477,222185,71451,1|2|3|4,490,89,0.9887640449438202,84,1.0,10,10,10,13,13,13,173,171,168,23,23,23,True,True,True,False,0.5093|0.7178|0.8720|0.9588|0.9706|0.9882|0.9822|0.9883|0.9765|0.9708|0.9591|0.9591|0.9647|0.9583|0.9235|0.9000|0.8817
0021500535,01.06.2016.LAC.at.POR,3.5,CLOCK_CALIBRATION_VALIDATED,CALIBRATED,HOLDOUT_PASS,ADEQUATE,False,UNIQUE,3.5,4.0,0.9644970414201184,0.0,3.5,3.5,162,0.2777777777777778,164,169,0.970414201183432,23,0.3043478260869565,19,22,0.8636363636363636,1.0,2.5,3.0,1,False,,443,215121,71845,1|2|3|4,458,82,0.9634146341463414,87,0.9770114942528736,10,10,11,9,9,11,169,166,156,23,23,18,False,False,False,False,0.2778|0.4268|0.6346|0.8148|0.9464|0.9405|0.9581|0.9704|0.9645|0.9527|0.9524|0.9464|0.9467|0.9408|0.9162|0.8982|0.8869
0021500536,01.07.2016.ATL.at.PHI,2.5,AMBIGUOUS_LEAD,CALIBRATED,HOLDOUT_PASS,ADEQUATE,True,UNIQUE,2.5,1.5,0.9634146341463414,1.5,1.5,3.0,154,0.6363636363636364,157,162,0.9691358024691358,32,0.34375,30,33,0.9090909090909092,1.5,2.0,1.5,2,False,,479,201516,63713,1|2|3|4,513,92,0.9529411764705882,86,1.0,12,11,12,18,19,20,178,164,42,38,37,7,True,True,True,False,0.6364|0.8129|0.9187|0.9634|0.9634|0.9691|0.9625|0.9434|0.9241|0.8951|0.9141|0.8951|0.8704|0.8354|0.8210|0.8176|0.7925
0021500537,01.07.2016.BOS.at.CHI,4.5,CLOCK_CALIBRATION_VALIDATED,CALIBRATED,HOLDOUT_PASS,ADEQUATE,False,UNIQUE,4.5,4.0,0.9685534591194968,0.5,4.5,5.0,166,0.2349397590361445,154,158,0.9746835443037974,24,0.2916666666666667,21,22,0.9545454545454546,1.0,2.5,3.5,1,False,,481,165384,57022,1|2|3|4,505,91,0.975609756097561,101,0.974025974025974,15,15,16,6,5,5,192,164,0,27,25,0,True,True,True,False,0.2349|0.3212|0.5414|0.7564|0.8679|0.9074|0.9441|0.9560|0.9686|0.9747|0.9682|0.9554|0.9487|0.9290|0.9281|0.9032|0.8968
0021500538,01.07.2016.UTA.at.HOU,4.5,CLOCK_CALIBRATION_VALIDATED,CALIBRATED,HOLDOUT_PASS,ADEQUATE,False,UNIQUE,4.5,4.0,0.9866666666666668,1.0,3.5,4.5,142,0.3309859154929577,149,151,0.9867549668874172,35,0.4,30,33,0.9090909090909092,1.5,2.0,3.0,1,False,,450,231207,70344,1|2|3|4,474,74,0.9861111111111112,79,0.9873417721518988,18,18,19,12,12,14,153,151,110,35,34,22,True,True,True,False,0.3310|0.4965|0.7535|0.8889|0.9597|0.9600|0.9732|0.9866|0.9867|0.9868|0.9536|0.9470|0.9211|0.9333|0.9262|0.9333|0.9133
0021500539,01.07.2016.LAL.at.SAC,4.5,CLOCK_CALIBRATION_VALIDATED,CALIBRATED,HOLDOUT_PASS,ADEQUATE,False,UNIQUE,4.5,3.5,0.9671052631578948,0.5,3.0,3.5,155,0.3096774193548387,148,152,0.9736842105263158,33,0.3636363636363636,30,32,0.9375,0.5,3.0,3.0,2,False,,446,186110,68416,1|2|3|4,472,80,0.9733333333333334,81,0.987012987012987,13,12,14,17,16,18,161,158,123,33,33,27,True,True,True,False,0.3097|0.3919|0.5232|0.6980|0.8389|0.9333|0.9539|0.9671|0.9603|0.9737|0.9603|0.9603|0.9536|0.9470|0.9338|0.9272|0.9276
0021500540,01.08.2016.TOR.at.WAS,3.0,AMBIGUOUS_LEAD,CALIBRATED,HOLDOUT_PASS,ADEQUATE,True,TIE_2_SMALLEST_CHOSEN,3.0|4.5,4.5,0.981132075471698,0.5,2.5,3.0,154,0.3376623376623376,156,159,0.981132075471698,40,0.45,41,41,1.0,2.0,3.5,2.0,2,False,,455,217198,71967,1|2|3|4,487,85,1.0,74,0.9594594594594594,21,20,21,20,20,20,159,159,157,41,41,41,True,True,True,False,0.3377|0.5833|0.8038|0.9304|0.9686|0.9748|0.9811|0.9686|0.9747|0.9811|0.9748|0.9434|0.9434|0.9371|0.9119|0.8987|0.8616
0021500541,01.08.2016.ORL.at.BKN,4.5,AMBIGUOUS_LEAD,CALIBRATED,HOLDOUT_PASS,ADEQUATE,True,TIE_2_SMALLEST_CHOSEN,4.5|5.5,5.5,0.993006993006993,1.0,4.5,3.5,139,0.316546762589928,142,143,0.993006993006993,26,0.5,26,27,0.9629629629629628,1.5,2.5,4.0,2,False,,423,191881,65268,1|2|3|4,437,77,0.9855072463768116,79,1.0,15,15,15,11,11,12,156,143,12,29,28,0,True,True,True,False,0.3165|0.4545|0.6370|0.7899|0.9014|0.9371|0.9433|0.9716|0.9790|0.9930|0.9930|0.9930|0.9859|0.9714|0.9568|0.9638|0.9214
0021500542,01.08.2016.DEN.at.MEM,3.5,CLOCK_CALIBRATION_VALIDATED,CALIBRATED,HOLDOUT_PASS,ADEQUATE,False,UNIQUE,3.5,4.0,0.9818181818181818,1.0,3.5,2.5,158,0.3227848101265823,163,166,0.9819277108433736,24,0.5416666666666666,22,23,0.9565217391304348,1.5,3.0,2.5,2,False,,485,209473,68751,1|2|3|4,502,87,1.0,82,0.9753086419753086,11,11,11,11,10,12,169,164,135,24,24,17,True,True,True,False,0.3228|0.5096|0.7362|0.8795|0.9461|0.9702|0.9581|0.9819|0.9818|0.9818|0.9693|0.9630|0.9448|0.9387|0.9268|0.9146|0.9207
0021500543,01.08.2016.CLE.at.MIN,2.5,CLOCK_CALIBRATION_VALIDATED,CALIBRATED,HOLDOUT_PASS,ADEQUATE,False,UNIQUE,2.5,3.0,0.9858156028368794,0.5,2.0,2.5,135,0.3851851851851852,139,140,0.9928571428571428,21,0.238095238095238,20,20,1.0,1.0,1.5,2.0,1,False,,432,177605,62943,1|2|3|4,451,85,1.0,75,0.9863013698630136,8,7,8,12,12,12,160,143,130,23,23,14,False,False,False,False,0.3852|0.5923|0.8571|0.9632|0.9855|0.9929|0.9858|0.9712|0.9640|0.9556|0.9630|0.9701|0.9562|0.9630|0.9412|0.9485|0.9270
0021500544,01.08.2016.IND.at.NOP,3.5,CLOCK_CALIBRATION_VALIDATED,CALIBRATED,HOLDOUT_PASS,ADEQUATE,False,TIE_3_SMALLEST_CHOSEN,3.5|4.0|4.5,4.0,0.9751552795031057,1.5,5.0,3.5,156,0.3076923076923077,157,161,0.9751552795031057,36,0.1666666666666666,35,38,0.9210526315789472,2.0,3.0,3.0,1,False,,468,207788,69053,1|2|3|4,497,83,0.9876543209876544,81,0.9629629629629628,15,14,16,20,20,22,164,159,83,39,38,14,True,True,True,False,0.3077|0.4258|0.5705|0.7152|0.8797|0.9434|0.9625|0.9752|0.9752|0.9752|0.9689|0.9565|0.9500|0.9430|0.9367|0.8981|0.8797
0021500545,01.08.2016.DAL.at.MIL,4.0,CLOCK_CALIBRATION_VALIDATED,CALIBRATED,HOLDOUT_PASS,ADEQUATE,False,TIE_2_SMALLEST_CHOSEN,4.0|4.5,4.5,0.9673202614379084,1.5,3.5,5.0,144,0.3402777777777778,148,153,0.9673202614379084,28,0.3928571428571428,27,29,0.9310344827586208,2.0,3.5,3.5,1,False,,477,200830,64854,1|2|3|4,498,84,0.9875,80,0.958904109589041,17,17,17,10,10,11,164,158,55,31,31,4,True,True,True,False,0.3403|0.4653|0.6755|0.8000|0.8636|0.9085|0.9408|0.9610|0.9673|0.9673|0.9667|0.9536|0.9530|0.9527|0.9346|0.9150|0.9013
0021500546,01.08.2016.NYK.at.SAS,4.5,CLOCK_CALIBRATION_VALIDATED,CALIBRATED,HOLDOUT_PASS,ADEQUATE,False,UNIQUE,4.5,4.0,0.9714285714285714,0.5,2.5,3.0,136,0.2941176470588235,137,140,0.9785714285714284,13,0.5384615384615384,10,12,0.8333333333333334,1.0,4.5,2.5,2,False,,442,171642,52695,1|2|3|4,459,91,0.9523809523809524,93,1.0,6,7,9,4,4,4,184,130,0,16,13,0,True,True,True,False,0.2941|0.4538|0.6716|0.8284|0.9343|0.9710|0.9710|0.9640|0.9714|0.9786|0.9712|0.9710|0.9710|0.9638|0.9489|0.9270|0.9197
0021500547,01.08.2016.MIA.at.PHX,4.0,CLOCK_CALIBRATION_VALIDATED,CALIBRATED,HOLDOUT_PASS,ADEQUATE,False,UNIQUE,4.0,3.5,0.9936305732484076,1.0,3.5,2.5,155,0.3741935483870968,154,154,1.0,21,0.238095238095238,20,20,1.0,1.5,3.0,2.5,2,False,,446,208784,65809,1|2|3|4,465,79,1.0,86,1.0,11,11,11,9,9,9,165,155,20,24,23,0,False,False,False,False,0.3742|0.5867|0.8562|0.9412|0.9745|0.9873|0.9872|0.9936|1.0000|0.9935|0.9806|0.9739|0.9416|0.9276|0.9150|0.9007|0.8675
0021500548,01.08.2016.GSW.at.POR,3.5,CLOCK_CALIBRATION_VALIDATED,CALIBRATED,HOLDOUT_PASS,ADEQUATE,False,TIE_2_SMALLEST_CHOSEN,3.5|4.0,4.0,0.978021978021978,1.0,4.5,3.5,174,0.264367816091954,178,182,0.978021978021978,24,0.2083333333333333,22,24,0.9166666666666666,1.5,3.5,3.5,2,False,,478,209445,71014,1|2|3|4,496,91,1.0,92,0.978021978021978,8,8,8,14,14,16,183,181,139,24,24,16,True,True,True,False,0.2644|0.3432|0.5673|0.7809|0.9000|0.9392|0.9563|0.9780|0.9780|0.9779|0.9611|0.9665|0.9665|0.9663|0.9382|0.9157|0.9045
0021500549,01.08.2016.OKC.at.LAL,6.5,CLOCK_CALIBRATION_VALIDATED,CALIBRATED,HOLDOUT_PASS,ADEQUATE,False,UNIQUE,6.5,5.5,0.9239766081871345,1.0,6.5,5.5,172,0.2267441860465116,160,172,0.9302325581395348,24,0.2916666666666667,22,24,0.9166666666666666,0.5,2.5,5.0,2,False,,452,211032,71047,1|2|3|4,471,86,0.9534883720930232,87,0.9069767441860463,14,14,15,8,9,9,173,172,155,24,24,19,False,False,False,False,0.2267|0.2690|0.3193|0.4142|0.5799|0.6802|0.8012|0.8647|0.8779|0.8837|0.9123|0.9240|0.9181|0.9302|0.9240|0.9064|0.9012
0021500550,01.09.2016.CHA.at.LAC,6.0,CLOCK_CALIBRATION_VALIDATED,CALIBRATED,HOLDOUT_PASS,ADEQUATE,False,UNIQUE,6.0,5.5,0.971264367816092,0.5,6.0,5.5,167,0.2455089820359281,170,175,0.9714285714285714,23,0.5652173913043478,20,24,0.8333333333333334,2.0,4.0,4.5,2,False,,436,222370,71618,1|2|3|4,452,90,0.9777777777777776,85,0.976470588235294,10,10,11,10,11,12,175,174,164,24,24,18,True,True,True,False,0.2455|0.3049|0.3951|0.5679|0.6988|0.8161|0.9086|0.9200|0.9310|0.9593|0.9535|0.9713|0.9714|0.9657|0.9657|0.9653|0.9540
0021500551,01.09.2016.CHI.at.ATL,4.0,CLOCK_CALIBRATION_VALIDATED,CALIBRATED,HOLDOUT_PASS,ADEQUATE,False,UNIQUE,4.0,4.5,0.9753086419753086,0.0,4.0,4.0,161,0.3043478260869565,161,164,0.9817073170731708,35,0.3428571428571428,33,36,0.9166666666666666,0.5,2.5,3.5,1,False,,481,188222,66257,1|2|3|4,519,87,0.975609756097561,90,0.9878048780487804,15,15,18,18,18,18,177,165,66,36,34,7,False,False,False,False,0.3043|0.5506|0.7546|0.8720|0.9390|0.9455|0.9576|0.9697|0.9817|0.9753|0.9693|0.9632|0.9571|0.9444|0.9383|0.9074|0.8944
0021500552,01.09.2016.WAS.at.ORL,3.5,CLOCK_CALIBRATION_VALIDATED,CALIBRATED,HOLDOUT_PASS,ADEQUATE,False,UNIQUE,3.5,4.0,0.9847328244274808,0.5,4.0,3.5,132,0.2045454545454545,132,133,0.9924812030075189,23,0.391304347826087,22,23,0.9565217391304348,0.5,1.0,3.5,1,False,,409,160864,61090,1|2|3|4,423,77,0.9859154929577464,73,1.0,12,14,14,10,10,10,150,136,11,30,26,0,True,True,True,False,0.2045|0.2901|0.5591|0.7273|0.8676|0.9343|0.9704|0.9925|0.9847|0.9695|0.9618|0.9695|0.9462|0.9308|0.9154|0.9091|0.8788
0021500553,01.09.2016.BKN.at.DET,5.0,CLOCK_CALIBRATION_VALIDATED,CALIBRATED,HOLDOUT_PASS,ADEQUATE,False,UNIQUE,5.0,4.5,0.9642857142857144,1.5,5.0,6.5,167,0.2694610778443114,164,169,0.970414201183432,23,0.3478260869565217,22,23,0.9565217391304348,0.5,3.0,4.0,2,False,,418,173861,68703,1|2|3|4,438,96,0.9782608695652174,78,0.974025974025974,9,9,9,13,13,14,174,165,71,23,21,6,True,True,True,False,0.2695|0.3012|0.4198|0.5663|0.6905|0.7952|0.8817|0.9349|0.9581|0.9643|0.9704|0.9527|0.9643|0.9583|0.9349|0.9226|0.9102
0021500554,01.09.2016.TOR.at.PHI,3.5,AMBIGUOUS_LEAD,CALIBRATED,HOLDOUT_PASS,ADEQUATE,True,TIE_3_SMALLEST_CHOSEN,3.5|4.5|5.0,4.5,1.0,0.0,3.5,3.5,140,0.4071428571428571,140,140,1.0,23,0.4347826086956521,21,22,0.9545454545454546,2.5,2.5,3.5,2,False,,424,195277,64574,1|2|3|4,446,80,1.0,75,1.0,9,9,9,12,12,13,155,141,12,26,23,0,True,True,True,False,0.4071|0.6519|0.8380|0.9007|0.9424|0.9362|0.9786|1.0000|0.9929|1.0000|1.0000|0.9929|0.9640|0.9496|0.9420|0.9203|0.9071
0021500555,01.09.2016.MIA.at.UTA,3.0,AMBIGUOUS_LEAD,CALIBRATED,HOLDOUT_PASS,ADEQUATE,True,TIE_2_SMALLEST_CHOSEN,3.0|4.0,4.0,0.9803921568627452,1.0,3.0,4.0,146,0.2876712328767123,150,153,0.9803921568627452,33,0.3636363636363636,31,33,0.9393939393939394,1.5,2.5,3.0,3,False,,427,242622,71717,1|2|3|4,452,71,0.9859154929577464,82,1.0,20,20,22,11,11,11,153,153,151,33,33,30,True,True,True,False,0.2877|0.4306|0.6531|0.8477|0.8926|0.9536|0.9804|0.9739|0.9804|0.9671|0.9673|0.9477|0.9281|0.9145|0.9020|0.9020|0.8889
0021500556,01.09.2016.GSW.at.SAC,3.5,CLOCK_CALIBRATION_VALIDATED,CALIBRATED,HOLDOUT_PASS,ADEQUATE,False,UNIQUE,3.5,4.5,0.9775280898876404,0.0,3.5,3.5,174,0.2298850574712643,176,178,0.9887640449438202,28,0.3928571428571428,27,28,0.9642857142857144,0.5,3.0,3.0,2,False,,478,204631,70705,1|2|3|4,498,92,0.9891304347826086,87,0.9883720930232558,16,16,16,11,11,12,179,176,116,28,26,11,False,False,False,False,0.2299|0.3121|0.4734|0.6941|0.8382|0.9310|0.9714|0.9888|0.9719|0.9775|0.9775|0.9774|0.9543|0.9371|0.9153|0.9040|0.8920
0021500557,01.10.2016.DAL.at.MIN,2.0,AMBIGUOUS_LEAD,CALIBRATED,HOLDOUT_PASS,ADEQUATE,True,UNIQUE,2.0,3.0,0.9930555555555556,1.0,3.0,2.0,142,0.3732394366197183,148,149,0.9932885906040269,29,0.4137931034482758,27,28,0.9642857142857144,1.5,2.5,2.0,2,False,,449,194763,66754,1|2|3|4,466,82,1.0,74,1.0,13,13,13,14,14,15,156,153,126,29,29,20,True,True,True,False,0.3732|0.5931|0.8288|0.9388|0.9933|0.9864|0.9931|0.9930|0.9862|0.9650|0.9448|0.9375|0.9448|0.9521|0.9392|0.9116|0.9041
0021500558,01.10.2016.NOP.at.LAC,5.0,AMBIGUOUS_LEAD,CALIBRATED,HOLDOUT_PASS,ADEQUATE,True,TIE_2_SMALLEST_CHOSEN,5.0|6.5,6.5,0.9732620320855616,1.5,6.5,5.0,187,0.2566844919786096,182,187,0.9732620320855616,28,0.3571428571428571,27,28,0.9642857142857144,1.5,3.0,4.0,3,False,,568,238628,78736,1|2|3|4|5,585,87,0.9770114942528736,87,0.9767441860465116,11,11,12,14,14,14,189,189,165,28,28,19,True,True,True,False,0.2567|0.3051|0.4775|0.6209|0.8191|0.8936|0.9255|0.9468|0.9574|0.9572|0.9733|0.9626|0.9679|0.9733|0.9465|0.9301|0.9194
0021500559,01.10.2016.CLE.at.PHI,3.0,DRIFTING_LEAD,CALIBRATED,HOLDOUT_PASS,MATERIALLY_DRIFTING,False,UNIQUE,3.0,3.5,0.974025974025974,4.5,6.0,1.5,144,0.3819444444444444,151,154,0.9805194805194806,27,0.4444444444444444,25,27,0.925925925925926,0.5,4.0,2.0,3,False,,461,193368,65943,1|2|3|4,479,89,0.9873417721518988,78,1.0,12,13,15,13,11,14,167,146,2,29,21,0,False,False,False,False,0.3819|0.6577|0.8618|0.9545|0.9675|0.9675|0.9805|0.9740|0.9610|0.9608|0.9605|0.9536|0.9669|0.9470|0.9262|0.9200|0.9000
0021500560,01.10.2016.BOS.at.MEM,3.5,CLOCK_CALIBRATION_VALIDATED,CALIBRATED,HOLDOUT_PASS,ADEQUATE,False,UNIQUE,3.5,4.0,0.9640718562874252,0.5,4.0,3.5,160,0.28125,162,168,0.9642857142857144,36,0.3888888888888889,33,36,0.9166666666666666,1.0,2.5,2.5,2,False,,533,211021,67729,1|2|3|4,562,86,0.9647058823529412,86,0.9761904761904762,14,14,14,19,19,22,172,169,128,37,37,22,True,True,True,False,0.2812|0.4654|0.6790|0.8395|0.9207|0.9509|0.9458|0.9643|0.9641|0.9512|0.9383|0.9387|0.9390|0.8963|0.8944|0.8812|0.8750
0021500561,01.10.2016.IND.at.HOU,3.0,CLOCK_CALIBRATION_VALIDATED,CALIBRATED,HOLDOUT_PASS,ADEQUATE,False,UNIQUE,3.0,3.5,0.9883040935672516,0.5,3.0,2.5,158,0.360759493670886,170,172,0.9883720930232558,38,0.5263157894736842,36,37,0.972972972972973,1.0,2.0,2.5,1,False,,486,201010,72158,1|2|3|4|5,514,90,0.9886363636363636,74,1.0,18,18,18,15,15,16,179,167,43,40,39,12,True,True,True,False,0.3608|0.5570|0.7831|0.9053|0.9588|0.9708|0.9884|0.9883|0.9766|0.9649|0.9337|0.9277|0.9212|0.9212|0.9085|0.8909|0.8667
0021500562,01.10.2016.MIL.at.NYK,2.0,AMBIGUOUS_LEAD,CALIBRATED,HOLDOUT_PASS,ADEQUATE,True,UNIQUE,2.0,4.0,0.9693251533742332,2.0,4.0,2.0,150,0.5,156,160,0.975,17,0.1764705882352941,20,22,0.9090909090909092,1.5,3.0,1.5,2,False,,456,209227,70057,1|2|3|4,470,82,0.9876543209876544,82,0.9873417721518988,10,12,12,10,10,10,164,164,156,22,22,21,True,True,True,False,0.5000|0.7125|0.9085|0.9563|0.9750|0.9691|0.9571|0.9448|0.9693|0.9634|0.9512|0.9448|0.9325|0.9202|0.9325|0.9264|0.8944
0021500563,01.10.2016.CHA.at.DEN,5.5,CLOCK_CALIBRATION_VALIDATED,CALIBRATED,HOLDOUT_PASS,ADEQUATE,False,UNIQUE,5.5,6.0,0.9874213836477987,1.0,5.0,6.0,155,0.2709677419354839,158,160,0.9875,25,0.36,22,25,0.88,1.0,2.5,4.5,1,False,,446,224142,72330,1|2|3|4,459,79,0.9873417721518988,81,1.0,15,15,17,7,7,8,160,158,109,25,24,12,False,False,False,False,0.2710|0.3506|0.4379|0.5948|0.7452|0.8438|0.8812|0.9000|0.9434|0.9747|0.9812|0.9875|0.9874|0.9750|0.9563|0.9430|0.9375
0021500564,01.10.2016.OKC.at.POR,4.5,CLOCK_CALIBRATION_VALIDATED,CALIBRATED,HOLDOUT_PASS,ADEQUATE,False,UNIQUE,4.5,4.0,0.9827586206896552,0.5,4.5,4.0,168,0.2916666666666667,171,173,0.9884393063583816,35,0.4571428571428571,30,35,0.8571428571428571,1.0,2.5,3.0,1,False,,487,212148,70062,1|2|3|4,511,94,0.978494623655914,82,1.0,16,16,17,14,15,18,176,167,77,35,33,14,False,False,False,False,0.2917|0.4233|0.5939|0.8084|0.9176|0.9593|0.9769|0.9770|0.9828|0.9884|0.9769|0.9595|0.9535|0.9535|0.9298|0.9181|0.9186
0021500565,01.10.2016.UTA.at.LAL,3.5,CLOCK_CALIBRATION_VALIDATED,CALIBRATED,HOLDOUT_PASS,ADEQUATE,False,TIE_2_SMALLEST_CHOSEN,3.5|4.0,4.0,0.9681528662420382,2.0,3.5,5.5,154,0.2402597402597402,152,157,0.9681528662420382,24,0.4166666666666667,25,25,1.0,1.0,2.5,3.5,2,False,,444,216237,70109,1|2|3|4,471,80,0.9746835443037974,78,0.9871794871794872,11,11,11,14,12,14,158,158,144,25,25,20,True,True,True,False,0.2403|0.3378|0.4933|0.7273|0.8608|0.9172|0.9359|0.9682|0.9682|0.9490|0.9490|0.9554|0.9359|0.9346|0.9355|0.9355|0.9359
0021500566,01.11.2016.SAS.at.BKN,5.0,AMBIGUOUS_LEAD,CALIBRATED,HOLDOUT_PASS,ADEQUATE,True,UNIQUE,5.0,2.5,0.965034965034965,2.0,2.5,4.5,145,0.4413793103448276,139,144,0.9652777777777778,22,0.5454545454545454,22,23,0.9565217391304348,2.5,5.5,2.5,4,False,,415,175005,62028,1|2|3|4,436,78,0.971830985915493,77,0.9857142857142858,12,12,13,10,10,10,155,136,2,27,24,0,False,False,False,False,0.4414|0.5862|0.7241|0.8345|0.8881|0.9650|0.9580|0.9648|0.9577|0.9650|0.9653|0.9580|0.9507|0.9648|0.9504|0.9500|0.9433
0021500567,01.11.2016.WAS.at.CHI,5.5,CLOCK_CALIBRATION_VALIDATED,CALIBRATED,HOLDOUT_PASS,ADEQUATE,False,UNIQUE,5.5,3.5,0.9657142857142856,0.0,5.5,5.5,175,0.2914285714285714,173,178,0.9719101123595506,24,0.1666666666666666,24,25,0.96,0.5,3.0,3.5,3,False,,465,213429,71080,1|2|3|4,491,92,0.978021978021978,88,0.9655172413793104,6,6,6,18,18,19,180,179,168,25,24,23,False,False,False,False,0.2914|0.4566|0.6667|0.8047|0.9086|0.9298|0.9483|0.9657|0.9598|0.9602|0.9607|0.9719|0.9494|0.9551|0.9213|0.8933|0.8989
0021500568,01.11.2016.MIA.at.GSW,3.0,DRIFTING_LEAD,CALIBRATED,HOLDOUT_PASS,MATERIALLY_DRIFTING,False,TIE_3_SMALLEST_CHOSEN,3.0|3.5|5.0,3.5,0.9772727272727272,3.0,2.0,5.0,159,0.389937106918239,172,176,0.9772727272727272,17,0.7058823529411765,17,18,0.9444444444444444,3.0,5.0,2.5,2,False,,460,190229,69965,1|2|3|4,469,89,1.0,88,0.9770114942528736,3,3,4,14,14,15,177,175,94,19,19,12,True,True,True,False,0.3899|0.6446|0.8084|0.9123|0.9480|0.9714|0.9773|0.9773|0.9659|0.9661|0.9773|0.9771|0.9716|0.9716|0.9600|0.9261|0.9080
0021500569,01.12.2016.PHX.at.IND,2.0,CLOCK_CALIBRATION_VALIDATED,CALIBRATED,HOLDOUT_PASS,ADEQUATE,False,TIE_2_SMALLEST_CHOSEN,2.0|2.5,2.5,0.9751552795031057,0.5,2.0,2.5,150,0.3533333333333333,157,161,0.9751552795031057,30,0.3333333333333333,26,29,0.896551724137931,1.0,4.0,1.5,2,False,,483,216597,68021,1|2|3|4,502,80,0.974025974025974,88,0.988095238095238,17,17,18,9,10,12,168,158,7,31,30,0,True,True,True,False,0.3533|0.5960|0.8516|0.9618|0.9752|0.9752|0.9625|0.9625|0.9688|0.9688|0.9623|0.9371|0.9177|0.8924|0.8662|0.8616|0.8408
0021500570,01.12.2016.SAS.at.DET,7.0,CLOCK_CALIBRATION_VALIDATED,CALIBRATED,HOLDOUT_PASS,ADEQUATE,False,UNIQUE,7.0,7.5,0.9631901840490796,1.5,7.0,5.5,161,0.2360248447204969,158,164,0.9634146341463414,28,0.4642857142857143,24,29,0.8275862068965517,1.5,3.0,5.5,1,False,,498,219212,66392,1|2|3|4,520,91,0.9647058823529412,85,0.9629629629629628,14,14,18,10,11,11,176,170,35,29,28,3,True,True,True,False,0.2360|0.3043|0.3937|0.5000|0.6524|0.7605|0.8155|0.8706|0.9064|0.9353|0.9349|0.9524|0.9527|0.9578|0.9634|0.9632|0.9568
0021500571,01.12.2016.BOS.at.NYK,4.0,CLOCK_CALIBRATION_VALIDATED,CALIBRATED,HOLDOUT_PASS,ADEQUATE,False,UNIQUE,4.0,3.5,0.9754601226993864,0.5,3.5,3.0,144,0.2222222222222222,157,160,0.98125,19,0.4736842105263157,19,19,1.0,1.0,1.5,3.0,1,False,,438,189632,69469,1|2|3|4,467,85,0.988095238095238,82,0.9743589743589745,16,16,16,3,3,4,167,162,157,20,20,19,True,True,True,False,0.2222|0.3986|0.6154|0.7338|0.8987|0.9259|0.9630|0.9755|0.9812|0.9573|0.9451|0.9387|0.9329|0.9329|0.9329|0.9264|0.9074
0021500572,01.12.2016.HOU.at.MEM,4.5,AMBIGUOUS_LEAD,CALIBRATED,HOLDOUT_PASS,ADEQUATE,True,UNIQUE,4.5,3.0,0.9714285714285714,1.5,4.5,3.0,143,0.4475524475524475,135,138,0.9782608695652174,30,0.4333333333333333,29,29,1.0,1.5,3.0,3.0,2,False,,451,183479,64663,1|2|3|4,471,76,0.9714285714285714,73,0.9855072463768116,17,17,17,12,13,13,149,144,94,31,29,16,False,False,False,False,0.4476|0.6014|0.8028|0.9071|0.9500|0.9580|0.9714|0.9706|0.9708|0.9783|0.9710|0.9640|0.9424|0.9348|0.9173|0.8864|0.8582
0021500573,01.12.2016.CHI.at.MIL,3.5,HOLDOUT_FAIL,CALIBRATED,HOLDOUT_FAIL,ADEQUATE,False,UNIQUE,3.5,4.5,0.9642857142857144,1.5,3.5,5.0,147,0.3061224489795918,138,142,0.971830985915493,15,0.3333333333333333,11,14,0.7857142857142857,0.5,2.0,3.5,2,False,,488,166385,55036,1|2|3|4,515,93,0.9736842105263158,85,1.0,7,7,8,4,6,6,178,149,1,22,19,0,True,True,True,False,0.3061|0.4097|0.5603|0.7872|0.8951|0.9301|0.9444|0.9718|0.9574|0.9643|0.9638|0.9496|0.9291|0.9275|0.9420|0.9281|0.9270
0021500574,01.12.2016.OKC.at.MIN,2.5,AMBIGUOUS_LEAD,CALIBRATED,HOLDOUT_PASS,MATERIALLY_DRIFTING,True,UNIQUE,2.5,3.5,0.9748427672955976,3.5,2.5,6.0,140,0.4214285714285714,155,158,0.981012658227848,33,0.303030303030303,32,33,0.9696969696969696,1.5,3.5,1.5,4,False,,441,204209,68470,1|2|3|4,462,85,1.0,80,0.9871794871794872,16,16,17,16,12,15,165,156,96,34,34,21,True,True,True,False,0.4214|0.6667|0.8562|0.9682|0.9682|0.9810|0.9747|0.9748|0.9745|0.9554|0.9560|0.9497|0.9623|0.9494|0.9299|0.9006|0.8688
0021500575,01.12.2016.CLE.at.DAL,3.0,AMBIGUOUS_LEAD,CALIBRATED,HOLDOUT_PASS,ADEQUATE,True,UNIQUE,3.0,5.0,0.9877300613496932,0.0,3.0,3.0,153,0.2941176470588235,163,165,0.987878787878788,25,0.4,23,24,0.9583333333333334,1.0,4.0,2.5,2,False,,481,204768,71695,1|2|3|4|5,503,84,1.0,73,1.0,11,11,12,12,12,12,176,166,71,25,25,9,True,True,True,False,0.2941|0.4902|0.7405|0.9141|0.9568|0.9697|0.9879|0.9816|0.9816|0.9817|0.9877|0.9815|0.9689|0.9630|0.9268|0.9018|0.8938
0021500576,01.12.2016.NOP.at.LAL,7.0,CLOCK_CALIBRATION_VALIDATED,CALIBRATED,HOLDOUT_PASS,ADEQUATE,False,UNIQUE,7.0,6.5,0.9393939393939394,1.0,7.0,6.0,176,0.1988636363636363,156,166,0.9397590361445785,19,0.631578947368421,16,18,0.8888888888888888,1.0,2.5,6.0,1,False,,474,203934,68019,1|2|3|4,489,88,0.9397590361445785,90,0.9523809523809524,9,9,11,7,6,7,178,176,110,19,19,5,True,True,True,False,0.1989|0.2443|0.2874|0.3609|0.5486|0.7052|0.8171|0.8571|0.8966|0.9075|0.9128|0.9186|0.9222|0.9394|0.9398|0.9281|0.9268
0021500577,01.13.2016.ATL.at.CHA,4.5,CLOCK_CALIBRATION_VALIDATED,CALIBRATED,HOLDOUT_PASS,ADEQUATE,False,UNIQUE,4.5,4.0,0.9877300613496932,1.5,3.0,4.5,159,0.270440251572327,161,162,0.9938271604938272,30,0.5,29,31,0.935483870967742,1.0,2.5,3.0,2,False,,469,216585,71104,1|2|3|4,490,81,1.0,82,0.9878048780487804,19,19,22,10,10,10,163,163,93,32,31,12,True,True,True,False,0.2704|0.4161|0.6447|0.8101|0.8931|0.9691|0.9876|0.9816|0.9877|0.9938|0.9816|0.9509|0.9509|0.9627|0.9568|0.9383|0.9193
0021500578,01.13.2016.MIL.at.WAS,4.0,AMBIGUOUS_LEAD,CALIBRATED,HOLDOUT_PASS,ADEQUATE,True,UNIQUE,4.0,2.5,0.9934640522875816,0.5,2.5,2.0,149,0.3422818791946309,154,155,0.9935483870967742,43,0.3488372093023256,41,43,0.9534883720930232,1.5,3.0,2.5,2,False,,467,204672,71730,1|2|3|4,498,79,1.0,77,0.987012987012987,17,18,18,24,25,25,156,155,151,43,43,42,True,True,True,False,0.3423|0.4934|0.8182|0.9484|0.9677|0.9935|0.9805|0.9872|0.9935|0.9806|0.9806|0.9615|0.9355|0.9161|0.8910|0.8654|0.8590
0021500579,01.13.2016.NYK.at.BKN,3.0,CLOCK_CALIBRATION_VALIDATED,CALIBRATED,HOLDOUT_PASS,ADEQUATE,False,TIE_3_SMALLEST_CHOSEN,3.0|3.5|4.0,3.5,1.0,1.0,3.0,2.0,147,0.4489795918367347,153,153,1.0,24,0.4166666666666667,20,24,0.8333333333333334,2.0,3.0,3.0,1,False,,460,170775,62085,1|2|3|4,480,90,1.0,87,1.0,10,10,14,10,10,10,177,154,2,28,20,0,False,False,False,False,0.4490|0.6871|0.8750|0.9423|0.9613|0.9744|1.0000|1.0000|1.0000|0.9935|0.9805|0.9805|0.9739|0.9536|0.9346|0.9091|0.9091
0021500580,01.13.2016.IND.at.BOS,3.0,CLOCK_CALIBRATION_VALIDATED,CALIBRATED,HOLDOUT_PASS,ADEQUATE,False,TIE_2_SMALLEST_CHOSEN,3.0|3.5,3.5,0.9613259668508288,1.0,3.5,2.5,168,0.3809523809523809,174,181,0.9613259668508288,36,0.4722222222222222,33,35,0.9428571428571428,2.0,3.0,2.5,2,False,,475,224790,70719,1|2|3|4,497,93,0.978494623655914,88,0.9545454545454546,15,15,17,18,18,19,181,176,139,36,36,25,True,True,True,False,0.3810|0.5789|0.7326|0.8483|0.9171|0.9558|0.9613|0.9613|0.9500|0.9611|0.9500|0.9278|0.9330|0.9157|0.9101|0.9040|0.9040
0021500581,01.13.2016.MIN.at.HOU,3.5,CLOCK_CALIBRATION_VALIDATED,CALIBRATED,HOLDOUT_PASS,ADEQUATE,False,UNIQUE,3.5,3.0,0.9861111111111112,0.5,3.0,3.5,139,0.3525179856115107,143,145,0.986206896551724,31,0.3548387096774194,31,31,1.0,1.0,3.0,2.5,1,False,,479,208388,66077,1|2|3|4,499,81,0.9866666666666668,72,1.0,21,21,21,10,10,10,153,135,6,36,34,1,True,True,True,False,0.3525|0.5580|0.7206|0.9014|0.9371|0.9720|0.9861|0.9862|0.9792|0.9792|0.9792|0.9586|0.9517|0.9384|0.9241|0.9247|0.9110
0021500582,01.13.2016.DAL.at.OKC,2.5,CLOCK_CALIBRATION_VALIDATED,CALIBRATED,HOLDOUT_PASS,ADEQUATE,False,UNIQUE,2.5,2.0,0.9876543209876544,1.5,3.5,2.0,144,0.4583333333333333,162,164,0.9878048780487804,34,0.5,34,34,1.0,1.5,3.5,2.0,3,False,,483,220262,70651,1|2|3|4,510,88,0.9886363636363636,76,1.0,14,14,14,20,20,20,164,164,164,34,34,33,True,True,True,False,0.4583|0.6507|0.8408|0.9441|0.9877|0.9878|0.9816|0.9817|0.9756|0.9816|0.9756|0.9512|0.9387|0.9264|0.9193|0.9136|0.9193
0021500583,01.13.2016.GSW.at.DEN,5.5,HOLDOUT_FAIL,CALIBRATED,HOLDOUT_FAIL,ADEQUATE,False,UNIQUE,5.5,6.0,0.971264367816092,1.5,5.5,4.0,168,0.3035714285714285,170,175,0.9714285714285714,24,0.2916666666666667,18,24,0.75,1.5,3.5,4.0,2,False,,496,228695,70206,1|2|3|4,515,91,0.989010989010989,84,0.9523809523809524,9,9,12,9,10,11,175,166,71,26,26,2,True,True,True,False,0.3036|0.4167|0.6250|0.7299|0.8235|0.9012|0.9257|0.9429|0.9543|0.9543|0.9600|0.9714|0.9713|0.9713|0.9655|0.9306|0.9075
0021500584,01.13.2016.UTA.at.POR,5.0,CLOCK_CALIBRATION_VALIDATED,CALIBRATED,HOLDOUT_PASS,ADEQUATE,False,TIE_2_SMALLEST_CHOSEN,5.0|5.5,5.5,0.9629629629629628,1.0,4.0,5.0,158,0.2531645569620253,156,162,0.9629629629629628,27,0.3703703703703703,26,27,0.9629629629629628,2.5,3.5,3.0,2,False,,446,216761,68884,1|2|3|4,472,78,0.9615384615384616,86,0.9761904761904762,20,20,20,6,6,7,164,161,79,27,25,7,True,True,True,False,0.2532|0.3182|0.4902|0.7403|0.8868|0.9250|0.9563|0.9627|0.9568|0.9627|0.9630|0.9630|0.9503|0.9313|0.9187|0.9000|0.9130
0021500585,01.13.2016.NOP.at.SAC,3.5,CLOCK_CALIBRATION_VALIDATED,CALIBRATED,HOLDOUT_PASS,ADEQUATE,False,UNIQUE,3.5,4.0,0.9942528735632185,0.0,3.5,3.5,180,0.2055555555555555,175,175,1.0,22,0.3181818181818182,23,23,1.0,0.5,1.5,3.0,1,False,,445,180122,67975,1|2|3|4,459,94,1.0,90,1.0,9,9,9,14,14,14,184,173,29,25,24,4,True,True,True,False,0.2056|0.2312|0.4182|0.7041|0.8721|0.9486|0.9886|1.0000|0.9943|0.9769|0.9653|0.9713|0.9598|0.9489|0.9492|0.9261|0.9261
0021500586,01.13.2016.MIA.at.LAC,6.5,AMBIGUOUS_LEAD,CALIBRATED,HOLDOUT_PASS,MATERIALLY_DRIFTING,True,UNIQUE,6.5,5.5,0.9695121951219512,2.5,6.5,4.0,161,0.2484472049689441,159,163,0.9754601226993864,29,0.2068965517241379,24,29,0.8275862068965517,1.0,3.5,3.5,3,False,,475,246587,70372,1|2|3|4,505,91,0.9777777777777776,73,0.9726027397260274,11,11,13,13,13,15,164,161,122,30,30,14,False,False,False,False,0.2484|0.2687|0.3896|0.5897|0.7578|0.8773|0.9387|0.9568|0.9693|0.9634|0.9632|0.9695|0.9693|0.9755|0.9264|0.9207|0.9080
0021500591,01.14.2016.SAC.at.UTA,4.0,CLOCK_CALIBRATION_VALIDATED,CALIBRATED,HOLDOUT_PASS,ADEQUATE,False,UNIQUE,4.0,4.5,0.9615384615384616,1.5,4.0,2.5,153,0.3137254901960784,151,156,0.967948717948718,28,0.1785714285714285,27,27,1.0,1.0,2.5,2.5,2,False,,523,250951,70298,1|2|3|4,538,80,0.9625,77,0.974025974025974,14,14,14,13,10,13,157,155,132,28,27,22,True,True,True,False,0.3137|0.3889|0.5772|0.7792|0.8718|0.9487|0.9423|0.9484|0.9679|0.9615|0.9551|0.9423|0.9290|0.9103|0.9038|0.9221|0.9091
0021500592,01.14.2016.LAL.at.GSW,3.0,DRIFTING_LEAD,CALIBRATED,HOLDOUT_PASS,MATERIALLY_DRIFTING,False,UNIQUE,3.0,3.5,0.9602272727272728,2.5,5.5,3.0,166,0.4819277108433735,169,175,0.9657142857142856,39,0.5897435897435898,38,40,0.95,1.0,3.5,2.5,1,False,,467,204090,71884,1|2|3|4,496,95,0.968421052631579,81,0.9753086419753086,17,15,17,21,21,23,176,175,40,40,40,22,False,False,False,False,0.4819|0.6509|0.7943|0.8750|0.9200|0.9600|0.9657|0.9602|0.9545|0.9489|0.9489|0.9489|0.9375|0.9261|0.8977|0.8800|0.8547
0021500593,01.15.2016.WAS.at.IND,4.0,CLOCK_CALIBRATION_VALIDATED,CALIBRATED,HOLDOUT_PASS,ADEQUATE,False,UNIQUE,4.0,3.5,0.9935483870967742,1.0,4.0,3.0,156,0.2884615384615384,152,152,1.0,24,0.2083333333333333,18,21,0.8571428571428571,1.0,2.0,3.0,1,False,,474,183917,59852,1|2|3|4,489,96,1.0,82,1.0,11,11,12,7,8,9,178,146,2,28,22,0,True,True,True,False,0.2885|0.4286|0.6316|0.8571|0.9484|0.9740|0.9871|0.9935|1.0000|0.9804|0.9737|0.9542|0.9351|0.9412|0.8954|0.9013|0.8645
0021500594,01.15.2016.MIN.at.OKC,2.5,CLOCK_CALIBRATION_VALIDATED,CALIBRATED,HOLDOUT_PASS,ADEQUATE,False,TIE_2_SMALLEST_CHOSEN,2.5|3.0,3.0,0.9942196531791908,0.5,2.0,2.5,156,0.4871794871794871,172,173,0.9942196531791908,18,0.3333333333333333,17,18,0.9444444444444444,2.0,3.5,2.0,2,False,,448,210410,71080,1|2|3|4,465,94,0.9893617021276596,80,1.0,7,6,8,10,10,10,174,174,165,18,18,16,False,False,False,False,0.4872|0.7012|0.8750|0.9483|0.9885|0.9942|0.9942|0.9827|0.9827|0.9884|0.9769|0.9655|0.9422|0.9422|0.9422|0.9240|0.9133
0021500595,01.15.2016.PHX.at.BOS,3.0,CLOCK_CALIBRATION_VALIDATED,CALIBRATED,HOLDOUT_PASS,ADEQUATE,False,TIE_2_SMALLEST_CHOSEN,3.0|3.5,3.5,0.9833333333333332,0.0,3.0,3.0,167,0.3712574850299401,177,180,0.9833333333333332,26,0.2307692307692307,25,25,1.0,1.5,3.0,2.5,1,False,,500,222594,69842,1|2|3|4,525,100,0.968421052631579,85,1.0,17,17,17,8,8,8,185,181,71,26,26,6,False,False,False,False,0.3713|0.5690|0.7318|0.8693|0.9171|0.9667|0.9833|0.9833|0.9832|0.9721|0.9721|0.9385|0.9326|0.9222|0.9106|0.8944|0.8840
0021500596,01.15.2016.POR.at.BKN,4.0,CLOCK_CALIBRATION_VALIDATED,CALIBRATED,HOLDOUT_PASS,ADEQUATE,False,UNIQUE,4.0,3.5,0.9745222929936306,0.0,4.0,4.0,157,0.4394904458598726,155,158,0.981012658227848,20,0.35,18,19,0.9473684210526316,0.5,3.5,3.5,3,False,,443,190271,64027,1|2|3|4,459,87,0.9864864864864864,91,0.9761904761904762,5,5,6,13,13,13,178,152,1,21,18,0,True,True,True,False,0.4395|0.4870|0.5789|0.7895|0.8718|0.9231|0.9427|0.9745|0.9810|0.9682|0.9745|0.9684|0.9615|0.9618|0.9554|0.9497|0.9187
0021500597,01.15.2016.DAL.at.CHI,3.5,CLOCK_CALIBRATION_VALIDATED,CALIBRATED,HOLDOUT_PASS,ADEQUATE,False,UNIQUE,3.5,3.0,0.9937888198757764,1.0,3.5,2.5,158,0.1962025316455696,162,163,0.9938650306748468,17,0.4117647058823529,16,17,0.9411764705882352,1.5,2.5,2.5,2,False,,436,222758,70318,1|2|3|4,448,84,1.0,79,1.0,4,4,5,12,11,11,163,163,146,17,17,13,False,False,False,False,0.1962|0.3497|0.6104|0.8322|0.9560|0.9938|0.9938|0.9939|0.9877|0.9877|0.9693|0.9693|0.9691|0.9568|0.9630|0.9630|0.9565
0021500598,01.15.2016.CHA.at.NOP,4.0,CLOCK_CALIBRATION_VALIDATED,CALIBRATED,HOLDOUT_PASS,ADEQUATE,False,UNIQUE,4.0,3.5,0.9937888198757764,0.5,3.5,4.0,147,0.2653061224489796,162,162,1.0,15,0.5333333333333333,17,17,1.0,0.5,3.0,3.0,1,False,,412,160883,65004,1|2|3|4,424,90,1.0,83,1.0,8,8,8,9,9,9,173,154,8,19,16,0,True,True,True,False,0.2653|0.3673|0.6000|0.7949|0.8994|0.9506|0.9877|0.9938|1.0000|0.9877|0.9815|0.9812|0.9752|0.9565|0.9444|0.9383|0.9317
0021500599,01.15.2016.ATL.at.MIL,4.0,CLOCK_CALIBRATION_VALIDATED,CALIBRATED,HOLDOUT_PASS,ADEQUATE,False,UNIQUE,4.0,3.0,0.954248366013072,1.5,4.5,3.0,150,0.2533333333333333,145,150,0.9666666666666668,24,0.5,23,25,0.92,0.5,2.0,3.0,2,False,,547,165230,55485,1|2|3|4|5,574,93,0.958904109589041,85,1.0,11,11,12,11,11,11,196,161,1,33,24,0,False,False,False,False,0.2533|0.3681|0.6099|0.7862|0.8609|0.9211|0.9542|0.9474|0.9667|0.9524|0.9388|0.9456|0.9184|0.9116|0.9097|0.9155|0.8951
0021500600,01.15.2016.MIA.at.DEN,5.5,CLOCK_CALIBRATION_VALIDATED,CALIBRATED,HOLDOUT_PASS,ADEQUATE,False,UNIQUE,5.5,4.5,0.9666666666666668,1.0,5.5,4.5,149,0.2885906040268456,147,150,0.98,25,0.64,20,25,0.8,0.5,3.0,3.5,3,False,,446,211225,67821,1|2|3|4,459,78,0.986842105263158,81,0.972972972972973,11,11,13,9,11,12,159,150,42,26,25,3,False,False,False,False,0.2886|0.3841|0.4539|0.6027|0.7718|0.8675|0.9200|0.9600|0.9595|0.9667|0.9667|0.9800|0.9667|0.9660|0.9595|0.9459|0.9324
0021500601,01.15.2016.CLE.at.HOU,3.5,CLOCK_CALIBRATION_VALIDATED,CALIBRATED,HOLDOUT_PASS,ADEQUATE,False,TIE_2_SMALLEST_CHOSEN,3.5|4.0,4.0,0.9931972789115646,0.5,3.0,3.5,137,0.3430656934306569,146,147,0.9931972789115646,30,0.3333333333333333,24,29,0.8275862068965517,1.0,2.5,3.0,1,False,,503,198896,62361,1|2|3|4,529,77,0.9855072463768116,84,1.0,13,14,16,11,11,13,161,138,1,32,27,0,False,False,False,False,0.3431|0.5280|0.7698|0.9014|0.9658|0.9728|0.9796|0.9932|0.9932|0.9796|0.9793|0.9650|0.9437|0.9375|0.8951|0.8732|0.8662
0021500615,01.18.2016.PHI.at.NYK,3.5,CLOCK_CALIBRATION_VALIDATED,CALIBRATED,HOLDOUT_PASS,ADEQUATE,False,UNIQUE,3.5,4.0,0.9796954314720812,0.5,2.5,2.0,173,0.4913294797687861,194,198,0.9797979797979798,27,0.3333333333333333,25,27,0.925925925925926,2.5,4.0,1.5,2,False,,580,277959,86032,1|2|3|4|5|6,600,84,1.0,81,1.0,9,11,11,14,13,14,199,199,177,27,27,26,True,True,True,False,0.4913|0.7119|0.9081|0.9620|0.9791|0.9795|0.9746|0.9798|0.9797|0.9797|0.9646|0.9594|0.9492|0.9391|0.9439|0.9286|0.9072
0021500616,01.18.2016.UTA.at.CHA,4.0,AMBIGUOUS_LEAD,CALIBRATED,HOLDOUT_PASS,ADEQUATE,True,UNIQUE,4.0,3.0,0.9739583333333334,1.0,4.0,3.0,184,0.3260869565217391,187,191,0.9790575916230366,26,0.4615384615384615,22,25,0.88,1.0,2.5,3.0,2,False,,539,250644,85407,1|2|3|4|5|6,557,81,0.9753086419753086,77,0.974025974025974,8,8,9,11,11,11,192,187,114,26,25,14,True,True,True,False,0.3261|0.4520|0.6022|0.7696|0.8586|0.9319|0.9740|0.9688|0.9791|0.9684|0.9634|0.9372|0.9115|0.9115|0.9115|0.8953|0.8796
0021500617,01.18.2016.POR.at.WAS,3.5,CLOCK_CALIBRATION_VALIDATED,CALIBRATED,HOLDOUT_PASS,ADEQUATE,False,TIE_3_SMALLEST_CHOSEN,3.5|4.0|4.5,4.0,1.0,1.0,3.5,2.5,145,0.2827586206896552,160,160,1.0,23,0.391304347826087,23,24,0.9583333333333334,2.5,4.0,2.5,2,False,,420,196870,71984,1|2|3|4,432,90,1.0,71,1.0,10,10,11,13,13,13,161,161,160,24,24,23,True,True,True,False,0.2828|0.6081|0.8790|0.9625|0.9750|0.9875|0.9875|1.0000|1.0000|1.0000|0.9938|0.9938|0.9875|0.9688|0.9684|0.9437|0.9371
0021500618,01.18.2016.NOP.at.MEM,3.5,CLOCK_CALIBRATION_VALIDATED,CALIBRATED,HOLDOUT_PASS,ADEQUATE,False,TIE_2_SMALLEST_CHOSEN,3.5|4.0,4.0,0.9932885906040269,1.0,3.5,2.5,139,0.3453237410071942,148,149,0.9932885906040269,23,0.2608695652173913,25,25,1.0,2.0,2.5,2.5,1,False,,451,198059,70737,1|2|3|4,473,78,0.9871794871794872,71,1.0,13,13,13,12,12,12,149,149,147,25,25,23,True,True,True,False,0.3453|0.5290|0.7482|0.9116|0.9660|0.9864|0.9932|0.9933|0.9933|0.9866|0.9732|0.9732|0.9732|0.9597|0.9597|0.9463|0.9257
0021500619,01.18.2016.CHI.at.DET,6.5,CLOCK_CALIBRATION_VALIDATED,CALIBRATED,HOLDOUT_PASS,ADEQUATE,False,TIE_2_SMALLEST_CHOSEN,6.5|7.0,7.0,0.9622641509433962,1.0,6.0,5.0,156,0.25,153,159,0.9622641509433962,20,0.4,16,20,0.8,1.5,3.5,5.0,2,False,,441,181183,63253,1|2|3|4,462,90,0.975609756097561,89,0.9487179487179488,8,8,10,8,9,10,179,159,12,21,15,0,True,True,True,False,0.2500|0.3161|0.3758|0.5132|0.6624|0.7875|0.8535|0.9000|0.9193|0.9313|0.9503|0.9503|0.9565|0.9623|0.9623|0.9434|0.9434
0021500620,01.18.2016.ORL.at.ATL,3.0,AMBIGUOUS_LEAD,CALIBRATED,HOLDOUT_PASS,ADEQUATE,True,UNIQUE,3.0,4.0,0.9659863945578232,2.0,3.0,5.0,144,0.3819444444444444,143,148,0.9662162162162162,28,0.3571428571428571,28,28,1.0,2.0,2.5,3.0,3,False,,432,186311,64460,1|2|3|4,458,83,0.9864864864864864,84,0.9726027397260274,15,15,15,13,13,14,167,150,0,30,26,0,True,True,True,False,0.3819|0.5524|0.7718|0.8649|0.9133|0.9320|0.9662|0.9597|0.9660|0.9592|0.9655|0.9456|0.9392|0.9384|0.9320|0.9178|0.9103
0021500621,01.18.2016.BKN.at.TOR,3.5,AMBIGUOUS_LEAD,CALIBRATED,HOLDOUT_PASS,ADEQUATE,True,TIE_2_SMALLEST_CHOSEN,3.5|4.5,4.5,0.9802631578947368,0.5,3.0,3.5,150,0.2466666666666666,149,152,0.9802631578947368,17,0.2941176470588235,17,18,0.9444444444444444,2.0,3.5,2.5,2,False,,412,162481,65143,1|2|3|4,427,75,0.9714285714285714,86,0.9878048780487804,10,10,10,7,7,8,161,149,46,21,19,1,True,True,True,False,0.2467|0.3758|0.6711|0.9038|0.9542|0.9669|0.9801|0.9803|0.9801|0.9803|0.9733|0.9664|0.9595|0.9524|0.9388|0.9384|0.9310
0021500622,01.18.2016.GSW.at.CLE,4.0,CLOCK_CALIBRATION_VALIDATED,CALIBRATED,HOLDOUT_PASS,ADEQUATE,False,UNIQUE,4.0,3.5,0.9745762711864406,1.0,3.5,4.5,120,0.2166666666666666,116,119,0.9747899159663864,16,0.4375,18,18,1.0,1.5,2.5,3.5,2,False,,448,141963,51046,1|2|3|4,461,81,0.9649122807017544,81,1.0,11,11,11,7,6,7,162,95,0,23,16,0,False,False,False,False,0.2167|0.2417|0.3109|0.4615|0.6581|0.8475|0.9402|0.9746|0.9748|0.9746|0.9492|0.9487|0.9487|0.9569|0.9569|0.9402|0.9310
0021500623,01.18.2016.BOS.at.DAL,2.5,CLOCK_CALIBRATION_VALIDATED,CALIBRATED,HOLDOUT_PASS,ADEQUATE,False,UNIQUE,2.5,3.0,0.9826589595375722,0.0,2.5,2.5,168,0.3095238095238095,171,174,0.9827586206896552,25,0.36,25,25,1.0,2.0,5.0,1.5,3,False,,534,219543,71346,1|2|3|4|5,547,82,1.0,85,1.0,14,14,14,11,11,11,187,160,19,26,24,0,True,True,True,False,0.3095|0.5322|0.8059|0.9711|0.9714|0.9828|0.9827|0.9711|0.9767|0.9651|0.9824|0.9822|0.9706|0.9521|0.9226|0.8982|0.8623
0021500624,01.18.2016.HOU.at.LAC,5.0,CLOCK_CALIBRATION_VALIDATED,CALIBRATED,HOLDOUT_PASS,ADEQUATE,False,UNIQUE,5.0,5.5,0.9662921348314608,0.5,5.5,5.0,169,0.3727810650887574,174,179,0.9720670391061452,26,0.3846153846153846,24,26,0.9230769230769232,0.5,2.0,4.0,2,False,,565,269001,79208,1|2|3|4|5,589,88,0.9772727272727272,78,0.9743589743589745,14,13,14,9,9,11,179,179,174,26,26,23,True,True,True,False,0.3728|0.5122|0.7202|0.8621|0.9148|0.9435|0.9497|0.9497|0.9609|0.9609|0.9721|0.9663|0.9441|0.9274|0.9153|0.8933|0.8659
0021500625,01.19.2016.MIL.at.MIA,4.0,CLOCK_CALIBRATION_VALIDATED,CALIBRATED,HOLDOUT_PASS,ADEQUATE,False,TIE_2_SMALLEST_CHOSEN,4.0|4.5,4.5,0.9765625,0.5,3.5,4.0,123,0.2357723577235772,125,128,0.9765625,25,0.56,25,27,0.925925925925926,1.0,4.0,3.0,2,False,,419,178742,61476,1|2|3|4,435,82,0.9722222222222222,66,0.9824561403508772,12,12,13,13,13,14,148,126,1,31,26,0,False,False,False,False,0.2358|0.3525|0.5323|0.7008|0.8760|0.9375|0.9609|0.9612|0.9766|0.9766|0.9606|0.9606|0.9685|0.9606|0.9286|0.9286|0.9213
0021500626,01.19.2016.MIN.at.NOP,3.5,AMBIGUOUS_LEAD,CALIBRATED,HOLDOUT_PASS,ADEQUATE,True,TIE_2_SMALLEST_CHOSEN,3.5|5.5,5.5,0.9722222222222222,0.5,3.5,3.0,144,0.2361111111111111,140,144,0.9722222222222222,28,0.3214285714285714,25,28,0.8928571428571429,3.0,4.0,3.0,3,False,,455,191761,63747,1|2|3|4,482,77,1.0,82,0.96,14,14,14,11,11,14,159,138,5,31,26,0,True,True,True,False,0.2361|0.2695|0.4222|0.5833|0.7778|0.9241|0.9650|0.9722|0.9653|0.9655|0.9655|0.9722|0.9653|0.9583|0.9510|0.9441|0.9429
0021500627,01.19.2016.OKC.at.DEN,5.5,AMBIGUOUS_LEAD,CALIBRATED,HOLDOUT_PASS,ADEQUATE,True,UNIQUE,5.5,3.5,0.9523809523809524,2.0,5.5,3.5,162,0.3148148148148148,158,165,0.9575757575757576,26,0.5,24,27,0.8888888888888888,1.0,3.5,3.5,2,False,,538,226259,66188,1|2|3|4,552,99,0.9444444444444444,81,0.974025974025974,11,11,11,13,14,16,180,161,6,30,26,1,False,False,False,False,0.3148|0.4250|0.5404|0.6768|0.8160|0.8795|0.9036|0.9524|0.9467|0.9401|0.9401|0.9576|0.9458|0.9394|0.9273|0.9024|0.8855
0021500628,01.19.2016.IND.at.PHX,3.0,CLOCK_CALIBRATION_VALIDATED,CALIBRATED,HOLDOUT_PASS,ADEQUATE,False,UNIQUE,3.0,5.0,0.9691358024691358,1.0,3.0,2.0,151,0.3841059602649007,159,163,0.9754601226993864,35,0.3142857142857143,33,34,0.9705882352941176,0.5,2.5,2.0,3,False,,504,197919,68499,1|2|3|4,527,78,0.974025974025974,86,0.9767441860465116,21,21,21,12,11,13,164,162,142,36,35,25,True,True,True,False,0.3841|0.6400|0.8861|0.9437|0.9689|0.9565|0.9755|0.9627|0.9444|0.9444|0.9691|0.9371|0.8987|0.8910|0.8734|0.8710|0.8571
0021500629,01.20.2016.PHI.at.ORL,3.0,CLOCK_CALIBRATION_VALIDATED,CALIBRATED,HOLDOUT_PASS,ADEQUATE,False,TIE_3_SMALLEST_CHOSEN,3.0|3.5|4.0,3.5,0.9873417721518988,0.5,2.5,3.0,149,0.3624161073825503,156,158,0.9873417721518988,28,0.25,28,28,1.0,2.5,3.0,2.0,1,False,,442,220724,71120,1|2|3|4,467,85,1.0,73,0.9726027397260274,13,12,13,15,15,15,158,158,146,28,28,22,False,False,False,False,0.3624|0.5298|0.8026|0.9032|0.9679|0.9873|0.9873|0.9873|0.9873|0.9810|0.9557|0.9494|0.9430|0.9177|0.9051|0.8726|0.8516
0021500630,01.20.2016.MIA.at.WAS,3.5,CLOCK_CALIBRATION_VALIDATED,CALIBRATED,HOLDOUT_PASS,ADEQUATE,False,TIE_2_SMALLEST_CHOSEN,3.5|4.0,4.0,1.0,1.0,3.5,2.5,147,0.3061224489795918,154,154,1.0,28,0.3928571428571428,28,30,0.9333333333333332,1.0,3.5,2.0,2,False,,411,208831,72052,1|2|3|4,424,70,1.0,84,1.0,20,20,22,8,8,8,154,154,153,30,30,28,False,False,False,False,0.3061|0.5533|0.8800|0.9608|0.9805|0.9870|0.9935|1.0000|1.0000|0.9935|0.9740|0.9805|0.9608|0.9216|0.9013|0.8831|0.8571
0021500631,01.20.2016.CLE.at.BKN,3.5,AMBIGUOUS_LEAD,CALIBRATED,HOLDOUT_PASS,ADEQUATE,True,TIE_2_SMALLEST_CHOSEN,3.5|4.5,4.5,0.9779411764705882,1.0,4.5,3.5,134,0.3432835820895522,133,136,0.9779411764705882,19,0.5263157894736842,20,20,1.0,2.0,2.5,3.0,2,False,,412,161606,57357,1|2|3|4,425,86,0.9864864864864864,75,0.9838709677419356,6,6,6,14,14,14,161,133,0,25,21,0,False,False,False,False,0.3433|0.4275|0.6080|0.7910|0.9185|0.9559|0.9778|0.9779|0.9706|0.9779|0.9699|0.9549|0.9549|0.9474|0.9538|0.9385|0.9302
0021500632,01.20.2016.UTA.at.NYK,4.5,CLOCK_CALIBRATION_VALIDATED,CALIBRATED,HOLDOUT_PASS,ADEQUATE,False,TIE_2_SMALLEST_CHOSEN,4.5|5.0,5.0,0.9705882352941176,1.0,5.0,4.0,160,0.61875,165,170,0.9705882352941176,19,0.5789473684210527,18,21,0.8571428571428571,2.0,5.5,2.0,4,False,,512,236060,78285,1|2|3|4|5,529,80,0.9873417721518988,77,0.9863013698630136,10,10,11,6,6,6,176,176,164,21,21,19,True,True,True,False,0.6188|0.7625|0.9018|0.9345|0.9524|0.9643|0.9643|0.9699|0.9586|0.9706|0.9706|0.9653|0.9595|0.9540|0.9600|0.9483|0.9429
0021500633,01.20.2016.BOS.at.TOR,4.5,AMBIGUOUS_LEAD,CALIBRATED,HOLDOUT_PASS,ADEQUATE,True,TIE_2_SMALLEST_CHOSEN,4.5|5.5,5.5,0.9675324675324676,1.5,4.5,3.0,151,0.2185430463576159,149,154,0.9675324675324676,24,0.4166666666666667,24,26,0.9230769230769232,1.0,5.0,2.5,4,False,,419,177665,65447,1|2|3|4,433,86,0.9875,82,0.9726027397260274,10,10,10,14,15,16,168,155,8,27,26,1,True,True,True,False,0.2185|0.3611|0.6309|0.8344|0.9145|0.9542|0.9608|0.9545|0.9608|0.9675|0.9610|0.9675|0.9610|0.9608|0.9474|0.9539|0.9281
0021500634,01.20.2016.GSW.at.CHI,4.0,AMBIGUOUS_LEAD,CALIBRATED,HOLDOUT_PASS,ADEQUATE,True,UNIQUE,4.0,6.0,0.9836065573770492,0.5,4.0,3.5,186,0.2849462365591398,182,185,0.9837837837837838,20,0.15,19,19,1.0,1.5,4.0,3.0,2,False,,489,220188,68805,1|2|3|4,510,100,0.9894736842105264,95,0.9777777777777776,9,9,9,10,10,10,195,191,43,20,17,2,True,True,True,False,0.2849|0.4382|0.5944|0.8380|0.9239|0.9465|0.9728|0.9784|0.9838|0.9676|0.9728|0.9783|0.9836|0.9676|0.9511|0.9351|0.9189
0021500635,01.20.2016.DET.at.HOU,4.5,CLOCK_CALIBRATION_VALIDATED,CALIBRATED,HOLDOUT_PASS,ADEQUATE,False,UNIQUE,4.5,5.0,0.9885057471264368,0.0,4.5,4.5,166,0.3554216867469879,173,175,0.9885714285714284,22,0.3181818181818182,21,22,0.9545454545454546,1.0,1.5,4.0,1,False,,531,234904,70248,1|2|3|4,550,88,0.9772727272727272,87,1.0,16,16,17,5,5,5,175,174,123,23,22,11,True,True,True,False,0.3554|0.5030|0.6548|0.7861|0.8966|0.9086|0.9360|0.9543|0.9713|0.9886|0.9885|0.9655|0.9649|0.9532|0.9419|0.9012|0.8830
0021500636,01.20.2016.CHA.at.OKC,3.0,CLOCK_CALIBRATION_VALIDATED,CALIBRATED,HOLDOUT_PASS,ADEQUATE,False,UNIQUE,3.0,3.5,0.9939024390243902,0.5,3.0,2.5,148,0.3175675675675675,163,163,1.0,36,0.5277777777777778,34,36,0.9444444444444444,1.0,2.0,2.5,1,False,,458,202011,70874,1|2|3|4,472,88,1.0,76,1.0,13,13,13,21,23,23,164,164,105,36,36,22,True,True,True,False,0.3176|0.6242|0.8824|0.9371|0.9618|0.9938|1.0000|0.9939|0.9878|0.9756|0.9573|0.9632|0.9509|0.9387|0.9268|0.8902|0.8720
0021500637,01.20.2016.MIN.at.DAL,4.0,AMBIGUOUS_LEAD,CALIBRATED,HOLDOUT_PASS,ADEQUATE,True,UNIQUE,4.0,3.0,0.9938650306748468,1.0,3.0,4.0,158,0.3037974683544304,161,161,1.0,26,0.3846153846153846,23,24,0.9583333333333334,1.0,2.5,3.0,2,False,,486,186339,66352,1|2|3|4|5,512,82,1.0,89,1.0,10,11,11,11,11,11,188,166,4,28,24,0,True,True,True,False,0.3038|0.5390|0.7643|0.9068|0.9329|0.9758|0.9939|0.9816|1.0000|0.9937|0.9874|0.9752|0.9568|0.9448|0.9387|0.9313|0.9125
0021500638,01.20.2016.SAC.at.LAL,5.5,CLOCK_CALIBRATION_VALIDATED,CALIBRATED,HOLDOUT_PASS,ADEQUATE,False,UNIQUE,5.5,5.0,0.9553072625698324,0.0,5.5,5.5,176,0.2670454545454545,172,178,0.9662921348314608,23,0.391304347826087,20,23,0.8695652173913043,0.5,2.5,5.0,3,False,,508,233840,71812,1|2|3|4,527,86,0.9651162790697676,93,0.967391304347826,9,9,10,11,11,13,179,178,168,23,22,18,True,True,True,False,0.2670|0.3468|0.4713|0.5575|0.6724|0.8011|0.8192|0.8977|0.9266|0.9274|0.9553|0.9663|0.9494|0.9322|0.9548|0.9432|0.9548
0021500639,01.20.2016.ATL.at.POR,5.5,CLOCK_CALIBRATION_VALIDATED,CALIBRATED,HOLDOUT_PASS,ADEQUATE,False,UNIQUE,5.5,6.0,0.9832402234636872,2.0,3.0,5.0,176,0.25,177,180,0.9833333333333332,24,0.25,22,25,0.88,1.5,2.5,3.0,2,False,,480,233589,71514,1|2|3|4,492,88,0.9886363636363636,93,0.9782608695652174,11,11,11,11,12,14,181,180,155,25,25,19,False,False,False,False,0.2500|0.3452|0.5680|0.7803|0.9050|0.9389|0.9722|0.9721|0.9611|0.9611|0.9778|0.9833|0.9832|0.9553|0.9444|0.9389|0.9111
0021500641,01.21.2016.DET.at.NOP,5.0,CLOCK_CALIBRATION_VALIDATED,CALIBRATED,HOLDOUT_PASS,ADEQUATE,False,UNIQUE,5.0,5.5,0.9703703703703704,0.5,4.5,5.0,141,0.3262411347517731,134,136,0.9852941176470588,20,0.35,16,18,0.8888888888888888,0.5,1.0,5.0,1,False,,435,160327,56677,1|2|3|4,450,87,0.9855072463768116,90,0.9852941176470588,10,10,10,6,6,7,177,149,0,24,21,0,True,True,True,False,0.3262|0.4565|0.6241|0.7660|0.8451|0.9021|0.9362|0.9433|0.9635|0.9640|0.9853|0.9704|0.9630|0.9485|0.9416|0.9281|0.9143
0021500642,01.21.2016.MEM.at.DEN,4.0,CLOCK_CALIBRATION_VALIDATED,CALIBRATED,HOLDOUT_PASS,ADEQUATE,False,UNIQUE,4.0,4.5,0.9924242424242424,0.5,3.5,4.0,134,0.3134328358208955,132,133,0.9924812030075189,22,0.5,21,21,1.0,1.5,2.5,3.5,1,False,,449,174575,62356,1|2|3|4,462,78,0.9852941176470588,74,1.0,10,10,10,11,11,11,152,127,8,22,20,1,True,True,True,False,0.3134|0.3704|0.4964|0.6165|0.7970|0.8939|0.9470|0.9774|0.9925|0.9924|0.9850|0.9771|0.9697|0.9542|0.9466|0.9380|0.9370
0021500645,01.22.2016.CHA.at.ORL,3.0,CLOCK_CALIBRATION_VALIDATED,CALIBRATED,HOLDOUT_PASS,ADEQUATE,False,UNIQUE,3.0,3.5,0.967741935483871,0.0,3.0,3.0,185,0.2864864864864865,182,186,0.978494623655914,27,0.4814814814814814,26,27,0.9629629629629628,0.5,2.0,2.5,1,False,,493,220363,75667,1|2|3|4|5,518,85,0.9759036144578314,87,1.0,9,9,9,15,15,16,192,182,99,28,27,11,True,True,True,False,0.2865|0.4343|0.6339|0.7796|0.9355|0.9622|0.9785|0.9677|0.9622|0.9511|0.9402|0.9344|0.9227|0.9167|0.8846|0.8827|0.8556
0021500646,01.22.2016.CHI.at.BOS,4.0,CLOCK_CALIBRATION_VALIDATED,CALIBRATED,HOLDOUT_PASS,ADEQUATE,False,UNIQUE,4.0,4.5,0.9836956521739132,0.0,4.0,4.0,168,0.3571428571428571,182,184,0.9891304347826086,30,0.3666666666666666,29,29,1.0,1.0,1.5,3.5,1,False,,492,208456,68785,1|2|3|4,520,96,0.9789473684210528,89,1.0,16,16,16,13,13,13,185,182,101,32,31,10,True,True,True,False,0.3571|0.4765|0.7045|0.8436|0.9290|0.9560|0.9620|0.9728|0.9891|0.9837|0.9620|0.9503|0.9558|0.9333|0.9106|0.9096|0.8971
0021500647,01.22.2016.UTA.at.BKN,4.0,DRIFTING_LEAD,CALIBRATED,HOLDOUT_PASS,MATERIALLY_DRIFTING,False,UNIQUE,4.0,4.5,0.983739837398374,4.0,7.5,3.5,118,0.4491525423728814,123,125,0.984,18,0.6111111111111112,18,19,0.9473684210526316,1.5,3.5,2.0,2,False,,401,172981,57984,1|2|3|4,414,77,0.9850746268656716,73,1.0,8,7,7,10,11,11,150,125,0,25,22,0,False,False,False,False,0.4492|0.7083|0.8667|0.9360|0.9677|0.9758|0.9677|0.9760|0.9840|0.9837|0.9675|0.9435|0.9280|0.9286|0.9365|0.9360|0.9274
0021500648,01.22.2016.LAC.at.NYK,3.5,CLOCK_CALIBRATION_VALIDATED,CALIBRATED,HOLDOUT_PASS,ADEQUATE,False,TIE_2_SMALLEST_CHOSEN,3.5|4.0,4.0,0.9875776397515528,0.5,3.5,4.0,147,0.4897959183673469,159,161,0.9875776397515528,25,0.4,25,26,0.9615384615384616,2.0,3.0,2.5,1,False,,440,188253,71617,1|2|3|4,454,86,0.9883720930232558,75,1.0,16,16,17,9,8,9,161,161,77,26,26,10,True,True,True,False,0.4898|0.6987|0.8333|0.9355|0.9554|0.9688|0.9874|0.9876|0.9876|0.9814|0.9689|0.9565|0.9563|0.9441|0.9317|0.9187|0.9062
0021500649,01.22.2016.MIA.at.TOR,4.0,AMBIGUOUS_LEAD,CALIBRATED,HOLDOUT_PASS,ADEQUATE,True,UNIQUE,4.0,6.0,0.9640287769784172,2.0,4.0,6.0,139,0.2661870503597122,133,137,0.9708029197080292,23,0.5652173913043478,22,23,0.9565217391304348,2.0,3.0,3.5,2,False,,425,189060,64359,1|2|3|4,439,83,0.9861111111111112,73,0.9692307692307692,11,11,11,11,11,12,156,141,6,24,22,0,False,False,False,False,0.2662|0.3796|0.6642|0.8540|0.9203|0.9489|0.9493|0.9635|0.9708|0.9565|0.9493|0.9638|0.9640|0.9568|0.9493|0.9489|0.9416
0021500650,01.22.2016.MIL.at.HOU,3.5,CLOCK_CALIBRATION_VALIDATED,CALIBRATED,HOLDOUT_PASS,ADEQUATE,False,UNIQUE,3.5,4.0,0.9649122807017544,1.0,2.5,3.5,163,0.3926380368098159,166,172,0.9651162790697676,25,0.36,25,25,1.0,2.5,3.5,2.5,3,False,,479,203515,68240,1|2|3|4,510,97,0.9479166666666666,82,0.987012987012987,12,12,12,13,13,13,179,170,85,26,25,13,False,False,False,False,0.3926|0.5000|0.7333|0.8895|0.9422|0.9600|0.9540|0.9651|0.9649|0.9649|0.9581|0.9641|0.9231|0.9286|0.8862|0.8810|0.8639
0021500651,01.22.2016.OKC.at.DAL,6.0,CLOCK_CALIBRATION_VALIDATED,CALIBRATED,HOLDOUT_PASS,ADEQUATE,False,UNIQUE,6.0,5.5,0.9805194805194806,2.0,3.5,5.5,149,0.3154362416107382,152,155,0.9806451612903224,18,0.3333333333333333,17,18,0.9444444444444444,2.0,4.5,2.5,4,False,,430,171416,61367,1|2|3|4,452,89,0.986842105263158,89,0.987012987012987,8,9,9,9,9,9,178,149,0,22,21,0,True,True,True,False,0.3154|0.5070|0.7517|0.9007|0.9412|0.9740|0.9673|0.9804|0.9739|0.9742|0.9739|0.9805|0.9806|0.9613|0.9412|0.9286|0.9085
0021500652,01.22.2016.IND.at.GSW,2.5,AMBIGUOUS_LEAD,CALIBRATED,HOLDOUT_PASS,ADEQUATE,True,TIE_2_SMALLEST_CHOSEN,2.5|4.5,4.5,0.9728260869565216,0.0,2.5,2.5,177,0.4180790960451977,179,184,0.9728260869565216,30,0.4333333333333333,30,30,1.0,1.0,2.5,2.5,3,False,,499,207101,71756,1|2|3|4,522,94,0.9787234042553192,91,0.9666666666666668,12,12,12,18,18,18,185,183,35,30,30,15,True,True,True,False,0.4181|0.6437|0.8626|0.9231|0.9454|0.9728|0.9563|0.9620|0.9565|0.9728|0.9459|0.9405|0.9130|0.8913|0.8595|0.8270|0.8108
0021500653,01.22.2016.SAS.at.LAL,5.0,AMBIGUOUS_LEAD,CALIBRATED,HOLDOUT_PASS,ADEQUATE,True,UNIQUE,5.0,4.0,0.970414201183432,2.0,3.0,5.0,164,0.2926829268292683,162,166,0.9759036144578314,16,0.25,17,17,1.0,1.0,3.5,3.0,2,False,,405,209289,71070,1|2|3|4,433,87,0.9770114942528736,82,0.975609756097561,7,6,7,10,10,10,169,169,161,17,16,15,False,False,False,False,0.2927|0.4364|0.6037|0.7866|0.8614|0.9226|0.9583|0.9645|0.9704|0.9643|0.9759|0.9643|0.9641|0.9527|0.9461|0.9226|0.8976
0021500655,01.23.2016.NYK.at.CHA,5.0,CLOCK_CALIBRATION_VALIDATED,CALIBRATED,HOLDOUT_PASS,ADEQUATE,False,UNIQUE,5.0,4.5,0.9741935483870968,1.5,5.0,3.5,150,0.3,151,154,0.9805194805194806,24,0.625,23,23,1.0,1.0,4.0,3.0,2,False,,491,216862,69204,1|2|3|4,509,81,0.9746835443037974,78,0.986842105263158,11,11,11,12,10,12,159,150,44,25,22,4,True,True,True,False,0.3000|0.4533|0.6467|0.8278|0.9221|0.9484|0.9608|0.9737|0.9737|0.9742|0.9805|0.9677|0.9677|0.9677|0.9539|0.9097|0.9032
0021500657,01.23.2016.MIL.at.NOP,4.0,CLOCK_CALIBRATION_VALIDATED,CALIBRATED,HOLDOUT_PASS,ADEQUATE,False,UNIQUE,4.0,4.5,0.9790209790209792,0.5,4.0,4.5,138,0.3768115942028985,140,142,0.9859154929577464,20,0.4,19,21,0.9047619047619048,1.0,2.0,3.5,1,False,,440,171865,56758,1|2|3|4,457,84,0.9866666666666668,84,1.0,11,11,12,8,8,9,168,142,1,26,21,0,True,True,True,False,0.3768|0.4745|0.6418|0.7429|0.8643|0.9291|0.9645|0.9787|0.9859|0.9790|0.9718|0.9571|0.9348|0.9353|0.9111|0.8750|0.8676
0021500658,01.23.2016.MEM.at.MIN,2.5,AMBIGUOUS_LEAD,CALIBRATED,HOLDOUT_PASS,ADEQUATE,True,UNIQUE,2.5,4.0,0.9851851851851852,1.5,2.5,4.0,130,0.4384615384615384,133,134,0.9925373134328358,26,0.3461538461538461,22,24,0.9166666666666666,1.5,2.0,2.0,2,False,,436,193925,64397,1|2|3|4,457,75,1.0,72,1.0,11,11,12,11,12,12,147,118,3,28,24,0,False,False,False,False,0.4385|0.6846|0.9545|0.9697|0.9851|0.9925|0.9778|0.9704|0.9852|0.9704|0.9627|0.9556|0.9333|0.9179|0.9030|0.8806|0.8947
0021500659,01.23.2016.CHI.at.CLE,0.0,NO_TRACKING_MOMENTS,NO_TRACKING_MOMENTS,NOT_ASSESSED,ADEQUATE,False,TIE_0_SMALLEST_CHOSEN,,0.5,0.0,0.0,0.0,0.0,0,,0,0,0.0,0,,0,0,,8.5,8.5,0.0,1,False,,466,0,0,,472,101,0.0,80,0.0,0,0,0,0,0,0,181,0,0,11,0,0,True,False,False,False,0.0000|0.0000|0.0000|0.0000|0.0000|0.0000|0.0000|0.0000|0.0000|0.0000|0.0000|0.0000|0.0000|0.0000|0.0000|0.0000|0.0000
0021500660,01.23.2016.ATL.at.PHX,3.0,AMBIGUOUS_LEAD,CALIBRATED,HOLDOUT_PASS,ADEQUATE,True,UNIQUE,3.0,4.0,0.9696969696969696,1.5,4.0,5.5,158,0.379746835443038,163,168,0.9702380952380952,33,0.2727272727272727,28,31,0.9032258064516128,1.0,3.0,3.0,3,False,,469,205255,67987,1|2|3|4,500,90,0.9886363636363636,79,0.9722222222222222,13,13,14,15,16,17,169,161,82,33,32,10,True,True,True,False,0.3797|0.5226|0.6625|0.7866|0.9042|0.9341|0.9702|0.9639|0.9697|0.9515|0.9512|0.9563|0.9317|0.9321|0.9125|0.9062|0.8994
0021500661,01.23.2016.DET.at.DEN,6.0,CLOCK_CALIBRATION_VALIDATED,CALIBRATED,HOLDOUT_PASS,ADEQUATE,False,UNIQUE,6.0,5.0,0.9496402877697842,0.0,6.0,6.0,135,0.2592592592592592,136,142,0.9577464788732394,20,0.3,18,19,0.9473684210526316,0.5,3.0,4.0,2,False,,457,172133,60534,1|2|3|4,477,83,0.9342105263157896,79,0.9848484848484848,10,10,11,8,8,8,162,141,3,24,22,0,True,True,True,False,0.2593|0.3284|0.4627|0.5639|0.7231|0.8074|0.8897|0.9203|0.9420|0.9424|0.9496|0.9496|0.9577|0.9433|0.9225|0.9220|0.8857
0021500662,01.23.2016.LAL.at.POR,3.0,CLOCK_CALIBRATION_VALIDATED,CALIBRATED,HOLDOUT_PASS,ADEQUATE,False,TIE_2_SMALLEST_CHOSEN,3.0|3.5,3.5,1.0,0.0,3.0,3.0,155,0.2967741935483871,159,159,1.0,26,0.3461538461538461,26,26,1.0,2.0,2.5,3.0,1,False,,435,211688,70922,1|2|3|4,456,81,1.0,81,1.0,15,15,15,11,11,11,162,159,124,26,26,13,False,False,False,False,0.2968|0.3725|0.5669|0.8038|0.9193|0.9625|1.0000|1.0000|0.9938|0.9938|0.9814|0.9752|0.9752|0.9688|0.9627|0.9441|0.9379
0021500663,01.23.2016.IND.at.SAC,4.5,CLOCK_CALIBRATION_VALIDATED,CALIBRATED,HOLDOUT_PASS,ADEQUATE,False,UNIQUE,4.5,5.0,0.9753086419753086,1.5,3.0,4.5,160,0.29375,160,164,0.975609756097561,23,0.391304347826087,24,24,1.0,2.5,3.5,2.5,2,False,,504,206370,66446,1|2|3|4,526,86,1.0,85,0.975,16,16,16,8,8,8,171,156,24,24,22,2,True,True,True,False,0.2938|0.4065|0.6039|0.7742|0.9259|0.9573|0.9695|0.9695|0.9695|0.9756|0.9753|0.9627|0.9500|0.9379|0.9371|0.9241|0.9057
