game_id,lead,to_agree_M0,to_n_M0,shot_agree_M0,shot_n_M0,to_agree_M1,to_n_M1,shot_agree_M1,shot_n_M1,to_agree_M2,to_n_M2,shot_agree_M2,shot_n_M2,taxonomy_class,lead_status,to_rate_M0,shot_rate_M0,to_rate_M1,shot_rate_M1,to_rate_M2,shot_rate_M2,to_M2_minus_M1
0021500001,4.0,15,30,52,164,28,30,170,177,28,30,170,177,FLAT_PLATEAU,CLOCK_CALIBRATION_VALIDATED,0.5,0.3170731707317073,0.9333333333333333,0.96045197740113,0.9333333333333333,0.96045197740113,0.0
0021500002,4.0,11,22,49,181,21,22,176,179,21,22,176,179,FLAT_PLATEAU,CLOCK_CALIBRATION_VALIDATED,0.5,0.27071823204419887,0.9545454545454546,0.9832402234636871,0.9545454545454546,0.9832402234636871,0.0
0021500003,5.0,21,37,54,169,35,37,165,175,33,38,169,176,SHARP_UNIMODAL,CLOCK_CALIBRATION_VALIDATED,0.5675675675675675,0.31952662721893493,0.9459459459459459,0.9428571428571428,0.868421052631579,0.9602272727272727,-0.07752489331436696
0021500004,3.0,11,29,75,172,29,29,173,178,28,29,174,178,FLAT_PLATEAU,CLOCK_CALIBRATION_VALIDATED,0.3793103448275862,0.436046511627907,1.0,0.9719101123595506,0.9655172413793104,0.9775280898876404,-0.03448275862068961
0021500005,5.0,19,38,50,164,38,39,160,167,38,39,165,168,SHARP_UNIMODAL,CLOCK_CALIBRATION_VALIDATED,0.5,0.3048780487804878,0.9743589743589743,0.9580838323353293,0.9743589743589743,0.9821428571428571,0.0
0021500007,6.0,15,21,50,144,21,21,138,147,22,22,143,147,SHARP_UNIMODAL,CLOCK_CALIBRATION_VALIDATED,0.7142857142857143,0.3472222222222222,1.0,0.9387755102040817,1.0,0.9727891156462585,0.0
0021500009,2.0,16,33,72,158,32,33,161,166,30,33,164,166,MULTIMODAL,AMBIGUOUS_LEAD,0.48484848484848486,0.45569620253164556,0.9696969696969697,0.9698795180722891,0.9090909090909091,0.9879518072289156,-0.06060606060606066
0021500010,4.0,15,34,54,154,32,35,164,165,32,35,164,165,FLAT_PLATEAU,CLOCK_CALIBRATION_VALIDATED,0.4411764705882353,0.35064935064935066,0.9142857142857143,0.9939393939393939,0.9142857142857143,0.9939393939393939,0.0
0021500011,3.0,20,35,41,157,30,33,164,166,31,33,164,166,MULTIMODAL,AMBIGUOUS_LEAD,0.5714285714285714,0.2611464968152866,0.9090909090909091,0.9879518072289156,0.9393939393939394,0.9879518072289156,0.030303030303030387
0021500012,4.5,9,27,49,170,28,28,166,173,28,28,167,173,SHARP_UNIMODAL,CLOCK_CALIBRATION_VALIDATED,0.3333333333333333,0.28823529411764703,1.0,0.9595375722543352,1.0,0.9653179190751445,0.0
0021500013,3.0,16,31,60,170,27,32,172,178,29,32,173,178,FLAT_PLATEAU,CLOCK_CALIBRATION_VALIDATED,0.5161290322580645,0.35294117647058826,0.84375,0.9662921348314607,0.90625,0.9719101123595506,0.0625
0021500015,4.0,9,23,41,173,23,23,173,177,23,23,173,177,MULTIMODAL,AMBIGUOUS_LEAD,0.391304347826087,0.23699421965317918,1.0,0.9774011299435028,1.0,0.9774011299435028,0.0
0021500016,4.0,9,31,37,166,30,31,162,172,30,31,162,172,SHARP_UNIMODAL,CLOCK_CALIBRATION_VALIDATED,0.2903225806451613,0.22289156626506024,0.967741935483871,0.9418604651162791,0.967741935483871,0.9418604651162791,0.0
0021500017,6.5,15,21,44,169,19,20,159,170,17,21,166,171,FLAT_PLATEAU,CLOCK_CALIBRATION_VALIDATED,0.7142857142857143,0.2603550295857988,0.95,0.9352941176470588,0.8095238095238095,0.9707602339181286,-0.14047619047619042
0021500018,3.5,14,33,44,147,27,33,148,151,29,33,151,154,FLAT_PLATEAU,CLOCK_CALIBRATION_VALIDATED,0.42424242424242425,0.29931972789115646,0.8181818181818182,0.9801324503311258,0.8787878787878788,0.9805194805194806,0.06060606060606055
0021500019,2.5,14,35,95,163,31,35,171,175,32,36,171,174,FLAT_PLATEAU,CLOCK_CALIBRATION_VALIDATED,0.4,0.5828220858895705,0.8857142857142857,0.9771428571428571,0.8888888888888888,0.9827586206896551,0.0031746031746031633
0021500020,5.5,10,20,36,180,19,20,170,182,16,19,174,182,DRIFTING,DRIFTING_LEAD,0.5,0.2,0.95,0.9340659340659341,0.8421052631578947,0.9560439560439561,-0.10789473684210527
0021500021,6.0,12,23,37,153,22,23,142,152,19,22,148,152,MULTIMODAL,AMBIGUOUS_LEAD,0.5217391304347826,0.24183006535947713,0.9565217391304348,0.9342105263157895,0.8636363636363636,0.9736842105263158,-0.09288537549407117
0021500022,3.5,15,34,56,180,33,34,178,185,34,34,182,187,FLAT_PLATEAU,CLOCK_CALIBRATION_VALIDATED,0.4411764705882353,0.3111111111111111,0.9705882352941176,0.9621621621621622,1.0,0.9732620320855615,0.02941176470588236
0021500023,4.0,4,24,38,135,19,20,139,139,19,20,139,139,FLAT_PLATEAU,CLOCK_CALIBRATION_VALIDATED,0.16666666666666666,0.2814814814814815,0.95,1.0,0.95,1.0,0.0
0021500024,3.0,15,38,65,163,35,38,157,166,36,38,160,167,SHARP_UNIMODAL,CLOCK_CALIBRATION_VALIDATED,0.39473684210526316,0.3987730061349693,0.9210526315789473,0.9457831325301205,0.9473684210526315,0.9580838323353293,0.02631578947368418
0021500025,6.0,14,31,41,180,30,33,164,186,28,32,174,187,SHARP_UNIMODAL,CLOCK_CALIBRATION_VALIDATED,0.45161290322580644,0.22777777777777777,0.9090909090909091,0.8817204301075269,0.875,0.93048128342246,-0.03409090909090906
0021500026,3.5,15,31,61,161,31,32,166,169,31,32,166,169,FLAT_PLATEAU,CLOCK_CALIBRATION_VALIDATED,0.4838709677419355,0.37888198757763975,0.96875,0.9822485207100592,0.96875,0.9822485207100592,0.0
0021500027,4.5,18,37,35,138,32,35,135,140,33,35,136,140,MULTIMODAL,AMBIGUOUS_LEAD,0.4864864864864865,0.2536231884057971,0.9142857142857143,0.9642857142857143,0.9428571428571428,0.9714285714285714,0.02857142857142858
0021500028,5.5,15,29,30,137,26,28,135,141,24,28,143,146,SHARP_UNIMODAL,CLOCK_CALIBRATION_VALIDATED,0.5172413793103449,0.21897810218978103,0.9285714285714286,0.9574468085106383,0.8571428571428571,0.9794520547945206,-0.07142857142857151
0021500029,5.0,19,31,48,160,27,30,158,163,27,30,162,165,MULTIMODAL,AMBIGUOUS_LEAD,0.6129032258064516,0.3,0.9,0.9693251533742331,0.9,0.9818181818181818,0.0
0021500031,5.0,14,32,49,177,28,31,177,185,28,33,179,184,FLAT_PLATEAU,CLOCK_CALIBRATION_VALIDATED,0.4375,0.2768361581920904,0.9032258064516129,0.9567567567567568,0.8484848484848485,0.9728260869565217,-0.05474095796676437
0021500032,4.0,16,41,42,161,38,40,159,162,38,40,159,162,SHARP_UNIMODAL,CLOCK_CALIBRATION_VALIDATED,0.3902439024390244,0.2608695652173913,0.95,0.9814814814814815,0.95,0.9814814814814815,0.0
0021500033,3.5,16,40,43,150,38,38,150,156,39,39,151,156,MULTIMODAL,AMBIGUOUS_LEAD,0.4,0.2866666666666667,1.0,0.9615384615384616,1.0,0.967948717948718,0.0
0021500034,4.5,14,35,48,161,32,33,155,161,30,33,157,161,SHARP_UNIMODAL,CLOCK_CALIBRATION_VALIDATED,0.4,0.2981366459627329,0.9696969696969697,0.9627329192546584,0.9090909090909091,0.9751552795031055,-0.06060606060606066
0021500035,5.0,9,23,45,178,25,25,164,178,25,25,171,178,SHARP_UNIMODAL,CLOCK_CALIBRATION_VALIDATED,0.391304347826087,0.25280898876404495,1.0,0.9213483146067416,1.0,0.9606741573033708,0.0
0021500036,4.5,9,21,37,147,19,21,157,159,19,21,158,159,FLAT_PLATEAU,CLOCK_CALIBRATION_VALIDATED,0.42857142857142855,0.25170068027210885,0.9047619047619048,0.9874213836477987,0.9047619047619048,0.9937106918238994,0.0
0021500037,6.0,7,28,36,165,27,28,160,168,24,28,160,165,FLAT_PLATEAU,CLOCK_CALIBRATION_VALIDATED,0.25,0.21818181818181817,0.9642857142857143,0.9523809523809523,0.8571428571428571,0.9696969696969697,-0.1071428571428572
0021500038,7.0,14,30,38,177,30,30,151,176,24,30,162,177,MULTIMODAL,AMBIGUOUS_LEAD,0.4666666666666667,0.21468926553672316,1.0,0.8579545454545454,0.8,0.9152542372881356,-0.19999999999999996
0021500039,6.0,7,22,47,164,18,22,164,174,19,22,167,173,MULTIMODAL,AMBIGUOUS_LEAD,0.3181818181818182,0.2865853658536585,0.8181818181818182,0.9425287356321839,0.8636363636363636,0.9653179190751445,0.045454545454545414
0021500040,6.0,12,30,50,169,28,30,160,170,29,30,160,166,DRIFTING,AMBIGUOUS_LEAD,0.4,0.2958579881656805,0.9333333333333333,0.9411764705882353,0.9666666666666667,0.963855421686747,0.033333333333333326
0021500041,4.5,8,29,45,155,28,29,151,161,27,29,156,162,FLAT_PLATEAU,CLOCK_CALIBRATION_VALIDATED,0.27586206896551724,0.2903225806451613,0.9655172413793104,0.937888198757764,0.9310344827586207,0.9629629629629629,-0.034482758620689724
0021500042,6.0,12,30,55,152,28,29,149,157,28,30,154,158,FLAT_PLATEAU,CLOCK_CALIBRATION_VALIDATED,0.4,0.3618421052631579,0.9655172413793104,0.9490445859872612,0.9333333333333333,0.9746835443037974,-0.03218390804597704
0021500043,4.0,9,29,55,173,28,29,174,176,28,29,174,176,FLAT_PLATEAU,CLOCK_CALIBRATION_VALIDATED,0.3103448275862069,0.3179190751445087,0.9655172413793104,0.9886363636363636,0.9655172413793104,0.9886363636363636,0.0
0021500044,4.0,17,32,63,170,29,32,173,178,29,32,173,178,MULTIMODAL,AMBIGUOUS_LEAD,0.53125,0.37058823529411766,0.90625,0.9719101123595506,0.90625,0.9719101123595506,0.0
0021500045,5.5,10,22,31,166,21,22,155,165,21,22,156,164,FLAT_PLATEAU,CLOCK_CALIBRATION_VALIDATED,0.45454545454545453,0.18674698795180722,0.9545454545454546,0.9393939393939394,0.9545454545454546,0.9512195121951219,0.0
0021500046,2.5,17,29,65,158,26,29,154,158,26,29,158,162,MULTIMODAL,AMBIGUOUS_LEAD,0.5862068965517241,0.41139240506329117,0.896551724137931,0.9746835443037974,0.896551724137931,0.9753086419753086,0.0
0021500047,3.5,20,31,53,150,29,32,142,149,30,32,144,151,FLAT_PLATEAU,CLOCK_CALIBRATION_VALIDATED,0.6451612903225806,0.35333333333333333,0.90625,0.9530201342281879,0.9375,0.9536423841059603,0.03125
0021500048,4.0,10,23,58,159,21,23,166,168,21,23,166,168,FLAT_PLATEAU,CLOCK_CALIBRATION_VALIDATED,0.43478260869565216,0.36477987421383645,0.9130434782608695,0.9880952380952381,0.9130434782608695,0.9880952380952381,0.0
0021500049,2.5,10,31,53,157,31,34,146,157,32,34,150,159,FLAT_PLATEAU,CLOCK_CALIBRATION_VALIDATED,0.3225806451612903,0.3375796178343949,0.9117647058823529,0.9299363057324841,0.9411764705882353,0.9433962264150944,0.02941176470588236
0021500050,3.0,12,31,60,158,30,31,160,164,30,31,164,166,FLAT_PLATEAU,CLOCK_CALIBRATION_VALIDATED,0.3870967741935484,0.379746835443038,0.967741935483871,0.975609756097561,0.967741935483871,0.9879518072289156,0.0
0021500051,6.0,7,24,44,170,24,25,167,177,19,24,168,177,DRIFTING,HOLDOUT_FAIL,0.2916666666666667,0.25882352941176473,0.96,0.943502824858757,0.7916666666666666,0.9491525423728814,-0.16833333333333333
0021500052,6.5,8,19,38,172,18,19,143,173,17,20,160,176,MULTIMODAL,AMBIGUOUS_LEAD,0.42105263157894735,0.22093023255813954,0.9473684210526315,0.8265895953757225,0.85,0.9090909090909091,-0.09736842105263155
0021500053,4.0,8,21,45,169,19,21,173,178,19,21,173,178,FLAT_PLATEAU,CLOCK_CALIBRATION_VALIDATED,0.38095238095238093,0.26627218934911245,0.9047619047619048,0.9719101123595506,0.9047619047619048,0.9719101123595506,0.0
0021500054,5.0,13,37,42,169,37,37,151,165,36,37,156,168,FLAT_PLATEAU,CLOCK_CALIBRATION_VALIDATED,0.35135135135135137,0.2485207100591716,1.0,0.9151515151515152,0.972972972972973,0.9285714285714286,-0.027027027027026973
0021500055,5.0,11,33,50,172,30,32,164,174,31,32,165,173,DRIFTING,DRIFTING_LEAD,0.3333333333333333,0.29069767441860467,0.9375,0.9425287356321839,0.96875,0.953757225433526,0.03125
0021500056,4.0,12,31,31,167,30,31,170,174,30,31,170,174,FLAT_PLATEAU,CLOCK_CALIBRATION_VALIDATED,0.3870967741935484,0.18562874251497005,0.967741935483871,0.9770114942528736,0.967741935483871,0.9770114942528736,0.0
0021500057,2.0,15,28,48,146,28,28,138,144,25,27,144,146,FLAT_PLATEAU,CLOCK_CALIBRATION_VALIDATED,0.5357142857142857,0.3287671232876712,1.0,0.9583333333333334,0.9259259259259259,0.9863013698630136,-0.07407407407407407
0021500058,3.5,13,28,32,143,26,26,141,143,26,26,141,142,SHARP_UNIMODAL,CLOCK_CALIBRATION_VALIDATED,0.4642857142857143,0.22377622377622378,1.0,0.986013986013986,1.0,0.9929577464788732,0.0
0021500059,4.5,10,23,49,160,23,23,159,164,23,23,160,165,FLAT_PLATEAU,CLOCK_CALIBRATION_VALIDATED,0.43478260869565216,0.30625,1.0,0.9695121951219512,1.0,0.9696969696969697,0.0
0021500060,2.5,5,28,41,139,29,30,141,146,26,29,142,144,DRIFTING,AMBIGUOUS_LEAD,0.17857142857142858,0.2949640287769784,0.9666666666666667,0.9657534246575342,0.896551724137931,0.9861111111111112,-0.07011494252873562
0021500061,3.5,12,27,35,128,26,27,131,135,26,27,133,136,SHARP_UNIMODAL,CLOCK_CALIBRATION_VALIDATED,0.4444444444444444,0.2734375,0.9629629629629629,0.9703703703703703,0.9629629629629629,0.9779411764705882,0.0
0021500062,3.0,9,31,60,149,30,31,148,155,31,32,149,155,FLAT_PLATEAU,CLOCK_CALIBRATION_VALIDATED,0.2903225806451613,0.40268456375838924,0.967741935483871,0.9548387096774194,0.96875,0.9612903225806452,0.0010080645161290036
0021500063,6.5,5,16,34,142,16,16,133,143,15,16,139,140,SHARP_UNIMODAL,CLOCK_CALIBRATION_VALIDATED,0.3125,0.23943661971830985,1.0,0.9300699300699301,0.9375,0.9928571428571429,-0.0625
0021500064,2.5,15,31,61,154,28,30,154,159,29,31,156,161,FLAT_PLATEAU,CLOCK_CALIBRATION_VALIDATED,0.4838709677419355,0.3961038961038961,0.9333333333333333,0.9685534591194969,0.9354838709677419,0.968944099378882,0.0021505376344085336
0021500065,5.0,10,24,49,149,22,23,148,153,22,23,149,153,FLAT_PLATEAU,CLOCK_CALIBRATION_VALIDATED,0.4166666666666667,0.3288590604026846,0.9565217391304348,0.9673202614379085,0.9565217391304348,0.9738562091503268,0.0
0021500066,4.0,13,32,62,149,28,31,159,159,28,31,159,159,FLAT_PLATEAU,CLOCK_CALIBRATION_VALIDATED,0.40625,0.4161073825503356,0.9032258064516129,1.0,0.9032258064516129,1.0,0.0
0021500067,4.0,9,34,51,146,31,34,154,155,31,34,154,155,SHARP_UNIMODAL,CLOCK_CALIBRATION_VALIDATED,0.2647058823529412,0.3493150684931507,0.9117647058823529,0.9935483870967742,0.9117647058823529,0.9935483870967742,0.0
0021500068,7.0,7,28,47,159,27,27,159,164,21,28,161,165,DRIFTING,HOLDOUT_FAIL,0.25,0.29559748427672955,1.0,0.9695121951219512,0.75,0.9757575757575757,-0.25
0021500069,4.5,7,21,45,168,20,23,163,173,21,23,167,173,DRIFTING,DRIFTING_LEAD,0.3333333333333333,0.26785714285714285,0.8695652173913043,0.9421965317919075,0.9130434782608695,0.9653179190751445,0.04347826086956519
0021500070,5.5,4,15,50,159,14,14,151,158,13,14,154,157,SHARP_UNIMODAL,CLOCK_CALIBRATION_VALIDATED,0.26666666666666666,0.31446540880503143,1.0,0.9556962025316456,0.9285714285714286,0.9808917197452229,-0.0714285714285714
0021500071,2.0,18,32,48,150,32,32,147,154,32,32,150,154,MULTIMODAL,AMBIGUOUS_LEAD,0.5625,0.32,1.0,0.9545454545454546,1.0,0.974025974025974,0.0
0021500072,2.5,6,23,52,164,23,24,165,170,24,24,166,169,FLAT_PLATEAU,CLOCK_CALIBRATION_VALIDATED,0.2608695652173913,0.3170731707317073,0.9583333333333334,0.9705882352941176,1.0,0.9822485207100592,0.04166666666666663
0021500073,5.5,8,23,39,152,21,23,141,150,21,23,148,150,SHARP_UNIMODAL,CLOCK_CALIBRATION_VALIDATED,0.34782608695652173,0.2565789473684211,0.9130434782608695,0.94,0.9130434782608695,0.9866666666666667,0.0
0021500074,5.5,7,16,45,159,15,16,153,161,12,15,159,161,FLAT_PLATEAU,CLOCK_CALIBRATION_VALIDATED,0.4375,0.2830188679245283,0.9375,0.9503105590062112,0.8,0.9875776397515528,-0.13749999999999996
0021500075,4.0,9,18,50,132,18,18,134,136,18,18,134,136,SHARP_UNIMODAL,CLOCK_CALIBRATION_VALIDATED,0.5,0.3787878787878788,1.0,0.9852941176470589,1.0,0.9852941176470589,0.0
0021500076,4.0,11,36,61,171,33,37,161,172,33,37,161,172,SHARP_UNIMODAL,CLOCK_CALIBRATION_VALIDATED,0.3055555555555556,0.3567251461988304,0.8918918918918919,0.936046511627907,0.8918918918918919,0.936046511627907,0.0
0021500077,4.0,11,26,56,162,27,28,154,159,27,28,154,159,SHARP_UNIMODAL,CLOCK_CALIBRATION_VALIDATED,0.4230769230769231,0.345679012345679,0.9642857142857143,0.9685534591194969,0.9642857142857143,0.9685534591194969,0.0
0021500078,6.0,6,26,27,133,20,24,129,136,20,23,134,137,FLAT_PLATEAU,CLOCK_CALIBRATION_VALIDATED,0.23076923076923078,0.20300751879699247,0.8333333333333334,0.9485294117647058,0.8695652173913043,0.9781021897810219,0.03623188405797095
0021500079,4.0,11,26,77,153,24,27,157,161,24,27,157,161,MULTIMODAL,AMBIGUOUS_LEAD,0.4230769230769231,0.5032679738562091,0.8888888888888888,0.9751552795031055,0.8888888888888888,0.9751552795031055,0.0
0021500080,7.0,7,20,25,141,20,22,139,144,19,22,138,141,FLAT_PLATEAU,CLOCK_CALIBRATION_VALIDATED,0.35,0.1773049645390071,0.9090909090909091,0.9652777777777778,0.8636363636363636,0.9787234042553191,-0.045454545454545414
0021500081,4.0,8,27,36,144,25,26,145,150,25,26,145,150,FLAT_PLATEAU,CLOCK_CALIBRATION_VALIDATED,0.2962962962962963,0.25,0.9615384615384616,0.9666666666666667,0.9615384615384616,0.9666666666666667,0.0
0021500082,4.5,8,28,38,143,24,26,144,148,24,26,145,147,SHARP_UNIMODAL,CLOCK_CALIBRATION_VALIDATED,0.2857142857142857,0.26573426573426573,0.9230769230769231,0.972972972972973,0.9230769230769231,0.9863945578231292,0.0
0021500083,6.5,19,38,44,178,37,39,171,184,35,39,173,182,DRIFTING,DRIFTING_LEAD,0.5,0.24719101123595505,0.9487179487179487,0.9293478260869565,0.8974358974358975,0.9505494505494505,-0.05128205128205121
0021500084,4.0,12,35,46,164,31,34,162,167,31,34,162,167,FLAT_PLATEAU,CLOCK_CALIBRATION_VALIDATED,0.34285714285714286,0.2804878048780488,0.9117647058823529,0.9700598802395209,0.9117647058823529,0.9700598802395209,0.0
0021500085,3.0,15,32,45,172,31,32,171,177,31,32,172,177,DRIFTING,DRIFTING_LEAD,0.46875,0.2616279069767442,0.96875,0.9661016949152542,0.96875,0.9717514124293786,0.0
0021500086,3.0,12,34,39,152,31,35,150,158,32,35,152,159,FLAT_PLATEAU,CLOCK_CALIBRATION_VALIDATED,0.35294117647058826,0.2565789473684211,0.8857142857142857,0.9493670886075949,0.9142857142857143,0.9559748427672956,0.02857142857142858
0021500087,4.5,11,25,67,146,24,26,149,154,23,25,150,154,MULTIMODAL,AMBIGUOUS_LEAD,0.44,0.4589041095890411,0.9230769230769231,0.9675324675324676,0.92,0.974025974025974,-0.003076923076923088
0021500088,2.0,8,21,50,157,20,20,155,160,20,21,157,160,FLAT_PLATEAU,CLOCK_CALIBRATION_VALIDATED,0.38095238095238093,0.3184713375796178,1.0,0.96875,0.9523809523809523,0.98125,-0.04761904761904767
0021500089,4.5,11,27,44,136,27,28,136,138,27,28,136,137,SHARP_UNIMODAL,CLOCK_CALIBRATION_VALIDATED,0.4074074074074074,0.3235294117647059,0.9642857142857143,0.9855072463768116,0.9642857142857143,0.9927007299270073,0.0
0021500090,3.5,11,21,30,123,20,22,125,132,20,21,127,132,DRIFTING,DRIFTING_LEAD,0.5238095238095238,0.24390243902439024,0.9090909090909091,0.946969696969697,0.9523809523809523,0.9621212121212122,0.04329004329004327
0021500091,5.0,17,34,34,158,31,35,155,164,27,35,159,164,SHARP_UNIMODAL,HOLDOUT_FAIL,0.5,0.21518987341772153,0.8857142857142857,0.9451219512195121,0.7714285714285715,0.9695121951219512,-0.11428571428571421
0021500092,3.5,12,39,58,163,35,38,158,168,37,38,162,169,FLAT_PLATEAU,CLOCK_CALIBRATION_VALIDATED,0.3076923076923077,0.3558282208588957,0.9210526315789473,0.9404761904761905,0.9736842105263158,0.9585798816568047,0.052631578947368474
0021500093,5.5,8,25,52,166,26,26,156,164,23,26,157,164,DRIFTING,DRIFTING_LEAD,0.32,0.3132530120481928,1.0,0.9512195121951219,0.8846153846153846,0.9573170731707317,-0.11538461538461542
0021500094,4.5,4,17,42,170,16,16,166,173,16,16,168,172,SHARP_UNIMODAL,CLOCK_CALIBRATION_VALIDATED,0.23529411764705882,0.24705882352941178,1.0,0.9595375722543352,1.0,0.9767441860465116,0.0
0021500095,4.0,6,18,64,160,15,17,175,176,15,17,175,176,SHARP_UNIMODAL,CLOCK_CALIBRATION_VALIDATED,0.3333333333333333,0.4,0.8823529411764706,0.9943181818181818,0.8823529411764706,0.9943181818181818,0.0
0021500096,5.5,11,26,39,154,25,26,143,154,25,26,144,153,FLAT_PLATEAU,CLOCK_CALIBRATION_VALIDATED,0.4230769230769231,0.2532467532467532,0.9615384615384616,0.9285714285714286,0.9615384615384616,0.9411764705882353,0.0
0021500097,3.0,17,38,66,166,36,36,174,178,35,36,175,178,SHARP_UNIMODAL,CLOCK_CALIBRATION_VALIDATED,0.4473684210526316,0.39759036144578314,1.0,0.9775280898876404,0.9722222222222222,0.9831460674157303,-0.02777777777777779
0021500098,3.5,10,30,41,163,29,30,165,172,29,31,164,169,FLAT_PLATEAU,CLOCK_CALIBRATION_VALIDATED,0.3333333333333333,0.25153374233128833,0.9666666666666667,0.9593023255813954,0.9354838709677419,0.9704142011834319,-0.031182795698924792
0021500099,4.0,13,39,40,144,38,39,152,153,38,39,152,153,FLAT_PLATEAU,CLOCK_CALIBRATION_VALIDATED,0.3333333333333333,0.2777777777777778,0.9743589743589743,0.9934640522875817,0.9743589743589743,0.9934640522875817,0.0
0021500101,4.5,14,36,54,160,35,36,162,166,35,36,163,166,FLAT_PLATEAU,CLOCK_CALIBRATION_VALIDATED,0.3888888888888889,0.3375,0.9722222222222222,0.9759036144578314,0.9722222222222222,0.9819277108433735,0.0
0021500102,4.0,15,23,47,160,22,23,161,168,22,23,161,168,DRIFTING,DRIFTING_LEAD,0.6521739130434783,0.29375,0.9565217391304348,0.9583333333333334,0.9565217391304348,0.9583333333333334,0.0
0021500103,3.5,11,35,42,164,32,35,167,169,32,35,167,169,FLAT_PLATEAU,CLOCK_CALIBRATION_VALIDATED,0.3142857142857143,0.25609756097560976,0.9142857142857143,0.9881656804733728,0.9142857142857143,0.9881656804733728,0.0
0021500104,4.5,16,36,55,168,33,34,169,176,32,34,169,175,FLAT_PLATEAU,CLOCK_CALIBRATION_VALIDATED,0.4444444444444444,0.3273809523809524,0.9705882352941176,0.9602272727272727,0.9411764705882353,0.9657142857142857,-0.02941176470588236
0021500105,5.5,14,32,39,145,30,32,139,146,29,32,140,147,FLAT_PLATEAU,CLOCK_CALIBRATION_VALIDATED,0.4375,0.2689655172413793,0.9375,0.952054794520548,0.90625,0.9523809523809523,-0.03125
0021500106,4.5,7,29,28,149,29,30,140,147,30,31,143,149,FLAT_PLATEAU,CLOCK_CALIBRATION_VALIDATED,0.2413793103448276,0.18791946308724833,0.9666666666666667,0.9523809523809523,0.967741935483871,0.959731543624161,0.0010752688172043223
0021500107,4.5,4,16,49,149,14,15,149,154,14,15,148,152,DRIFTING,AMBIGUOUS_LEAD,0.25,0.3288590604026846,0.9333333333333333,0.9675324675324676,0.9333333333333333,0.9736842105263158,0.0
0021500108,3.5,8,26,46,156,26,26,151,156,25,26,153,156,SHARP_UNIMODAL,CLOCK_CALIBRATION_VALIDATED,0.3076923076923077,0.2948717948717949,1.0,0.967948717948718,0.9615384615384616,0.9807692307692307,-0.038461538461538436
0021500109,4.5,8,19,65,169,17,18,166,176,17,20,172,175,SHARP_UNIMODAL,CLOCK_CALIBRATION_VALIDATED,0.42105263157894735,0.38461538461538464,0.9444444444444444,0.9431818181818182,0.85,0.9828571428571429,-0.09444444444444444
0021500110,5.5,5,29,46,156,26,28,147,154,27,28,153,155,FLAT_PLATEAU,CLOCK_CALIBRATION_VALIDATED,0.1724137931034483,0.2948717948717949,0.9285714285714286,0.9545454545454546,0.9642857142857143,0.9870967741935484,0.0357142857142857
0021500111,4.0,22,38,50,145,36,38,157,158,36,38,157,158,MULTIMODAL,AMBIGUOUS_LEAD,0.5789473684210527,0.3448275862068966,0.9473684210526315,0.9936708860759493,0.9473684210526315,0.9936708860759493,0.0
0021500112,4.5,11,22,40,172,21,24,176,180,21,24,177,180,FLAT_PLATEAU,CLOCK_CALIBRATION_VALIDATED,0.5,0.23255813953488372,0.875,0.9777777777777777,0.875,0.9833333333333333,0.0
0021500113,5.0,5,19,48,160,19,21,162,170,18,21,165,170,FLAT_PLATEAU,CLOCK_CALIBRATION_VALIDATED,0.2631578947368421,0.3,0.9047619047619048,0.9529411764705882,0.8571428571428571,0.9705882352941176,-0.04761904761904767
0021500114,5.0,7,19,41,167,19,20,167,176,18,20,172,176,FLAT_PLATEAU,CLOCK_CALIBRATION_VALIDATED,0.3684210526315789,0.24550898203592814,0.95,0.9488636363636364,0.9,0.9772727272727273,-0.04999999999999993
0021500115,4.0,7,18,50,162,16,17,168,172,16,17,168,172,FLAT_PLATEAU,CLOCK_CALIBRATION_VALIDATED,0.3888888888888889,0.30864197530864196,0.9411764705882353,0.9767441860465116,0.9411764705882353,0.9767441860465116,0.0
0021500116,2.5,18,36,43,147,33,36,151,156,33,36,152,154,MULTIMODAL,AMBIGUOUS_LEAD,0.5,0.2925170068027211,0.9166666666666666,0.967948717948718,0.9166666666666666,0.987012987012987,0.0
0021500117,4.5,17,31,50,166,26,31,165,168,26,31,166,168,DRIFTING,AMBIGUOUS_LEAD,0.5483870967741935,0.30120481927710846,0.8387096774193549,0.9821428571428571,0.8387096774193549,0.9880952380952381,0.0
0021500118,4.0,8,21,41,148,21,21,155,157,21,21,155,157,SHARP_UNIMODAL,CLOCK_CALIBRATION_VALIDATED,0.38095238095238093,0.27702702702702703,1.0,0.9872611464968153,1.0,0.9872611464968153,0.0
0021500119,5.0,6,18,67,185,16,17,188,196,16,17,189,194,FLAT_PLATEAU,CLOCK_CALIBRATION_VALIDATED,0.3333333333333333,0.3621621621621622,0.9411764705882353,0.9591836734693877,0.9411764705882353,0.9742268041237113,0.0
0021500120,4.5,16,43,45,133,42,43,136,143,42,44,138,145,DRIFTING,AMBIGUOUS_LEAD,0.37209302325581395,0.3383458646616541,0.9767441860465116,0.951048951048951,0.9545454545454546,0.9517241379310345,-0.022198731501057
0021500121,5.5,10,29,51,153,27,30,143,157,27,30,148,158,FLAT_PLATEAU,CLOCK_CALIBRATION_VALIDATED,0.3448275862068966,0.3333333333333333,0.9,0.910828025477707,0.9,0.9367088607594937,0.0
0021500122,4.5,16,34,35,161,32,33,153,159,31,33,154,158,SHARP_UNIMODAL,CLOCK_CALIBRATION_VALIDATED,0.47058823529411764,0.21739130434782608,0.9696969696969697,0.9622641509433962,0.9393939393939394,0.9746835443037974,-0.030303030303030276
0021500123,6.0,7,19,28,161,19,20,161,169,18,19,166,168,FLAT_PLATEAU,CLOCK_CALIBRATION_VALIDATED,0.3684210526315789,0.17391304347826086,0.95,0.9526627218934911,0.9473684210526315,0.9880952380952381,-0.0026315789473684292
0021500124,4.5,7,24,65,163,24,25,161,166,24,25,162,166,SHARP_UNIMODAL,CLOCK_CALIBRATION_VALIDATED,0.2916666666666667,0.3987730061349693,0.96,0.9698795180722891,0.96,0.9759036144578314,0.0
0021500125,5.0,9,24,59,165,22,24,172,176,22,24,175,176,DRIFTING,DRIFTING_LEAD,0.375,0.3575757575757576,0.9166666666666666,0.9772727272727273,0.9166666666666666,0.9943181818181818,0.0
0021500126,3.0,6,32,57,164,31,32,161,170,32,33,166,169,SHARP_UNIMODAL,CLOCK_CALIBRATION_VALIDATED,0.1875,0.3475609756097561,0.96875,0.9470588235294117,0.9696969696969697,0.9822485207100592,0.0009469696969697239
0021500127,4.5,8,23,40,162,22,22,159,162,21,22,162,164,FLAT_PLATEAU,CLOCK_CALIBRATION_VALIDATED,0.34782608695652173,0.24691358024691357,1.0,0.9814814814814815,0.9545454545454546,0.9878048780487805,-0.045454545454545414
0021500128,3.5,13,37,48,154,36,37,160,162,36,37,161,162,SHARP_UNIMODAL,CLOCK_CALIBRATION_VALIDATED,0.35135135135135137,0.3116883116883117,0.972972972972973,0.9876543209876543,0.972972972972973,0.9938271604938271,0.0
0021500129,3.5,13,26,57,172,25,26,171,177,25,26,172,178,DRIFTING,DRIFTING_LEAD,0.5,0.3313953488372093,0.9615384615384616,0.9661016949152542,0.9615384615384616,0.9662921348314607,0.0
0021500130,2.5,11,26,71,145,23,26,151,157,23,26,152,157,MULTIMODAL,AMBIGUOUS_LEAD,0.4230769230769231,0.4896551724137931,0.8846153846153846,0.9617834394904459,0.8846153846153846,0.9681528662420382,0.0
0021500131,5.0,11,29,35,150,28,28,153,157,26,28,155,156,SHARP_UNIMODAL,CLOCK_CALIBRATION_VALIDATED,0.3793103448275862,0.23333333333333334,1.0,0.9745222929936306,0.9285714285714286,0.9935897435897436,-0.0714285714285714
0021500132,4.5,5,17,31,172,17,17,171,178,17,17,174,179,SHARP_UNIMODAL,CLOCK_CALIBRATION_VALIDATED,0.29411764705882354,0.18023255813953487,1.0,0.9606741573033708,1.0,0.9720670391061452,0.0
0021500133,6.0,12,28,42,149,28,30,148,153,26,30,152,154,MULTIMODAL,AMBIGUOUS_LEAD,0.42857142857142855,0.28187919463087246,0.9333333333333333,0.9673202614379085,0.8666666666666667,0.987012987012987,-0.06666666666666665
0021500134,3.5,11,30,65,169,27,29,180,183,29,30,180,183,SHARP_UNIMODAL,CLOCK_CALIBRATION_VALIDATED,0.36666666666666664,0.38461538461538464,0.9310344827586207,0.9836065573770492,0.9666666666666667,0.9836065573770492,0.03563218390804601
0021500135,2.5,15,33,45,141,31,32,148,150,32,32,150,151,FLAT_PLATEAU,CLOCK_CALIBRATION_VALIDATED,0.45454545454545453,0.3191489361702128,0.96875,0.9866666666666667,1.0,0.9933774834437086,0.03125
0021500136,5.0,15,38,42,151,35,38,145,156,34,38,149,158,FLAT_PLATEAU,CLOCK_CALIBRATION_VALIDATED,0.39473684210526316,0.2781456953642384,0.9210526315789473,0.9294871794871795,0.8947368421052632,0.9430379746835443,-0.02631578947368418
0021500137,4.5,10,29,49,176,25,27,173,178,24,26,176,180,FLAT_PLATEAU,CLOCK_CALIBRATION_VALIDATED,0.3448275862068966,0.2784090909090909,0.9259259259259259,0.9719101123595506,0.9230769230769231,0.9777777777777777,-0.002849002849002802
0021500138,7.5,17,28,35,148,28,28,144,151,25,28,152,153,DRIFTING,AMBIGUOUS_LEAD,0.6071428571428571,0.23648648648648649,1.0,0.9536423841059603,0.8928571428571429,0.9934640522875817,-0.1071428571428571
0021500139,4.0,8,22,39,148,20,21,149,152,20,21,149,152,SHARP_UNIMODAL,CLOCK_CALIBRATION_VALIDATED,0.36363636363636365,0.2635135135135135,0.9523809523809523,0.9802631578947368,0.9523809523809523,0.9802631578947368,0.0
0021500140,3.5,7,22,45,163,22,22,163,167,22,22,165,167,FLAT_PLATEAU,CLOCK_CALIBRATION_VALIDATED,0.3181818181818182,0.27607361963190186,1.0,0.9760479041916168,1.0,0.9880239520958084,0.0
0021500141,5.5,15,28,50,160,27,28,152,162,27,29,154,161,FLAT_PLATEAU,CLOCK_CALIBRATION_VALIDATED,0.5357142857142857,0.3125,0.9642857142857143,0.9382716049382716,0.9310344827586207,0.9565217391304348,-0.03325123152709364
0021500142,3.0,11,28,50,162,27,28,163,167,26,28,164,167,FLAT_PLATEAU,CLOCK_CALIBRATION_VALIDATED,0.39285714285714285,0.30864197530864196,0.9642857142857143,0.9760479041916168,0.9285714285714286,0.9820359281437125,-0.0357142857142857
0021500143,3.0,14,30,48,172,25,27,165,174,26,27,169,176,SHARP_UNIMODAL,CLOCK_CALIBRATION_VALIDATED,0.4666666666666667,0.27906976744186046,0.9259259259259259,0.9482758620689655,0.9629629629629629,0.9602272727272727,0.03703703703703698
0021500144,3.5,7,25,44,185,22,25,182,192,22,25,181,190,FLAT_PLATEAU,CLOCK_CALIBRATION_VALIDATED,0.28,0.23783783783783785,0.88,0.9479166666666666,0.88,0.9526315789473684,0.0
0021500145,5.5,19,26,58,152,22,27,155,158,23,27,157,158,DRIFTING,AMBIGUOUS_LEAD,0.7307692307692307,0.3815789473684211,0.8148148148148148,0.9810126582278481,0.8518518518518519,0.9936708860759493,0.03703703703703709
0021500146,2.5,11,27,51,141,24,27,145,146,24,27,149,149,FLAT_PLATEAU,CLOCK_CALIBRATION_VALIDATED,0.4074074074074074,0.3617021276595745,0.8888888888888888,0.9931506849315068,0.8888888888888888,1.0,0.0
0021500147,4.5,11,23,50,164,23,23,166,171,23,23,167,171,FLAT_PLATEAU,CLOCK_CALIBRATION_VALIDATED,0.4782608695652174,0.3048780487804878,1.0,0.9707602339181286,1.0,0.9766081871345029,0.0
0021500148,4.0,17,32,57,131,28,31,128,132,28,31,128,132,MULTIMODAL,AMBIGUOUS_LEAD,0.53125,0.4351145038167939,0.9032258064516129,0.9696969696969697,0.9032258064516129,0.9696969696969697,0.0
0021500149,3.5,16,35,47,145,34,35,157,158,35,35,157,158,FLAT_PLATEAU,CLOCK_CALIBRATION_VALIDATED,0.45714285714285713,0.32413793103448274,0.9714285714285714,0.9936708860759493,1.0,0.9936708860759493,0.02857142857142858
0021500150,4.0,9,34,38,158,32,33,156,157,32,33,156,157,FLAT_PLATEAU,CLOCK_CALIBRATION_VALIDATED,0.2647058823529412,0.24050632911392406,0.9696969696969697,0.9936305732484076,0.9696969696969697,0.9936305732484076,0.0
0021500151,6.0,12,26,53,162,23,25,147,168,22,24,148,162,SHARP_UNIMODAL,CLOCK_CALIBRATION_VALIDATED,0.46153846153846156,0.3271604938271605,0.92,0.875,0.9166666666666666,0.9135802469135802,-0.0033333333333334103
0021500152,3.0,20,46,47,147,45,46,143,151,43,46,146,151,FLAT_PLATEAU,CLOCK_CALIBRATION_VALIDATED,0.43478260869565216,0.3197278911564626,0.9782608695652174,0.9470198675496688,0.9347826086956522,0.9668874172185431,-0.04347826086956519
0021500153,4.0,5,20,46,168,19,20,165,170,19,20,165,170,FLAT_PLATEAU,CLOCK_CALIBRATION_VALIDATED,0.25,0.27380952380952384,0.95,0.9705882352941176,0.95,0.9705882352941176,0.0
0021500154,2.5,11,36,53,155,35,37,159,164,38,38,165,169,MULTIMODAL,AMBIGUOUS_LEAD,0.3055555555555556,0.3419354838709677,0.9459459459459459,0.9695121951219512,1.0,0.9763313609467456,0.05405405405405406
0021500155,3.5,9,29,62,154,26,28,156,162,26,28,160,164,SHARP_UNIMODAL,CLOCK_CALIBRATION_VALIDATED,0.3103448275862069,0.4025974025974026,0.9285714285714286,0.9629629629629629,0.9285714285714286,0.975609756097561,0.0
0021500156,5.0,4,17,39,159,18,18,153,157,17,18,156,157,FLAT_PLATEAU,CLOCK_CALIBRATION_VALIDATED,0.23529411764705882,0.24528301886792453,1.0,0.9745222929936306,0.9444444444444444,0.9936305732484076,-0.05555555555555558
0021500157,4.0,3,24,59,149,22,23,157,159,22,23,157,159,FLAT_PLATEAU,CLOCK_CALIBRATION_VALIDATED,0.125,0.3959731543624161,0.9565217391304348,0.9874213836477987,0.9565217391304348,0.9874213836477987,0.0
0021500158,4.5,9,26,35,123,25,26,120,124,25,26,119,122,FLAT_PLATEAU,CLOCK_CALIBRATION_VALIDATED,0.34615384615384615,0.2845528455284553,0.9615384615384616,0.967741935483871,0.9615384615384616,0.9754098360655737,0.0
0021500159,4.5,10,30,61,158,28,31,150,154,28,31,153,154,SHARP_UNIMODAL,CLOCK_CALIBRATION_VALIDATED,0.3333333333333333,0.3860759493670886,0.9032258064516129,0.974025974025974,0.9032258064516129,0.9935064935064936,0.0
0021500160,7.5,8,27,25,157,25,27,137,161,23,27,155,162,SHARP_UNIMODAL,CLOCK_CALIBRATION_VALIDATED,0.2962962962962963,0.1592356687898089,0.9259259259259259,0.8509316770186336,0.8518518518518519,0.9567901234567902,-0.07407407407407407
0021500161,4.5,14,29,53,161,29,30,158,168,29,30,161,166,DRIFTING,AMBIGUOUS_LEAD,0.4827586206896552,0.32919254658385094,0.9666666666666667,0.9404761904761905,0.9666666666666667,0.9698795180722891,0.0
0021500162,6.5,4,15,42,156,16,17,161,167,14,16,166,170,DRIFTING,DRIFTING_LEAD,0.26666666666666666,0.2692307692307692,0.9411764705882353,0.9640718562874252,0.875,0.9764705882352941,-0.06617647058823528
0021500163,5.0,14,22,42,157,20,22,156,159,20,22,156,158,MULTIMODAL,AMBIGUOUS_LEAD,0.6363636363636364,0.267515923566879,0.9090909090909091,0.9811320754716981,0.9090909090909091,0.9873417721518988,0.0
0021500164,4.5,21,38,40,149,36,38,143,159,36,37,148,159,MULTIMODAL,AMBIGUOUS_LEAD,0.5526315789473685,0.2684563758389262,0.9473684210526315,0.89937106918239,0.972972972972973,0.9308176100628931,0.0256045519203415
0021500165,6.5,10,23,40,167,22,24,164,171,19,24,166,169,SHARP_UNIMODAL,HOLDOUT_FAIL,0.43478260869565216,0.23952095808383234,0.9166666666666666,0.9590643274853801,0.7916666666666666,0.9822485207100592,-0.125
0021500166,5.0,9,17,49,163,17,18,151,163,17,18,155,162,SHARP_UNIMODAL,CLOCK_CALIBRATION_VALIDATED,0.5294117647058824,0.3006134969325153,0.9444444444444444,0.9263803680981595,0.9444444444444444,0.9567901234567902,0.0
0021500167,3.5,17,43,67,157,41,44,160,164,40,44,163,166,MULTIMODAL,AMBIGUOUS_LEAD,0.3953488372093023,0.4267515923566879,0.9318181818181818,0.975609756097561,0.9090909090909091,0.9819277108433735,-0.022727272727272707
0021500168,5.5,17,31,62,154,25,31,155,162,24,31,158,163,DRIFTING,HOLDOUT_FAIL,0.5483870967741935,0.4025974025974026,0.8064516129032258,0.9567901234567902,0.7741935483870968,0.9693251533742331,-0.032258064516129004
0021500169,3.5,12,29,51,169,29,30,162,165,28,30,164,167,FLAT_PLATEAU,CLOCK_CALIBRATION_VALIDATED,0.41379310344827586,0.30177514792899407,0.9666666666666667,0.9818181818181818,0.9333333333333333,0.9820359281437125,-0.033333333333333326
0021500170,4.0,10,30,49,157,28,31,159,164,28,31,159,164,FLAT_PLATEAU,CLOCK_CALIBRATION_VALIDATED,0.3333333333333333,0.31210191082802546,0.9032258064516129,0.9695121951219512,0.9032258064516129,0.9695121951219512,0.0
0021500171,4.5,10,24,65,169,25,25,172,178,23,23,173,177,MULTIMODAL,AMBIGUOUS_LEAD,0.4166666666666667,0.38461538461538464,1.0,0.9662921348314607,1.0,0.9774011299435028,0.0
0021500172,3.5,2,15,42,166,15,15,163,165,15,15,164,165,MULTIMODAL,AMBIGUOUS_LEAD,0.13333333333333333,0.25301204819277107,1.0,0.9878787878787879,1.0,0.9939393939393939,0.0
0021500173,6.0,10,30,40,143,25,30,144,150,21,28,144,149,DRIFTING,HOLDOUT_FAIL,0.3333333333333333,0.27972027972027974,0.8333333333333334,0.96,0.75,0.9664429530201343,-0.08333333333333337
0021500174,4.5,9,27,36,152,26,27,152,158,26,27,152,157,MULTIMODAL,AMBIGUOUS_LEAD,0.3333333333333333,0.23684210526315788,0.9629629629629629,0.9620253164556962,0.9629629629629629,0.9681528662420382,0.0
0021500175,5.0,9,25,45,164,22,25,165,171,22,25,164,169,MULTIMODAL,AMBIGUOUS_LEAD,0.36,0.27439024390243905,0.88,0.9649122807017544,0.88,0.9704142011834319,0.0
0021500176,7.0,11,23,27,118,23,24,112,116,22,25,112,113,SHARP_UNIMODAL,CLOCK_CALIBRATION_VALIDATED,0.4782608695652174,0.2288135593220339,0.9583333333333334,0.9655172413793104,0.88,0.9911504424778761,-0.07833333333333337
0021500177,6.5,9,26,33,154,23,26,140,157,23,28,148,153,FLAT_PLATEAU,CLOCK_CALIBRATION_VALIDATED,0.34615384615384615,0.21428571428571427,0.8846153846153846,0.89171974522293,0.8214285714285714,0.9673202614379085,-0.06318681318681318
0021500178,4.5,14,28,33,158,27,28,157,159,26,28,159,160,FLAT_PLATEAU,CLOCK_CALIBRATION_VALIDATED,0.5,0.2088607594936709,0.9642857142857143,0.9874213836477987,0.9285714285714286,0.99375,-0.0357142857142857
0021500179,4.5,17,35,51,168,31,35,170,175,30,34,169,173,DRIFTING,DRIFTING_LEAD,0.4857142857142857,0.30357142857142855,0.8857142857142857,0.9714285714285714,0.8823529411764706,0.976878612716763,-0.003361344537815114
0021500180,4.0,10,33,41,148,29,32,152,154,29,32,152,154,SHARP_UNIMODAL,CLOCK_CALIBRATION_VALIDATED,0.30303030303030304,0.27702702702702703,0.90625,0.987012987012987,0.90625,0.987012987012987,0.0
0021500181,5.5,14,29,48,150,25,29,144,152,26,30,151,155,DRIFTING,DRIFTING_LEAD,0.4827586206896552,0.32,0.8620689655172413,0.9473684210526315,0.8666666666666667,0.9741935483870968,0.0045977011494253706
0021500182,5.5,5,16,21,161,15,17,149,159,15,17,159,159,SHARP_UNIMODAL,CLOCK_CALIBRATION_VALIDATED,0.3125,0.13043478260869565,0.8823529411764706,0.9371069182389937,0.8823529411764706,1.0,0.0
0021500183,3.5,14,33,57,146,28,34,161,164,28,34,161,164,FLAT_PLATEAU,CLOCK_CALIBRATION_VALIDATED,0.42424242424242425,0.3904109589041096,0.8235294117647058,0.9817073170731707,0.8235294117647058,0.9817073170731707,0.0
0021500184,5.0,8,20,53,132,23,23,131,134,20,21,131,132,MULTIMODAL,AMBIGUOUS_LEAD,0.4,0.4015151515151515,1.0,0.9776119402985075,0.9523809523809523,0.9924242424242424,-0.04761904761904767
0021500185,5.0,13,30,48,163,27,30,148,160,24,30,153,159,SHARP_UNIMODAL,CLOCK_CALIBRATION_VALIDATED,0.43333333333333335,0.294478527607362,0.9,0.925,0.8,0.9622641509433962,-0.09999999999999998
0021500186,4.5,11,26,37,159,22,24,156,161,22,24,157,161,MULTIMODAL,AMBIGUOUS_LEAD,0.4230769230769231,0.23270440251572327,0.9166666666666666,0.968944099378882,0.9166666666666666,0.9751552795031055,0.0
0021500187,6.5,12,27,50,163,21,27,156,167,23,26,160,167,FLAT_PLATEAU,CLOCK_CALIBRATION_VALIDATED,0.4444444444444444,0.3067484662576687,0.7777777777777778,0.9341317365269461,0.8846153846153846,0.9580838323353293,0.10683760683760679
0021500188,4.5,14,27,33,151,23,25,141,150,23,25,145,151,FLAT_PLATEAU,CLOCK_CALIBRATION_VALIDATED,0.5185185185185185,0.2185430463576159,0.92,0.94,0.92,0.9602649006622517,0.0
0021500189,4.5,12,31,65,162,29,30,170,173,29,31,172,173,FLAT_PLATEAU,CLOCK_CALIBRATION_VALIDATED,0.3870967741935484,0.4012345679012346,0.9666666666666667,0.9826589595375722,0.9354838709677419,0.9942196531791907,-0.031182795698924792
0021500190,3.5,11,33,44,154,32,34,163,165,33,35,164,165,MULTIMODAL,AMBIGUOUS_LEAD,0.3333333333333333,0.2857142857142857,0.9411764705882353,0.9878787878787879,0.9428571428571428,0.9939393939393939,0.001680672268907557
0021500191,4.0,8,21,34,133,20,21,126,129,20,21,126,129,SHARP_UNIMODAL,CLOCK_CALIBRATION_VALIDATED,0.38095238095238093,0.2556390977443609,0.9523809523809523,0.9767441860465116,0.9523809523809523,0.9767441860465116,0.0
0021500192,7.0,10,22,35,151,22,23,133,150,21,24,145,150,FLAT_PLATEAU,CLOCK_CALIBRATION_VALIDATED,0.45454545454545453,0.23178807947019867,0.9565217391304348,0.8866666666666667,0.875,0.9666666666666667,-0.08152173913043481
0021500193,4.0,17,31,46,142,29,31,139,143,29,31,139,143,SHARP_UNIMODAL,CLOCK_CALIBRATION_VALIDATED,0.5483870967741935,0.323943661971831,0.9354838709677419,0.972027972027972,0.9354838709677419,0.972027972027972,0.0
0021500194,4.0,9,20,45,132,19,20,126,128,19,20,126,128,SHARP_UNIMODAL,CLOCK_CALIBRATION_VALIDATED,0.45,0.3409090909090909,0.95,0.984375,0.95,0.984375,0.0
0021500195,4.0,6,28,34,135,25,27,132,134,25,27,132,134,SHARP_UNIMODAL,CLOCK_CALIBRATION_VALIDATED,0.21428571428571427,0.2518518518518518,0.9259259259259259,0.9850746268656716,0.9259259259259259,0.9850746268656716,0.0
0021500196,5.5,15,32,36,148,32,32,141,152,31,33,144,152,MULTIMODAL,AMBIGUOUS_LEAD,0.46875,0.24324324324324326,1.0,0.9276315789473685,0.9393939393939394,0.9473684210526315,-0.06060606060606055
0021500197,4.5,10,30,53,148,28,29,157,161,28,29,158,161,SHARP_UNIMODAL,CLOCK_CALIBRATION_VALIDATED,0.3333333333333333,0.3581081081081081,0.9655172413793104,0.9751552795031055,0.9655172413793104,0.9813664596273292,0.0
0021500198,2.5,12,29,68,165,29,29,168,173,28,29,171,174,FLAT_PLATEAU,CLOCK_CALIBRATION_VALIDATED,0.41379310344827586,0.4121212121212121,1.0,0.9710982658959537,0.9655172413793104,0.9827586206896551,-0.03448275862068961
0021500199,3.0,19,32,65,161,32,33,171,172,31,32,172,173,MULTIMODAL,AMBIGUOUS_LEAD,0.59375,0.40372670807453415,0.9696969696969697,0.9941860465116279,0.96875,0.9942196531791907,-0.0009469696969697239
0021500200,5.5,13,40,54,173,35,40,165,174,36,40,166,174,MULTIMODAL,AMBIGUOUS_LEAD,0.325,0.31213872832369943,0.875,0.9482758620689655,0.9,0.9540229885057471,0.025000000000000022
0021500201,4.0,14,20,80,171,18,20,144,174,18,20,144,174,FLAT_PLATEAU,CLOCK_CALIBRATION_VALIDATED,0.7,0.4678362573099415,0.9,0.8275862068965517,0.9,0.8275862068965517,0.0
0021500202,4.0,15,38,56,188,37,39,195,202,37,39,195,202,SHARP_UNIMODAL,CLOCK_CALIBRATION_VALIDATED,0.39473684210526316,0.2978723404255319,0.9487179487179487,0.9653465346534653,0.9487179487179487,0.9653465346534653,0.0
0021500203,5.5,9,20,37,160,19,19,153,161,19,20,156,161,DRIFTING,DRIFTING_LEAD,0.45,0.23125,1.0,0.9503105590062112,0.95,0.968944099378882,-0.050000000000000044
0021500204,5.0,3,20,55,162,17,20,164,168,17,20,167,168,SHARP_UNIMODAL,CLOCK_CALIBRATION_VALIDATED,0.15,0.3395061728395062,0.85,0.9761904761904762,0.85,0.9940476190476191,0.0
0021500205,5.5,7,26,37,140,24,25,134,141,25,26,141,146,SHARP_UNIMODAL,CLOCK_CALIBRATION_VALIDATED,0.2692307692307692,0.2642857142857143,0.96,0.950354609929078,0.9615384615384616,0.9657534246575342,0.0015384615384615996
0021500206,4.5,15,36,48,145,34,36,152,156,33,35,153,156,MULTIMODAL,AMBIGUOUS_LEAD,0.4166666666666667,0.3310344827586207,0.9444444444444444,0.9743589743589743,0.9428571428571428,0.9807692307692307,-0.0015873015873015817
0021500207,3.5,16,47,46,149,44,47,141,153,42,47,141,152,FLAT_PLATEAU,CLOCK_CALIBRATION_VALIDATED,0.3404255319148936,0.3087248322147651,0.9361702127659575,0.9215686274509803,0.8936170212765957,0.9276315789473685,-0.042553191489361764
0021500208,3.5,11,36,37,145,36,36,144,149,37,37,147,149,SHARP_UNIMODAL,CLOCK_CALIBRATION_VALIDATED,0.3055555555555556,0.25517241379310346,1.0,0.9664429530201343,1.0,0.9865771812080537,0.0
0021500209,4.0,16,40,51,153,37,40,160,162,37,40,160,162,FLAT_PLATEAU,CLOCK_CALIBRATION_VALIDATED,0.4,0.3333333333333333,0.925,0.9876543209876543,0.925,0.9876543209876543,0.0
0021500210,4.0,13,36,51,154,34,36,152,162,34,36,152,162,MULTIMODAL,AMBIGUOUS_LEAD,0.3611111111111111,0.33116883116883117,0.9444444444444444,0.9382716049382716,0.9444444444444444,0.9382716049382716,0.0
0021500211,5.0,13,28,34,155,26,28,159,163,25,28,161,162,FLAT_PLATEAU,CLOCK_CALIBRATION_VALIDATED,0.4642857142857143,0.21935483870967742,0.9285714285714286,0.9754601226993865,0.8928571428571429,0.9938271604938271,-0.0357142857142857
0021500212,4.5,8,22,39,155,22,22,150,156,22,22,154,156,FLAT_PLATEAU,CLOCK_CALIBRATION_VALIDATED,0.36363636363636365,0.25161290322580643,1.0,0.9615384615384616,1.0,0.9871794871794872,0.0
0021500213,5.5,12,24,37,171,23,24,165,173,23,24,165,172,DRIFTING,AMBIGUOUS_LEAD,0.5,0.21637426900584794,0.9583333333333334,0.953757225433526,0.9583333333333334,0.9593023255813954,0.0
0021500214,4.0,8,22,40,166,17,22,163,171,17,22,163,171,SHARP_UNIMODAL,HOLDOUT_FAIL,0.36363636363636365,0.24096385542168675,0.7727272727272727,0.9532163742690059,0.7727272727272727,0.9532163742690059,0.0
0021500215,4.0,14,33,54,157,32,33,167,170,32,33,167,170,FLAT_PLATEAU,CLOCK_CALIBRATION_VALIDATED,0.42424242424242425,0.34394904458598724,0.9696969696969697,0.9823529411764705,0.9696969696969697,0.9823529411764705,0.0
0021500216,5.5,10,17,72,155,17,17,157,160,16,16,158,159,MULTIMODAL,AMBIGUOUS_LEAD,0.5882352941176471,0.4645161290322581,1.0,0.98125,1.0,0.9937106918238994,0.0
0021500217,4.0,18,34,55,163,30,34,172,174,30,34,172,174,SHARP_UNIMODAL,CLOCK_CALIBRATION_VALIDATED,0.5294117647058824,0.3374233128834356,0.8823529411764706,0.9885057471264368,0.8823529411764706,0.9885057471264368,0.0
0021500218,6.5,9,19,40,170,18,20,162,175,17,20,171,176,SHARP_UNIMODAL,CLOCK_CALIBRATION_VALIDATED,0.47368421052631576,0.23529411764705882,0.9,0.9257142857142857,0.85,0.9715909090909091,-0.050000000000000044
0021500219,5.0,6,19,37,157,17,19,151,156,17,19,152,156,SHARP_UNIMODAL,CLOCK_CALIBRATION_VALIDATED,0.3157894736842105,0.2356687898089172,0.8947368421052632,0.967948717948718,0.8947368421052632,0.9743589743589743,0.0
0021500220,3.5,13,33,54,139,33,35,144,148,35,36,146,148,SHARP_UNIMODAL,CLOCK_CALIBRATION_VALIDATED,0.3939393939393939,0.38848920863309355,0.9428571428571428,0.972972972972973,0.9722222222222222,0.9864864864864865,0.029365079365079372
0021500221,4.5,3,15,36,135,13,15,129,135,13,15,130,135,FLAT_PLATEAU,CLOCK_CALIBRATION_VALIDATED,0.2,0.26666666666666666,0.8666666666666667,0.9555555555555556,0.8666666666666667,0.9629629629629629,0.0
0021500222,3.5,6,25,58,152,23,25,155,160,22,25,157,162,FLAT_PLATEAU,CLOCK_CALIBRATION_VALIDATED,0.24,0.3815789473684211,0.92,0.96875,0.88,0.9691358024691358,-0.040000000000000036
0021500223,3.5,16,36,65,162,35,36,171,172,35,36,171,172,FLAT_PLATEAU,CLOCK_CALIBRATION_VALIDATED,0.4444444444444444,0.4012345679012346,0.9722222222222222,0.9941860465116279,0.9722222222222222,0.9941860465116279,0.0
0021500224,4.0,11,25,47,159,22,24,154,158,22,24,154,158,FLAT_PLATEAU,CLOCK_CALIBRATION_VALIDATED,0.44,0.29559748427672955,0.9166666666666666,0.9746835443037974,0.9166666666666666,0.9746835443037974,0.0
0021500225,4.0,8,22,55,160,21,21,168,170,21,21,168,170,SHARP_UNIMODAL,CLOCK_CALIBRATION_VALIDATED,0.36363636363636365,0.34375,1.0,0.9882352941176471,1.0,0.9882352941176471,0.0
0021500226,6.5,10,35,33,145,34,35,141,152,34,35,146,151,MULTIMODAL,AMBIGUOUS_LEAD,0.2857142857142857,0.22758620689655173,0.9714285714285714,0.9276315789473685,0.9714285714285714,0.9668874172185431,0.0
0021500227,4.0,16,26,45,149,27,27,157,161,27,27,157,161,FLAT_PLATEAU,CLOCK_CALIBRATION_VALIDATED,0.6153846153846154,0.30201342281879195,1.0,0.9751552795031055,1.0,0.9751552795031055,0.0
0021500228,3.0,20,35,51,149,35,36,139,146,36,37,143,147,SHARP_UNIMODAL,CLOCK_CALIBRATION_VALIDATED,0.5714285714285714,0.3422818791946309,0.9722222222222222,0.952054794520548,0.972972972972973,0.9727891156462585,0.0007507507507508171
0021500229,4.0,17,35,54,172,33,36,178,180,33,36,178,180,FLAT_PLATEAU,CLOCK_CALIBRATION_VALIDATED,0.4857142857142857,0.313953488372093,0.9166666666666666,0.9888888888888889,0.9166666666666666,0.9888888888888889,0.0
0021500230,4.5,11,22,73,158,21,22,158,160,21,22,159,161,MULTIMODAL,AMBIGUOUS_LEAD,0.5,0.4620253164556962,0.9545454545454546,0.9875,0.9545454545454546,0.9875776397515528,0.0
0021500231,3.5,6,27,32,159,27,28,169,175,28,28,170,175,FLAT_PLATEAU,CLOCK_CALIBRATION_VALIDATED,0.2222222222222222,0.20125786163522014,0.9642857142857143,0.9657142857142857,1.0,0.9714285714285714,0.0357142857142857
0021500232,3.0,10,31,42,145,28,31,142,148,28,31,145,149,MULTIMODAL,AMBIGUOUS_LEAD,0.3225806451612903,0.2896551724137931,0.9032258064516129,0.9594594594594594,0.9032258064516129,0.9731543624161074,0.0
0021500233,2.5,17,23,36,148,23,23,147,153,22,23,149,155,FLAT_PLATEAU,CLOCK_CALIBRATION_VALIDATED,0.7391304347826086,0.24324324324324326,1.0,0.9607843137254902,0.9565217391304348,0.9612903225806452,-0.04347826086956519
0021500234,4.5,18,26,53,154,26,26,166,167,24,25,168,169,FLAT_PLATEAU,CLOCK_CALIBRATION_VALIDATED,0.6923076923076923,0.34415584415584416,1.0,0.9940119760479041,0.96,0.9940828402366864,-0.040000000000000036
0021500235,4.0,17,34,41,149,32,34,142,147,32,34,142,147,MULTIMODAL,AMBIGUOUS_LEAD,0.5,0.2751677852348993,0.9411764705882353,0.9659863945578231,0.9411764705882353,0.9659863945578231,0.0
0021500236,3.0,12,37,55,163,35,36,165,171,36,36,166,171,FLAT_PLATEAU,CLOCK_CALIBRATION_VALIDATED,0.32432432432432434,0.3374233128834356,0.9722222222222222,0.9649122807017544,1.0,0.9707602339181286,0.02777777777777779
0021500237,7.0,21,32,36,157,31,31,154,162,29,31,156,161,DRIFTING,AMBIGUOUS_LEAD,0.65625,0.22929936305732485,1.0,0.9506172839506173,0.9354838709677419,0.968944099378882,-0.06451612903225812
0021500239,5.5,9,36,38,150,34,36,149,154,33,36,149,152,DRIFTING,AMBIGUOUS_LEAD,0.25,0.25333333333333335,0.9444444444444444,0.9675324675324676,0.9166666666666666,0.9802631578947368,-0.02777777777777779
0021500241,3.5,10,31,43,139,32,32,140,142,32,32,141,142,MULTIMODAL,AMBIGUOUS_LEAD,0.3225806451612903,0.30935251798561153,1.0,0.9859154929577465,1.0,0.9929577464788732,0.0
0021500242,3.0,8,31,40,137,26,29,144,147,28,29,144,147,FLAT_PLATEAU,CLOCK_CALIBRATION_VALIDATED,0.25806451612903225,0.291970802919708,0.896551724137931,0.9795918367346939,0.9655172413793104,0.9795918367346939,0.06896551724137934
0021500243,3.5,11,30,34,146,30,31,141,148,28,31,145,151,DRIFTING,DRIFTING_LEAD,0.36666666666666664,0.2328767123287671,0.967741935483871,0.9527027027027027,0.9032258064516129,0.9602649006622517,-0.06451612903225812
0021500244,3.5,4,23,36,153,22,24,149,155,23,24,153,157,SHARP_UNIMODAL,CLOCK_CALIBRATION_VALIDATED,0.17391304347826086,0.23529411764705882,0.9166666666666666,0.9612903225806452,0.9583333333333334,0.9745222929936306,0.04166666666666674
0021500245,5.0,11,28,49,174,27,28,168,180,26,28,171,179,MULTIMODAL,AMBIGUOUS_LEAD,0.39285714285714285,0.28160919540229884,0.9642857142857143,0.9333333333333333,0.9285714285714286,0.9553072625698324,-0.0357142857142857
0021500246,4.5,15,26,69,147,26,27,142,151,26,27,143,151,FLAT_PLATEAU,CLOCK_CALIBRATION_VALIDATED,0.5769230769230769,0.46938775510204084,0.9629629629629629,0.9403973509933775,0.9629629629629629,0.9470198675496688,0.0
0021500247,5.5,13,24,31,155,23,26,145,155,22,25,151,154,SHARP_UNIMODAL,CLOCK_CALIBRATION_VALIDATED,0.5416666666666666,0.2,0.8846153846153846,0.9354838709677419,0.88,0.9805194805194806,-0.004615384615384577
0021500248,4.0,13,31,72,168,30,33,177,181,30,33,177,181,FLAT_PLATEAU,CLOCK_CALIBRATION_VALIDATED,0.41935483870967744,0.42857142857142855,0.9090909090909091,0.9779005524861878,0.9090909090909091,0.9779005524861878,0.0
0021500249,3.0,7,22,64,169,20,21,164,167,19,21,168,169,FLAT_PLATEAU,CLOCK_CALIBRATION_VALIDATED,0.3181818181818182,0.378698224852071,0.9523809523809523,0.9820359281437125,0.9047619047619048,0.9940828402366864,-0.04761904761904756
0021500250,5.0,8,19,39,173,19,20,170,179,17,19,174,180,FLAT_PLATEAU,CLOCK_CALIBRATION_VALIDATED,0.42105263157894735,0.2254335260115607,0.95,0.9497206703910615,0.8947368421052632,0.9666666666666667,-0.05526315789473679
0021500251,4.0,20,44,48,143,43,46,151,156,43,46,151,156,SHARP_UNIMODAL,CLOCK_CALIBRATION_VALIDATED,0.45454545454545453,0.3356643356643357,0.9347826086956522,0.967948717948718,0.9347826086956522,0.967948717948718,0.0
0021500252,4.0,5,28,55,164,26,28,169,172,26,28,169,172,FLAT_PLATEAU,CLOCK_CALIBRATION_VALIDATED,0.17857142857142858,0.3353658536585366,0.9285714285714286,0.9825581395348837,0.9285714285714286,0.9825581395348837,0.0
0021500253,5.5,12,25,43,173,23,24,161,174,22,24,165,173,MULTIMODAL,AMBIGUOUS_LEAD,0.48,0.24855491329479767,0.9583333333333334,0.9252873563218391,0.9166666666666666,0.953757225433526,-0.04166666666666674
0021500254,6.5,10,27,45,172,26,27,141,168,23,27,161,170,SHARP_UNIMODAL,CLOCK_CALIBRATION_VALIDATED,0.37037037037037035,0.2616279069767442,0.9629629629629629,0.8392857142857143,0.8518518518518519,0.9470588235294117,-0.11111111111111105
0021500255,3.5,8,32,52,150,30,30,140,147,29,29,143,148,FLAT_PLATEAU,CLOCK_CALIBRATION_VALIDATED,0.25,0.3466666666666667,1.0,0.9523809523809523,1.0,0.9662162162162162,0.0
0021500256,4.0,6,22,60,159,19,23,170,172,19,23,170,172,FLAT_PLATEAU,CLOCK_CALIBRATION_VALIDATED,0.2727272727272727,0.37735849056603776,0.8260869565217391,0.9883720930232558,0.8260869565217391,0.9883720930232558,0.0
0021500257,3.5,5,17,45,169,15,16,167,169,15,16,168,170,FLAT_PLATEAU,CLOCK_CALIBRATION_VALIDATED,0.29411764705882354,0.26627218934911245,0.9375,0.9881656804733728,0.9375,0.9882352941176471,0.0
0021500258,4.5,16,35,43,143,34,35,146,152,34,35,149,152,FLAT_PLATEAU,CLOCK_CALIBRATION_VALIDATED,0.45714285714285713,0.3006993006993007,0.9714285714285714,0.9605263157894737,0.9714285714285714,0.9802631578947368,0.0
0021500259,4.0,8,21,48,163,20,23,165,170,20,23,165,170,DRIFTING,DRIFTING_LEAD,0.38095238095238093,0.294478527607362,0.8695652173913043,0.9705882352941176,0.8695652173913043,0.9705882352941176,0.0
0021500260,3.5,10,26,36,158,24,25,155,159,24,25,158,161,MULTIMODAL,AMBIGUOUS_LEAD,0.38461538461538464,0.22784810126582278,0.96,0.9748427672955975,0.96,0.9813664596273292,0.0
0021500261,6.5,14,28,47,167,26,28,159,171,23,28,163,170,MULTIMODAL,AMBIGUOUS_LEAD,0.5,0.281437125748503,0.9285714285714286,0.9298245614035088,0.8214285714285714,0.9588235294117647,-0.1071428571428572
0021500262,5.5,9,27,28,144,21,21,138,146,19,21,142,146,SHARP_UNIMODAL,CLOCK_CALIBRATION_VALIDATED,0.3333333333333333,0.19444444444444445,1.0,0.9452054794520548,0.9047619047619048,0.9726027397260274,-0.09523809523809523
0021500263,4.0,9,23,52,146,25,25,152,155,25,25,152,155,DRIFTING,DRIFTING_LEAD,0.391304347826087,0.3561643835616438,1.0,0.9806451612903225,1.0,0.9806451612903225,0.0
0021500264,3.0,12,30,53,147,29,30,152,158,30,31,157,159,FLAT_PLATEAU,CLOCK_CALIBRATION_VALIDATED,0.4,0.36054421768707484,0.9666666666666667,0.9620253164556962,0.967741935483871,0.9874213836477987,0.0010752688172043223
0021500265,2.5,12,26,62,151,22,24,144,149,23,25,146,151,MULTIMODAL,AMBIGUOUS_LEAD,0.46153846153846156,0.4105960264900662,0.9166666666666666,0.9664429530201343,0.92,0.9668874172185431,0.0033333333333334103
0021500266,3.0,5,14,48,158,14,14,160,163,14,14,160,163,FLAT_PLATEAU,CLOCK_CALIBRATION_VALIDATED,0.35714285714285715,0.3037974683544304,1.0,0.9815950920245399,1.0,0.9815950920245399,0.0
0021500267,2.5,10,27,50,188,27,27,183,191,26,27,185,191,FLAT_PLATEAU,CLOCK_CALIBRATION_VALIDATED,0.37037037037037035,0.26595744680851063,1.0,0.9581151832460733,0.9629629629629629,0.9685863874345549,-0.03703703703703709
0021500268,5.0,11,26,53,171,24,26,178,182,22,26,177,180,MULTIMODAL,AMBIGUOUS_LEAD,0.4230769230769231,0.30994152046783624,0.9230769230769231,0.978021978021978,0.8461538461538461,0.9833333333333333,-0.07692307692307698
0021500269,5.0,10,39,36,166,36,39,165,173,36,39,166,173,FLAT_PLATEAU,CLOCK_CALIBRATION_VALIDATED,0.2564102564102564,0.21686746987951808,0.9230769230769231,0.953757225433526,0.9230769230769231,0.9595375722543352,0.0
0021500270,6.0,13,32,47,178,31,32,167,179,30,33,172,179,FLAT_PLATEAU,CLOCK_CALIBRATION_VALIDATED,0.40625,0.2640449438202247,0.96875,0.9329608938547486,0.9090909090909091,0.9608938547486033,-0.05965909090909094
0021500271,5.0,14,27,43,155,27,29,161,165,27,29,164,167,SHARP_UNIMODAL,CLOCK_CALIBRATION_VALIDATED,0.5185185185185185,0.27741935483870966,0.9310344827586207,0.9757575757575757,0.9310344827586207,0.9820359281437125,0.0
0021500272,3.5,7,24,41,154,23,24,156,160,24,24,158,160,FLAT_PLATEAU,CLOCK_CALIBRATION_VALIDATED,0.2916666666666667,0.2662337662337662,0.9583333333333334,0.975,1.0,0.9875,0.04166666666666663
0021500273,4.0,10,20,46,169,19,20,170,173,19,20,170,173,DRIFTING,AMBIGUOUS_LEAD,0.5,0.27218934911242604,0.95,0.9826589595375722,0.95,0.9826589595375722,0.0
0021500274,5.5,16,27,49,147,24,28,149,154,23,27,151,156,MULTIMODAL,AMBIGUOUS_LEAD,0.5925925925925926,0.3333333333333333,0.8571428571428571,0.9675324675324676,0.8518518518518519,0.967948717948718,-0.005291005291005235
0021500275,6.0,8,25,31,153,23,26,149,160,23,26,152,156,DRIFTING,DRIFTING_LEAD,0.32,0.20261437908496732,0.8846153846153846,0.93125,0.8846153846153846,0.9743589743589743,0.0
0021500277,4.5,9,23,52,146,21,21,152,156,21,22,154,157,FLAT_PLATEAU,CLOCK_CALIBRATION_VALIDATED,0.391304347826087,0.3561643835616438,1.0,0.9743589743589743,0.9545454545454546,0.9808917197452229,-0.045454545454545414
0021500278,3.5,3,14,38,163,12,14,167,172,14,15,168,173,FLAT_PLATEAU,CLOCK_CALIBRATION_VALIDATED,0.21428571428571427,0.2331288343558282,0.8571428571428571,0.9709302325581395,0.9333333333333333,0.9710982658959537,0.07619047619047625
0021500279,4.0,10,28,37,153,28,29,154,158,28,29,154,158,MULTIMODAL,AMBIGUOUS_LEAD,0.35714285714285715,0.24183006535947713,0.9655172413793104,0.9746835443037974,0.9655172413793104,0.9746835443037974,0.0
0021500280,5.0,9,23,38,141,21,22,145,149,22,24,146,149,FLAT_PLATEAU,CLOCK_CALIBRATION_VALIDATED,0.391304347826087,0.2695035460992908,0.9545454545454546,0.9731543624161074,0.9166666666666666,0.9798657718120806,-0.037878787878787956
0021500281,4.0,10,27,35,167,27,27,168,171,27,27,168,171,FLAT_PLATEAU,CLOCK_CALIBRATION_VALIDATED,0.37037037037037035,0.20958083832335328,1.0,0.9824561403508771,1.0,0.9824561403508771,0.0
0021500283,3.5,11,25,73,167,26,26,175,178,26,26,175,178,FLAT_PLATEAU,CLOCK_CALIBRATION_VALIDATED,0.44,0.437125748502994,1.0,0.9831460674157303,1.0,0.9831460674157303,0.0
0021500284,4.5,19,41,54,159,39,41,158,165,39,41,159,165,DRIFTING,DRIFTING_LEAD,0.4634146341463415,0.33962264150943394,0.9512195121951219,0.9575757575757575,0.9512195121951219,0.9636363636363636,0.0
0021500285,5.5,8,22,32,161,21,23,146,165,20,22,150,160,SHARP_UNIMODAL,CLOCK_CALIBRATION_VALIDATED,0.36363636363636365,0.19875776397515527,0.9130434782608695,0.8848484848484849,0.9090909090909091,0.9375,-0.0039525691699604515
0021500286,5.0,7,28,50,141,27,28,135,140,27,29,139,142,MULTIMODAL,AMBIGUOUS_LEAD,0.25,0.3546099290780142,0.9642857142857143,0.9642857142857143,0.9310344827586207,0.9788732394366197,-0.03325123152709364
0021500287,2.5,6,27,39,125,23,27,127,135,23,27,127,132,SHARP_UNIMODAL,CLOCK_CALIBRATION_VALIDATED,0.2222222222222222,0.312,0.8518518518518519,0.9407407407407408,0.8518518518518519,0.9621212121212122,0.0
0021500288,4.5,10,28,63,141,26,28,151,154,25,27,152,155,FLAT_PLATEAU,CLOCK_CALIBRATION_VALIDATED,0.35714285714285715,0.44680851063829785,0.9285714285714286,0.9805194805194806,0.9259259259259259,0.9806451612903225,-0.002645502645502673
0021500289,3.0,13,36,62,148,36,37,149,153,31,36,151,154,FLAT_PLATEAU,CLOCK_CALIBRATION_VALIDATED,0.3611111111111111,0.4189189189189189,0.972972972972973,0.9738562091503268,0.8611111111111112,0.9805194805194806,-0.11186186186186187
0021500290,3.5,5,18,45,158,15,18,157,162,15,18,159,162,FLAT_PLATEAU,CLOCK_CALIBRATION_VALIDATED,0.2777777777777778,0.2848101265822785,0.8333333333333334,0.9691358024691358,0.8333333333333334,0.9814814814814815,0.0
0021500291,5.0,10,26,49,147,24,25,138,147,24,26,139,147,FLAT_PLATEAU,CLOCK_CALIBRATION_VALIDATED,0.38461538461538464,0.3333333333333333,0.96,0.9387755102040817,0.9230769230769231,0.9455782312925171,-0.036923076923076836
0021500292,4.5,6,23,58,161,20,22,162,164,21,22,164,165,MULTIMODAL,AMBIGUOUS_LEAD,0.2608695652173913,0.36024844720496896,0.9090909090909091,0.9878048780487805,0.9545454545454546,0.9939393939393939,0.045454545454545525
0021500293,3.5,9,27,50,154,26,27,158,162,26,27,157,160,FLAT_PLATEAU,CLOCK_CALIBRATION_VALIDATED,0.3333333333333333,0.3246753246753247,0.9629629629629629,0.9753086419753086,0.9629629629629629,0.98125,0.0
0021500294,3.5,13,27,41,144,26,26,146,147,26,26,146,146,SHARP_UNIMODAL,CLOCK_CALIBRATION_VALIDATED,0.48148148148148145,0.2847222222222222,1.0,0.9931972789115646,1.0,1.0,0.0
0021500295,5.5,13,24,38,140,18,21,136,141,19,21,140,143,FLAT_PLATEAU,CLOCK_CALIBRATION_VALIDATED,0.5416666666666666,0.2714285714285714,0.8571428571428571,0.9645390070921985,0.9047619047619048,0.9790209790209791,0.04761904761904767
0021500296,3.5,9,25,29,139,22,25,150,153,20,25,149,151,FLAT_PLATEAU,CLOCK_CALIBRATION_VALIDATED,0.36,0.20863309352517986,0.88,0.9803921568627451,0.8,0.9867549668874173,-0.07999999999999996
0021500297,4.0,10,30,44,176,27,30,178,181,27,30,178,181,FLAT_PLATEAU,CLOCK_CALIBRATION_VALIDATED,0.3333333333333333,0.25,0.9,0.9834254143646409,0.9,0.9834254143646409,0.0
0021500298,5.0,13,26,33,165,22,24,155,166,21,24,160,165,FLAT_PLATEAU,CLOCK_CALIBRATION_VALIDATED,0.5,0.2,0.9166666666666666,0.9337349397590361,0.875,0.9696969696969697,-0.04166666666666663
0021500299,5.5,14,29,54,157,26,30,164,171,25,30,163,168,DRIFTING,AMBIGUOUS_LEAD,0.4827586206896552,0.34394904458598724,0.8666666666666667,0.9590643274853801,0.8333333333333334,0.9702380952380952,-0.033333333333333326
0021500300,5.0,6,23,47,169,22,24,162,170,22,24,162,169,MULTIMODAL,AMBIGUOUS_LEAD,0.2608695652173913,0.2781065088757396,0.9166666666666666,0.9529411764705882,0.9166666666666666,0.9585798816568047,0.0
0021500301,6.5,14,30,34,170,30,30,156,172,28,31,166,173,FLAT_PLATEAU,CLOCK_CALIBRATION_VALIDATED,0.4666666666666667,0.2,1.0,0.9069767441860465,0.9032258064516129,0.9595375722543352,-0.09677419354838712
0021500302,5.5,4,22,40,154,20,22,158,165,20,22,159,165,DRIFTING,DRIFTING_LEAD,0.18181818181818182,0.2597402597402597,0.9090909090909091,0.9575757575757575,0.9090909090909091,0.9636363636363636,0.0
0021500303,2.5,16,34,66,162,33,35,168,173,35,35,167,171,MULTIMODAL,AMBIGUOUS_LEAD,0.47058823529411764,0.4074074074074074,0.9428571428571428,0.9710982658959537,1.0,0.9766081871345029,0.05714285714285716
0021500304,5.0,7,26,44,159,25,26,162,169,24,26,163,168,FLAT_PLATEAU,CLOCK_CALIBRATION_VALIDATED,0.2692307692307692,0.27672955974842767,0.9615384615384616,0.9585798816568047,0.9230769230769231,0.9702380952380952,-0.038461538461538436
0021500305,4.5,11,18,51,141,19,20,149,151,19,20,150,151,FLAT_PLATEAU,CLOCK_CALIBRATION_VALIDATED,0.6111111111111112,0.3617021276595745,0.95,0.9867549668874173,0.95,0.9933774834437086,0.0
0021500306,3.5,12,26,50,157,23,26,156,161,24,26,158,161,DRIFTING,AMBIGUOUS_LEAD,0.46153846153846156,0.3184713375796178,0.8846153846153846,0.968944099378882,0.9230769230769231,0.9813664596273292,0.03846153846153855
0021500307,4.5,10,22,53,154,21,22,162,164,21,22,165,166,FLAT_PLATEAU,CLOCK_CALIBRATION_VALIDATED,0.45454545454545453,0.34415584415584416,0.9545454545454546,0.9878048780487805,0.9545454545454546,0.9939759036144579,0.0
0021500308,3.5,9,22,49,151,22,22,155,157,22,22,155,157,DRIFTING,DRIFTING_LEAD,0.4090909090909091,0.32450331125827814,1.0,0.9872611464968153,1.0,0.9872611464968153,0.0
0021500309,3.0,13,37,61,179,37,38,168,177,34,38,170,177,SHARP_UNIMODAL,CLOCK_CALIBRATION_VALIDATED,0.35135135135135137,0.3407821229050279,0.9736842105263158,0.9491525423728814,0.8947368421052632,0.96045197740113,-0.07894736842105265
0021500310,4.5,12,31,45,150,27,33,150,156,28,33,152,156,SHARP_UNIMODAL,CLOCK_CALIBRATION_VALIDATED,0.3870967741935484,0.3,0.8181818181818182,0.9615384615384616,0.8484848484848485,0.9743589743589743,0.030303030303030276
0021500311,3.0,10,35,68,158,34,35,166,168,34,35,167,168,FLAT_PLATEAU,CLOCK_CALIBRATION_VALIDATED,0.2857142857142857,0.43037974683544306,0.9714285714285714,0.9880952380952381,0.9714285714285714,0.9940476190476191,0.0
0021500312,5.5,10,29,50,164,30,31,170,171,29,31,170,170,MULTIMODAL,AMBIGUOUS_LEAD,0.3448275862068966,0.3048780487804878,0.967741935483871,0.9941520467836257,0.9354838709677419,1.0,-0.032258064516129115
0021500313,6.0,6,25,35,150,24,24,144,152,23,25,149,154,FLAT_PLATEAU,CLOCK_CALIBRATION_VALIDATED,0.24,0.23333333333333334,1.0,0.9473684210526315,0.92,0.9675324675324676,-0.07999999999999996
0021500314,2.5,12,30,56,183,27,31,190,195,28,31,191,194,FLAT_PLATEAU,CLOCK_CALIBRATION_VALIDATED,0.4,0.30601092896174864,0.8709677419354839,0.9743589743589743,0.9032258064516129,0.9845360824742269,0.032258064516129004
0021500315,4.0,7,44,54,160,46,47,160,163,46,47,160,163,SHARP_UNIMODAL,CLOCK_CALIBRATION_VALIDATED,0.1590909090909091,0.3375,0.9787234042553191,0.9815950920245399,0.9787234042553191,0.9815950920245399,0.0
0021500316,4.0,7,26,49,158,24,27,162,163,24,27,162,163,FLAT_PLATEAU,CLOCK_CALIBRATION_VALIDATED,0.2692307692307692,0.310126582278481,0.8888888888888888,0.9938650306748467,0.8888888888888888,0.9938650306748467,0.0
0021500317,6.0,15,34,45,167,32,37,159,172,29,37,163,172,FLAT_PLATEAU,HOLDOUT_FAIL,0.4411764705882353,0.2694610778443114,0.8648648648648649,0.9244186046511628,0.7837837837837838,0.9476744186046512,-0.08108108108108114
0021500318,4.5,12,27,43,166,25,26,162,169,25,26,164,169,FLAT_PLATEAU,CLOCK_CALIBRATION_VALIDATED,0.4444444444444444,0.25903614457831325,0.9615384615384616,0.9585798816568047,0.9615384615384616,0.9704142011834319,0.0
0021500319,4.0,13,28,64,166,26,28,177,183,26,28,177,183,SHARP_UNIMODAL,CLOCK_CALIBRATION_VALIDATED,0.4642857142857143,0.3855421686746988,0.9285714285714286,0.9672131147540983,0.9285714285714286,0.9672131147540983,0.0
0021500320,5.5,13,27,41,150,26,27,148,156,24,27,151,155,FLAT_PLATEAU,CLOCK_CALIBRATION_VALIDATED,0.48148148148148145,0.2733333333333333,0.9629629629629629,0.9487179487179487,0.8888888888888888,0.9741935483870968,-0.07407407407407407
0021500321,4.5,17,37,51,163,33,37,169,172,34,37,168,170,FLAT_PLATEAU,CLOCK_CALIBRATION_VALIDATED,0.4594594594594595,0.3128834355828221,0.8918918918918919,0.9825581395348837,0.918918918918919,0.9882352941176471,0.027027027027027084
0021500322,5.5,19,29,44,173,22,29,162,175,24,29,167,174,FLAT_PLATEAU,CLOCK_CALIBRATION_VALIDATED,0.6551724137931034,0.2543352601156069,0.7586206896551724,0.9257142857142857,0.8275862068965517,0.9597701149425287,0.06896551724137934
0021500323,4.0,15,36,36,134,35,37,137,138,35,37,137,138,FLAT_PLATEAU,CLOCK_CALIBRATION_VALIDATED,0.4166666666666667,0.26865671641791045,0.9459459459459459,0.9927536231884058,0.9459459459459459,0.9927536231884058,0.0
0021500324,4.5,6,22,41,151,20,22,147,154,19,21,147,152,MULTIMODAL,AMBIGUOUS_LEAD,0.2727272727272727,0.271523178807947,0.9090909090909091,0.9545454545454546,0.9047619047619048,0.9671052631578947,-0.0043290043290042934
0021500325,3.5,8,23,68,179,20,23,183,186,20,23,184,186,MULTIMODAL,AMBIGUOUS_LEAD,0.34782608695652173,0.37988826815642457,0.8695652173913043,0.9838709677419355,0.8695652173913043,0.989247311827957,0.0
0021500326,4.0,8,33,50,152,32,34,162,162,32,34,162,162,MULTIMODAL,AMBIGUOUS_LEAD,0.24242424242424243,0.32894736842105265,0.9411764705882353,1.0,0.9411764705882353,1.0,0.0
0021500327,3.0,7,23,41,147,22,24,155,158,23,24,157,158,FLAT_PLATEAU,CLOCK_CALIBRATION_VALIDATED,0.30434782608695654,0.2789115646258503,0.9166666666666666,0.9810126582278481,0.9583333333333334,0.9936708860759493,0.04166666666666674
0021500328,3.0,5,19,48,141,17,17,139,142,16,17,142,144,FLAT_PLATEAU,CLOCK_CALIBRATION_VALIDATED,0.2631578947368421,0.3404255319148936,1.0,0.9788732394366197,0.9411764705882353,0.9861111111111112,-0.05882352941176472
0021500329,4.5,10,28,54,155,28,29,156,161,27,29,156,160,FLAT_PLATEAU,CLOCK_CALIBRATION_VALIDATED,0.35714285714285715,0.34838709677419355,0.9655172413793104,0.968944099378882,0.9310344827586207,0.975,-0.034482758620689724
0021500330,5.0,8,24,46,172,23,24,163,167,22,24,163,166,MULTIMODAL,AMBIGUOUS_LEAD,0.3333333333333333,0.26744186046511625,0.9583333333333334,0.9760479041916168,0.9166666666666666,0.9819277108433735,-0.04166666666666674
0021500331,4.5,10,22,54,149,19,23,154,158,21,23,154,157,FLAT_PLATEAU,CLOCK_CALIBRATION_VALIDATED,0.45454545454545453,0.3624161073825503,0.8260869565217391,0.9746835443037974,0.9130434782608695,0.9808917197452229,0.08695652173913038
0021500332,4.5,10,29,40,169,27,29,171,176,28,29,172,176,MULTIMODAL,AMBIGUOUS_LEAD,0.3448275862068966,0.23668639053254437,0.9310344827586207,0.9715909090909091,0.9655172413793104,0.9772727272727273,0.034482758620689724
0021500333,3.5,6,30,37,163,28,31,155,160,29,31,157,161,DRIFTING,AMBIGUOUS_LEAD,0.2,0.22699386503067484,0.9032258064516129,0.96875,0.9354838709677419,0.9751552795031055,0.032258064516129004
0021500334,4.0,11,36,41,129,33,35,126,133,33,35,126,133,MULTIMODAL,AMBIGUOUS_LEAD,0.3055555555555556,0.3178294573643411,0.9428571428571428,0.9473684210526315,0.9428571428571428,0.9473684210526315,0.0
0021500335,5.0,16,31,57,148,30,30,152,155,26,28,155,156,FLAT_PLATEAU,CLOCK_CALIBRATION_VALIDATED,0.5161290322580645,0.38513513513513514,1.0,0.9806451612903225,0.9285714285714286,0.9935897435897436,-0.0714285714285714
0021500336,3.0,16,33,94,204,29,33,213,219,29,33,218,220,FLAT_PLATEAU,CLOCK_CALIBRATION_VALIDATED,0.48484848484848486,0.46078431372549017,0.8787878787878788,0.9726027397260274,0.8787878787878788,0.990909090909091,0.0
0021500337,4.5,8,29,39,142,28,30,142,147,29,30,142,146,MULTIMODAL,AMBIGUOUS_LEAD,0.27586206896551724,0.2746478873239437,0.9333333333333333,0.9659863945578231,0.9666666666666667,0.9726027397260274,0.033333333333333326
0021500338,5.5,11,25,46,142,24,25,152,157,23,25,154,158,MULTIMODAL,AMBIGUOUS_LEAD,0.44,0.323943661971831,0.96,0.9681528662420382,0.92,0.9746835443037974,-0.039999999999999925
0021500339,3.5,5,22,48,143,22,26,150,154,23,25,155,156,FLAT_PLATEAU,CLOCK_CALIBRATION_VALIDATED,0.22727272727272727,0.3356643356643357,0.8461538461538461,0.974025974025974,0.92,0.9935897435897436,0.0738461538461539
0021500340,5.0,8,21,53,167,20,20,157,168,19,20,164,170,SHARP_UNIMODAL,CLOCK_CALIBRATION_VALIDATED,0.38095238095238093,0.31736526946107785,1.0,0.9345238095238095,0.95,0.9647058823529412,-0.050000000000000044
0021500341,4.5,12,24,31,150,24,24,151,157,23,24,154,157,FLAT_PLATEAU,CLOCK_CALIBRATION_VALIDATED,0.5,0.20666666666666667,1.0,0.9617834394904459,0.9583333333333334,0.9808917197452229,-0.04166666666666663
0021500342,5.0,11,27,36,161,27,28,167,170,26,28,167,169,MULTIMODAL,AMBIGUOUS_LEAD,0.4074074074074074,0.2236024844720497,0.9642857142857143,0.9823529411764705,0.9285714285714286,0.9881656804733728,-0.0357142857142857
0021500343,4.5,4,19,47,168,17,20,158,165,17,18,159,166,DRIFTING,DRIFTING_LEAD,0.21052631578947367,0.27976190476190477,0.85,0.9575757575757575,0.9444444444444444,0.9578313253012049,0.09444444444444444
0021500344,4.0,10,28,64,155,28,28,162,164,28,28,162,164,FLAT_PLATEAU,CLOCK_CALIBRATION_VALIDATED,0.35714285714285715,0.4129032258064516,1.0,0.9878048780487805,1.0,0.9878048780487805,0.0
0021500345,4.0,9,16,47,172,14,15,181,184,14,15,181,184,FLAT_PLATEAU,CLOCK_CALIBRATION_VALIDATED,0.5625,0.27325581395348836,0.9333333333333333,0.9836956521739131,0.9333333333333333,0.9836956521739131,0.0
0021500346,5.5,13,30,35,166,27,30,154,168,28,30,160,168,SHARP_UNIMODAL,CLOCK_CALIBRATION_VALIDATED,0.43333333333333335,0.21084337349397592,0.9,0.9166666666666666,0.9333333333333333,0.9523809523809523,0.033333333333333326
0021500347,2.5,15,36,35,123,32,35,123,129,30,32,124,128,MULTIMODAL,AMBIGUOUS_LEAD,0.4166666666666667,0.2845528455284553,0.9142857142857143,0.9534883720930233,0.9375,0.96875,0.023214285714285743
0021500348,4.0,5,22,41,164,22,22,160,164,22,22,160,164,SHARP_UNIMODAL,CLOCK_CALIBRATION_VALIDATED,0.22727272727272727,0.25,1.0,0.975609756097561,1.0,0.975609756097561,0.0
0021500349,4.0,10,35,60,174,31,34,171,177,31,34,171,177,FLAT_PLATEAU,CLOCK_CALIBRATION_VALIDATED,0.2857142857142857,0.3448275862068966,0.9117647058823529,0.9661016949152542,0.9117647058823529,0.9661016949152542,0.0
0021500350,3.0,10,25,42,151,24,24,157,159,24,24,159,160,FLAT_PLATEAU,CLOCK_CALIBRATION_VALIDATED,0.4,0.2781456953642384,1.0,0.9874213836477987,1.0,0.99375,0.0
0021500351,4.0,8,30,57,168,29,29,161,169,29,29,161,169,SHARP_UNIMODAL,CLOCK_CALIBRATION_VALIDATED,0.26666666666666666,0.3392857142857143,1.0,0.9526627218934911,1.0,0.9526627218934911,0.0
0021500352,5.0,10,18,42,156,17,17,158,162,17,17,160,163,FLAT_PLATEAU,CLOCK_CALIBRATION_VALIDATED,0.5555555555555556,0.2692307692307692,1.0,0.9753086419753086,1.0,0.9815950920245399,0.0
0021500353,3.0,11,34,52,127,30,33,133,138,30,32,136,137,SHARP_UNIMODAL,CLOCK_CALIBRATION_VALIDATED,0.3235294117647059,0.4094488188976378,0.9090909090909091,0.9637681159420289,0.9375,0.9927007299270073,0.02840909090909094
0021500354,4.0,3,22,43,150,23,23,151,152,23,23,151,152,FLAT_PLATEAU,CLOCK_CALIBRATION_VALIDATED,0.13636363636363635,0.2866666666666667,1.0,0.993421052631579,1.0,0.993421052631579,0.0
0021500355,6.0,12,29,37,156,26,30,154,162,26,30,159,162,FLAT_PLATEAU,CLOCK_CALIBRATION_VALIDATED,0.41379310344827586,0.23717948717948717,0.8666666666666667,0.9506172839506173,0.8666666666666667,0.9814814814814815,0.0
0021500356,3.0,9,17,46,109,16,17,114,118,16,17,115,118,FLAT_PLATEAU,CLOCK_CALIBRATION_VALIDATED,0.5294117647058824,0.42201834862385323,0.9411764705882353,0.9661016949152542,0.9411764705882353,0.9745762711864406,0.0
0021500357,2.0,11,28,39,150,23,28,148,153,25,27,152,153,SHARP_UNIMODAL,CLOCK_CALIBRATION_VALIDATED,0.39285714285714285,0.26,0.8214285714285714,0.9673202614379085,0.9259259259259259,0.9934640522875817,0.10449735449735453
0021500358,4.5,14,31,42,154,30,32,152,154,30,32,153,153,MULTIMODAL,AMBIGUOUS_LEAD,0.45161290322580644,0.2727272727272727,0.9375,0.987012987012987,0.9375,1.0,0.0
0021500359,6.0,10,27,41,178,27,27,170,184,25,28,178,183,FLAT_PLATEAU,CLOCK_CALIBRATION_VALIDATED,0.37037037037037035,0.2303370786516854,1.0,0.9239130434782609,0.8928571428571429,0.9726775956284153,-0.1071428571428571
0021500360,4.0,15,29,47,169,27,29,169,173,27,29,169,173,FLAT_PLATEAU,CLOCK_CALIBRATION_VALIDATED,0.5172413793103449,0.2781065088757396,0.9310344827586207,0.976878612716763,0.9310344827586207,0.976878612716763,0.0
0021500361,3.5,6,23,42,172,24,24,169,173,24,24,171,172,SHARP_UNIMODAL,CLOCK_CALIBRATION_VALIDATED,0.2608695652173913,0.2441860465116279,1.0,0.976878612716763,1.0,0.9941860465116279,0.0
0021500362,5.0,12,29,47,153,27,29,154,158,25,28,158,158,DRIFTING,DRIFTING_LEAD,0.41379310344827586,0.30718954248366015,0.9310344827586207,0.9746835443037974,0.8928571428571429,1.0,-0.03817733990147776
0021500363,3.0,8,29,43,150,26,30,145,148,28,30,147,150,FLAT_PLATEAU,CLOCK_CALIBRATION_VALIDATED,0.27586206896551724,0.2866666666666667,0.8666666666666667,0.9797297297297297,0.9333333333333333,0.98,0.06666666666666665
0021500364,5.5,7,22,34,150,20,21,140,149,20,22,151,152,SHARP_UNIMODAL,CLOCK_CALIBRATION_VALIDATED,0.3181818181818182,0.22666666666666666,0.9523809523809523,0.9395973154362416,0.9090909090909091,0.993421052631579,-0.04329004329004327
0021500365,4.5,8,27,49,158,26,27,144,158,27,27,147,157,SHARP_UNIMODAL,CLOCK_CALIBRATION_VALIDATED,0.2962962962962963,0.310126582278481,0.9629629629629629,0.9113924050632911,1.0,0.9363057324840764,0.03703703703703709
0021500366,3.0,4,24,35,155,22,24,157,162,23,24,160,163,FLAT_PLATEAU,CLOCK_CALIBRATION_VALIDATED,0.16666666666666666,0.22580645161290322,0.9166666666666666,0.9691358024691358,0.9583333333333334,0.9815950920245399,0.04166666666666674
0021500367,3.5,13,24,45,156,22,24,160,163,23,24,161,163,FLAT_PLATEAU,CLOCK_CALIBRATION_VALIDATED,0.5416666666666666,0.28846153846153844,0.9166666666666666,0.9815950920245399,0.9583333333333334,0.9877300613496932,0.04166666666666674
0021500368,3.0,6,22,50,139,22,22,141,143,23,23,142,143,FLAT_PLATEAU,CLOCK_CALIBRATION_VALIDATED,0.2727272727272727,0.3597122302158273,1.0,0.986013986013986,1.0,0.993006993006993,0.0
0021500369,3.5,13,45,33,153,43,45,147,152,42,45,146,150,SHARP_UNIMODAL,CLOCK_CALIBRATION_VALIDATED,0.28888888888888886,0.21568627450980393,0.9555555555555556,0.9671052631578947,0.9333333333333333,0.9733333333333334,-0.022222222222222254
0021500370,6.0,11,25,35,168,24,25,152,166,20,25,160,165,FLAT_PLATEAU,CLOCK_CALIBRATION_VALIDATED,0.44,0.20833333333333334,0.96,0.9156626506024096,0.8,0.9696969696969697,-0.15999999999999992
0021500371,3.0,4,16,37,153,16,16,162,164,16,16,165,166,FLAT_PLATEAU,CLOCK_CALIBRATION_VALIDATED,0.25,0.24183006535947713,1.0,0.9878048780487805,1.0,0.9939759036144579,0.0
0021500372,3.5,9,29,26,135,24,28,136,138,26,28,138,139,SHARP_UNIMODAL,CLOCK_CALIBRATION_VALIDATED,0.3103448275862069,0.1925925925925926,0.8571428571428571,0.9855072463768116,0.9285714285714286,0.9928057553956835,0.07142857142857151
0021500373,4.0,7,18,40,158,18,18,158,161,18,18,158,161,FLAT_PLATEAU,CLOCK_CALIBRATION_VALIDATED,0.3888888888888889,0.25316455696202533,1.0,0.9813664596273292,1.0,0.9813664596273292,0.0
0021500374,8.0,20,29,38,159,28,28,148,160,19,27,148,157,DRIFTING,HOLDOUT_FAIL,0.6896551724137931,0.2389937106918239,1.0,0.925,0.7037037037037037,0.9426751592356688,-0.2962962962962963
0021500375,4.5,7,21,64,174,18,20,179,186,17,20,179,185,FLAT_PLATEAU,CLOCK_CALIBRATION_VALIDATED,0.3333333333333333,0.367816091954023,0.9,0.9623655913978495,0.85,0.9675675675675676,-0.050000000000000044
0021500376,4.0,14,33,47,144,32,33,148,149,32,33,148,149,FLAT_PLATEAU,CLOCK_CALIBRATION_VALIDATED,0.42424242424242425,0.3263888888888889,0.9696969696969697,0.9932885906040269,0.9696969696969697,0.9932885906040269,0.0
0021500377,4.0,12,27,45,158,25,26,156,157,25,26,156,157,SHARP_UNIMODAL,CLOCK_CALIBRATION_VALIDATED,0.4444444444444444,0.2848101265822785,0.9615384615384616,0.9936305732484076,0.9615384615384616,0.9936305732484076,0.0
0021500378,3.0,22,35,71,154,34,36,166,170,34,35,167,169,FLAT_PLATEAU,CLOCK_CALIBRATION_VALIDATED,0.6285714285714286,0.461038961038961,0.9444444444444444,0.9764705882352941,0.9714285714285714,0.9881656804733728,0.026984126984127
0021500379,5.0,6,23,26,153,22,23,150,157,20,23,148,152,FLAT_PLATEAU,CLOCK_CALIBRATION_VALIDATED,0.2608695652173913,0.16993464052287582,0.9565217391304348,0.9554140127388535,0.8695652173913043,0.9736842105263158,-0.08695652173913049
0021500380,4.5,9,22,30,137,21,21,137,139,21,21,138,139,MULTIMODAL,AMBIGUOUS_LEAD,0.4090909090909091,0.21897810218978103,1.0,0.9856115107913669,1.0,0.9928057553956835,0.0
0021500381,5.0,20,36,62,177,35,36,167,177,35,37,172,177,SHARP_UNIMODAL,CLOCK_CALIBRATION_VALIDATED,0.5555555555555556,0.3502824858757062,0.9722222222222222,0.943502824858757,0.9459459459459459,0.9717514124293786,-0.026276276276276267
0021500382,4.5,8,23,43,152,20,23,142,149,21,23,143,149,SHARP_UNIMODAL,CLOCK_CALIBRATION_VALIDATED,0.34782608695652173,0.28289473684210525,0.8695652173913043,0.9530201342281879,0.9130434782608695,0.959731543624161,0.04347826086956519
0021500383,3.0,8,20,56,172,20,21,177,181,20,21,178,182,MULTIMODAL,AMBIGUOUS_LEAD,0.4,0.32558139534883723,0.9523809523809523,0.9779005524861878,0.9523809523809523,0.978021978021978,0.0
0021500384,6.0,9,25,35,125,22,24,121,126,22,25,114,118,FLAT_PLATEAU,CLOCK_CALIBRATION_VALIDATED,0.36,0.28,0.9166666666666666,0.9603174603174603,0.88,0.9661016949152542,-0.036666666666666625
0021500385,5.0,10,26,41,161,22,24,148,157,22,25,151,156,FLAT_PLATEAU,CLOCK_CALIBRATION_VALIDATED,0.38461538461538464,0.2546583850931677,0.9166666666666666,0.9426751592356688,0.88,0.967948717948718,-0.036666666666666625
0021500386,4.5,6,22,39,148,22,22,154,158,22,22,155,158,MULTIMODAL,AMBIGUOUS_LEAD,0.2727272727272727,0.2635135135135135,1.0,0.9746835443037974,1.0,0.9810126582278481,0.0
0021500387,2.5,19,32,75,146,29,32,151,155,30,32,152,154,DRIFTING,DRIFTING_LEAD,0.59375,0.5136986301369864,0.90625,0.9741935483870968,0.9375,0.987012987012987,0.03125
0021500388,2.5,13,29,50,144,28,28,154,161,28,30,149,153,FLAT_PLATEAU,CLOCK_CALIBRATION_VALIDATED,0.4482758620689655,0.3472222222222222,1.0,0.9565217391304348,0.9333333333333333,0.9738562091503268,-0.06666666666666665
0021500389,4.0,16,33,46,155,30,33,155,164,30,33,155,164,FLAT_PLATEAU,CLOCK_CALIBRATION_VALIDATED,0.48484848484848486,0.2967741935483871,0.9090909090909091,0.9451219512195121,0.9090909090909091,0.9451219512195121,0.0
0021500390,5.0,7,20,36,149,18,19,138,145,19,20,139,145,MULTIMODAL,AMBIGUOUS_LEAD,0.35,0.24161073825503357,0.9473684210526315,0.9517241379310345,0.95,0.9586206896551724,0.0026315789473684292
0021500391,4.0,9,26,78,234,24,27,223,232,24,27,223,232,FLAT_PLATEAU,CLOCK_CALIBRATION_VALIDATED,0.34615384615384615,0.3333333333333333,0.8888888888888888,0.9612068965517241,0.8888888888888888,0.9612068965517241,0.0
0021500392,3.5,16,30,88,151,30,30,152,156,30,30,155,157,FLAT_PLATEAU,CLOCK_CALIBRATION_VALIDATED,0.5333333333333333,0.5827814569536424,1.0,0.9743589743589743,1.0,0.9872611464968153,0.0
0021500393,3.5,3,17,31,138,18,18,143,146,18,18,145,147,FLAT_PLATEAU,CLOCK_CALIBRATION_VALIDATED,0.17647058823529413,0.2246376811594203,1.0,0.9794520547945206,1.0,0.9863945578231292,0.0
0021500394,4.0,8,29,48,148,30,30,149,151,30,30,149,151,FLAT_PLATEAU,CLOCK_CALIBRATION_VALIDATED,0.27586206896551724,0.32432432432432434,1.0,0.9867549668874173,1.0,0.9867549668874173,0.0
0021500395,5.5,10,28,39,143,27,28,146,151,27,28,146,148,FLAT_PLATEAU,CLOCK_CALIBRATION_VALIDATED,0.35714285714285715,0.2727272727272727,0.9642857142857143,0.9668874172185431,0.9642857142857143,0.9864864864864865,0.0
0021500396,3.5,15,35,47,136,35,36,136,140,35,36,136,140,DRIFTING,DRIFTING_LEAD,0.42857142857142855,0.34558823529411764,0.9722222222222222,0.9714285714285714,0.9722222222222222,0.9714285714285714,0.0
0021500397,3.5,18,31,66,173,30,31,173,178,31,31,173,178,SHARP_UNIMODAL,CLOCK_CALIBRATION_VALIDATED,0.5806451612903226,0.3815028901734104,0.967741935483871,0.9719101123595506,1.0,0.9719101123595506,0.032258064516129004
0021500398,2.5,15,29,73,157,29,29,162,169,26,29,165,167,SHARP_UNIMODAL,CLOCK_CALIBRATION_VALIDATED,0.5172413793103449,0.46496815286624205,1.0,0.9585798816568047,0.896551724137931,0.9880239520958084,-0.10344827586206895
0021500399,5.5,8,28,45,162,30,31,158,166,27,31,160,168,FLAT_PLATEAU,CLOCK_CALIBRATION_VALIDATED,0.2857142857142857,0.2777777777777778,0.967741935483871,0.9518072289156626,0.8709677419354839,0.9523809523809523,-0.09677419354838712
0021500400,2.5,13,24,97,156,23,24,172,175,22,24,173,176,DRIFTING,AMBIGUOUS_LEAD,0.5416666666666666,0.6217948717948718,0.9583333333333334,0.9828571428571429,0.9166666666666666,0.9829545454545454,-0.04166666666666674
0021500401,3.0,10,26,69,150,26,27,155,156,26,26,157,157,FLAT_PLATEAU,CLOCK_CALIBRATION_VALIDATED,0.38461538461538464,0.46,0.9629629629629629,0.9935897435897436,1.0,1.0,0.03703703703703709
0021500402,3.0,9,26,54,142,24,25,151,158,24,26,153,158,DRIFTING,DRIFTING_LEAD,0.34615384615384615,0.38028169014084506,0.96,0.9556962025316456,0.9230769230769231,0.9683544303797469,-0.036923076923076836
0021500403,5.0,9,27,42,156,25,27,149,157,25,27,153,157,DRIFTING,DRIFTING_LEAD,0.3333333333333333,0.2692307692307692,0.9259259259259259,0.9490445859872612,0.9259259259259259,0.9745222929936306,0.0
0021500404,3.5,10,30,48,150,29,30,152,155,29,30,153,154,SHARP_UNIMODAL,CLOCK_CALIBRATION_VALIDATED,0.3333333333333333,0.32,0.9666666666666667,0.9806451612903225,0.9666666666666667,0.9935064935064936,0.0
0021500405,4.5,11,29,41,167,28,29,160,169,28,29,164,170,FLAT_PLATEAU,CLOCK_CALIBRATION_VALIDATED,0.3793103448275862,0.24550898203592814,0.9655172413793104,0.9467455621301775,0.9655172413793104,0.9647058823529412,0.0
0021500406,3.5,12,33,34,146,29,32,150,152,30,32,151,152,FLAT_PLATEAU,CLOCK_CALIBRATION_VALIDATED,0.36363636363636365,0.2328767123287671,0.90625,0.9868421052631579,0.9375,0.993421052631579,0.03125
0021500407,3.5,11,32,47,151,29,32,157,158,29,32,158,158,SHARP_UNIMODAL,CLOCK_CALIBRATION_VALIDATED,0.34375,0.31125827814569534,0.90625,0.9936708860759493,0.90625,1.0,0.0
0021500408,3.5,10,26,57,158,25,27,164,170,25,27,166,170,SHARP_UNIMODAL,CLOCK_CALIBRATION_VALIDATED,0.38461538461538464,0.36075949367088606,0.9259259259259259,0.9647058823529412,0.9259259259259259,0.9764705882352941,0.0
0021500409,6.0,5,15,45,172,12,15,160,171,14,15,166,172,MULTIMODAL,AMBIGUOUS_LEAD,0.3333333333333333,0.2616279069767442,0.8,0.935672514619883,0.9333333333333333,0.9651162790697675,0.1333333333333333
0021500410,3.0,5,25,46,164,25,26,167,174,25,26,170,174,FLAT_PLATEAU,CLOCK_CALIBRATION_VALIDATED,0.2,0.2804878048780488,0.9615384615384616,0.9597701149425287,0.9615384615384616,0.9770114942528736,0.0
0021500411,4.0,13,28,62,162,27,28,165,168,27,28,165,168,MULTIMODAL,AMBIGUOUS_LEAD,0.4642857142857143,0.38271604938271603,0.9642857142857143,0.9821428571428571,0.9642857142857143,0.9821428571428571,0.0
0021500412,4.0,8,23,48,154,22,23,161,162,22,23,161,162,SHARP_UNIMODAL,CLOCK_CALIBRATION_VALIDATED,0.34782608695652173,0.3116883116883117,0.9565217391304348,0.9938271604938271,0.9565217391304348,0.9938271604938271,0.0
0021500413,3.5,15,27,55,150,25,28,150,157,24,28,155,156,MULTIMODAL,AMBIGUOUS_LEAD,0.5555555555555556,0.36666666666666664,0.8928571428571429,0.9554140127388535,0.8571428571428571,0.9935897435897436,-0.03571428571428581
0021500414,3.0,10,27,53,185,24,26,182,187,25,26,183,187,FLAT_PLATEAU,CLOCK_CALIBRATION_VALIDATED,0.37037037037037035,0.2864864864864865,0.9230769230769231,0.9732620320855615,0.9615384615384616,0.9786096256684492,0.038461538461538436
0021500415,2.5,14,28,71,142,29,30,149,152,29,30,150,153,DRIFTING,AMBIGUOUS_LEAD,0.5,0.5,0.9666666666666667,0.9802631578947368,0.9666666666666667,0.9803921568627451,0.0
0021500416,4.5,9,23,31,170,21,23,176,178,22,23,177,178,FLAT_PLATEAU,CLOCK_CALIBRATION_VALIDATED,0.391304347826087,0.18235294117647058,0.9130434782608695,0.9887640449438202,0.9565217391304348,0.9943820224719101,0.0434782608695653
0021500417,4.0,11,22,34,152,23,23,153,157,23,23,153,157,SHARP_UNIMODAL,CLOCK_CALIBRATION_VALIDATED,0.5,0.2236842105263158,1.0,0.9745222929936306,1.0,0.9745222929936306,0.0
0021500418,4.5,7,24,40,168,21,24,165,172,21,24,167,172,MULTIMODAL,AMBIGUOUS_LEAD,0.2916666666666667,0.23809523809523808,0.875,0.9593023255813954,0.875,0.9709302325581395,0.0
0021500419,2.5,14,37,42,137,33,36,140,146,35,38,145,148,SHARP_UNIMODAL,CLOCK_CALIBRATION_VALIDATED,0.3783783783783784,0.30656934306569344,0.9166666666666666,0.958904109589041,0.9210526315789473,0.9797297297297297,0.004385964912280715
0021500420,4.0,10,21,47,159,19,20,162,164,19,20,162,164,MULTIMODAL,AMBIGUOUS_LEAD,0.47619047619047616,0.29559748427672955,0.95,0.9878048780487805,0.95,0.9878048780487805,0.0
0021500421,3.0,10,23,41,160,20,21,156,165,20,22,160,166,FLAT_PLATEAU,CLOCK_CALIBRATION_VALIDATED,0.43478260869565216,0.25625,0.9523809523809523,0.9454545454545454,0.9090909090909091,0.963855421686747,-0.04329004329004327
0021500422,5.0,16,23,47,161,22,23,168,174,23,23,172,174,SHARP_UNIMODAL,CLOCK_CALIBRATION_VALIDATED,0.6956521739130435,0.2919254658385093,0.9565217391304348,0.9655172413793104,1.0,0.9885057471264368,0.04347826086956519
0021500423,5.5,14,28,47,157,29,29,156,165,28,29,158,166,FLAT_PLATEAU,CLOCK_CALIBRATION_VALIDATED,0.5,0.29936305732484075,1.0,0.9454545454545454,0.9655172413793104,0.9518072289156626,-0.03448275862068961
0021500424,4.5,4,14,35,153,18,18,147,152,18,18,152,153,MULTIMODAL,AMBIGUOUS_LEAD,0.2857142857142857,0.22875816993464052,1.0,0.9671052631578947,1.0,0.9934640522875817,0.0
0021500425,3.0,4,27,40,174,25,27,174,175,26,27,175,175,FLAT_PLATEAU,CLOCK_CALIBRATION_VALIDATED,0.14814814814814814,0.22988505747126436,0.9259259259259259,0.9942857142857143,0.9629629629629629,1.0,0.03703703703703698
0021500426,3.5,14,23,64,158,21,23,159,161,21,23,160,161,FLAT_PLATEAU,CLOCK_CALIBRATION_VALIDATED,0.6086956521739131,0.4050632911392405,0.9130434782608695,0.9875776397515528,0.9130434782608695,0.9937888198757764,0.0
0021500427,4.5,3,21,48,149,22,22,150,153,21,22,152,154,FLAT_PLATEAU,CLOCK_CALIBRATION_VALIDATED,0.14285714285714285,0.3221476510067114,1.0,0.9803921568627451,0.9545454545454546,0.987012987012987,-0.045454545454545414
0021500428,4.5,14,23,57,175,25,26,169,175,25,26,171,175,FLAT_PLATEAU,CLOCK_CALIBRATION_VALIDATED,0.6086956521739131,0.32571428571428573,0.9615384615384616,0.9657142857142857,0.9615384615384616,0.9771428571428571,0.0
0021500429,4.0,13,27,56,171,24,25,169,176,24,25,169,176,SHARP_UNIMODAL,CLOCK_CALIBRATION_VALIDATED,0.48148148148148145,0.32748538011695905,0.96,0.9602272727272727,0.96,0.9602272727272727,0.0
0021500430,3.5,7,36,61,159,37,37,162,165,36,37,165,166,SHARP_UNIMODAL,CLOCK_CALIBRATION_VALIDATED,0.19444444444444445,0.3836477987421384,1.0,0.9818181818181818,0.972972972972973,0.9939759036144579,-0.027027027027026973
0021500431,4.5,11,28,45,150,28,28,153,154,27,27,154,154,FLAT_PLATEAU,CLOCK_CALIBRATION_VALIDATED,0.39285714285714285,0.3,1.0,0.9935064935064936,1.0,1.0,0.0
0021500432,4.0,14,24,63,175,23,24,176,180,23,24,176,180,DRIFTING,DRIFTING_LEAD,0.5833333333333334,0.36,0.9583333333333334,0.9777777777777777,0.9583333333333334,0.9777777777777777,0.0
0021500433,4.5,14,33,41,160,31,31,159,161,29,30,161,162,MULTIMODAL,AMBIGUOUS_LEAD,0.42424242424242425,0.25625,1.0,0.9875776397515528,0.9666666666666667,0.9938271604938271,-0.033333333333333326
0021500434,4.0,16,32,54,157,32,33,160,163,32,33,160,163,MULTIMODAL,AMBIGUOUS_LEAD,0.5,0.34394904458598724,0.9696969696969697,0.9815950920245399,0.9696969696969697,0.9815950920245399,0.0
0021500435,3.5,12,24,47,181,22,24,175,184,22,24,175,184,FLAT_PLATEAU,CLOCK_CALIBRATION_VALIDATED,0.5,0.2596685082872928,0.9166666666666666,0.9510869565217391,0.9166666666666666,0.9510869565217391,0.0
0021500436,5.5,17,34,47,175,31,34,172,177,30,34,175,178,FLAT_PLATEAU,CLOCK_CALIBRATION_VALIDATED,0.5,0.26857142857142857,0.9117647058823529,0.9717514124293786,0.8823529411764706,0.9831460674157303,-0.02941176470588236
0021500437,3.0,16,29,92,182,25,29,180,188,24,28,183,188,MULTIMODAL,AMBIGUOUS_LEAD,0.5517241379310345,0.5054945054945055,0.8620689655172413,0.9574468085106383,0.8571428571428571,0.973404255319149,-0.0049261083743842304
0021500438,5.5,15,27,72,167,26,27,164,172,26,27,169,173,SHARP_UNIMODAL,CLOCK_CALIBRATION_VALIDATED,0.5555555555555556,0.4311377245508982,0.9629629629629629,0.9534883720930233,0.9629629629629629,0.976878612716763,0.0
0021500439,3.0,11,29,72,145,29,31,151,155,30,30,150,153,DRIFTING,DRIFTING_LEAD,0.3793103448275862,0.496551724137931,0.9354838709677419,0.9741935483870968,1.0,0.9803921568627451,0.06451612903225812
0021500440,4.5,9,31,35,152,29,31,157,159,28,31,158,160,FLAT_PLATEAU,CLOCK_CALIBRATION_VALIDATED,0.2903225806451613,0.23026315789473684,0.9354838709677419,0.9874213836477987,0.9032258064516129,0.9875,-0.032258064516129004
0021500441,5.0,10,19,51,152,20,20,150,155,19,19,152,155,FLAT_PLATEAU,CLOCK_CALIBRATION_VALIDATED,0.5263157894736842,0.3355263157894737,1.0,0.967741935483871,1.0,0.9806451612903225,0.0
0021500442,5.0,13,30,47,159,28,30,158,164,27,30,156,158,SHARP_UNIMODAL,CLOCK_CALIBRATION_VALIDATED,0.43333333333333335,0.29559748427672955,0.9333333333333333,0.9634146341463414,0.9,0.9873417721518988,-0.033333333333333326
0021500443,4.5,11,29,47,156,28,29,151,158,28,29,152,158,MULTIMODAL,AMBIGUOUS_LEAD,0.3793103448275862,0.30128205128205127,0.9655172413793104,0.9556962025316456,0.9655172413793104,0.9620253164556962,0.0
0021500444,4.0,4,15,45,138,15,15,143,144,15,15,143,144,FLAT_PLATEAU,CLOCK_CALIBRATION_VALIDATED,0.26666666666666666,0.32608695652173914,1.0,0.9930555555555556,1.0,0.9930555555555556,0.0
0021500445,4.5,9,23,43,146,23,23,140,144,23,23,142,144,DRIFTING,DRIFTING_LEAD,0.391304347826087,0.2945205479452055,1.0,0.9722222222222222,1.0,0.9861111111111112,0.0
0021500446,6.5,12,29,44,166,25,29,160,173,21,29,165,174,FLAT_PLATEAU,HOLDOUT_FAIL,0.41379310344827586,0.26506024096385544,0.8620689655172413,0.9248554913294798,0.7241379310344828,0.9482758620689655,-0.13793103448275856
0021500447,4.0,9,27,59,173,28,28,163,169,28,28,163,169,MULTIMODAL,AMBIGUOUS_LEAD,0.3333333333333333,0.34104046242774566,1.0,0.9644970414201184,1.0,0.9644970414201184,0.0
0021500448,4.0,12,42,52,142,37,41,151,154,37,41,151,154,FLAT_PLATEAU,CLOCK_CALIBRATION_VALIDATED,0.2857142857142857,0.36619718309859156,0.9024390243902439,0.9805194805194806,0.9024390243902439,0.9805194805194806,0.0
0021500449,3.5,12,25,48,142,23,25,142,147,23,25,146,148,SHARP_UNIMODAL,CLOCK_CALIBRATION_VALIDATED,0.48,0.3380281690140845,0.92,0.9659863945578231,0.92,0.9864864864864865,0.0
0021500450,5.0,6,25,38,161,25,25,150,160,24,25,152,158,FLAT_PLATEAU,CLOCK_CALIBRATION_VALIDATED,0.24,0.2360248447204969,1.0,0.9375,0.96,0.9620253164556962,-0.040000000000000036
0021500451,3.5,12,35,52,153,33,34,152,159,33,34,154,160,FLAT_PLATEAU,CLOCK_CALIBRATION_VALIDATED,0.34285714285714286,0.33986928104575165,0.9705882352941176,0.9559748427672956,0.9705882352941176,0.9625,0.0
0021500452,3.0,9,28,41,147,25,27,150,151,27,28,152,153,SHARP_UNIMODAL,CLOCK_CALIBRATION_VALIDATED,0.32142857142857145,0.2789115646258503,0.9259259259259259,0.9933774834437086,0.9642857142857143,0.9934640522875817,0.03835978835978837
0021500453,4.0,9,25,38,158,25,25,163,165,25,25,163,165,FLAT_PLATEAU,CLOCK_CALIBRATION_VALIDATED,0.36,0.24050632911392406,1.0,0.9878787878787879,1.0,0.9878787878787879,0.0
0021500454,3.0,12,23,76,164,20,23,172,173,23,23,173,174,MULTIMODAL,AMBIGUOUS_LEAD,0.5217391304347826,0.4634146341463415,0.8695652173913043,0.9942196531791907,1.0,0.9942528735632183,0.13043478260869568
0021500455,4.5,5,22,41,156,22,23,153,159,22,23,153,158,SHARP_UNIMODAL,CLOCK_CALIBRATION_VALIDATED,0.22727272727272727,0.26282051282051283,0.9565217391304348,0.9622641509433962,0.9565217391304348,0.9683544303797469,0.0
0021500456,3.0,12,24,66,163,23,24,171,176,23,24,173,176,FLAT_PLATEAU,CLOCK_CALIBRATION_VALIDATED,0.5,0.4049079754601227,0.9583333333333334,0.9715909090909091,0.9583333333333334,0.9829545454545454,0.0
0021500457,4.5,13,39,30,157,37,39,150,155,36,40,155,160,FLAT_PLATEAU,CLOCK_CALIBRATION_VALIDATED,0.3333333333333333,0.1910828025477707,0.9487179487179487,0.967741935483871,0.9,0.96875,-0.048717948717948656
0021500458,5.5,7,21,35,164,20,20,165,174,20,21,171,174,SHARP_UNIMODAL,CLOCK_CALIBRATION_VALIDATED,0.3333333333333333,0.21341463414634146,1.0,0.9482758620689655,0.9523809523809523,0.9827586206896551,-0.04761904761904767
0021500459,4.5,6,31,36,145,28,28,146,147,27,28,147,147,FLAT_PLATEAU,CLOCK_CALIBRATION_VALIDATED,0.1935483870967742,0.2482758620689655,1.0,0.9931972789115646,0.9642857142857143,1.0,-0.0357142857142857
0021500460,3.5,8,20,33,146,17,18,147,149,18,18,147,149,DRIFTING,DRIFTING_LEAD,0.4,0.22602739726027396,0.9444444444444444,0.9865771812080537,1.0,0.9865771812080537,0.05555555555555558
0021500461,5.0,8,32,45,151,30,32,159,162,30,31,163,163,DRIFTING,DRIFTING_LEAD,0.25,0.2980132450331126,0.9375,0.9814814814814815,0.967741935483871,1.0,0.030241935483870996
0021500462,3.5,7,26,41,146,23,25,141,148,22,25,144,147,SHARP_UNIMODAL,CLOCK_CALIBRATION_VALIDATED,0.2692307692307692,0.2808219178082192,0.92,0.9527027027027027,0.88,0.9795918367346939,-0.040000000000000036
0021500463,3.0,3,15,47,166,16,16,161,165,15,16,162,166,FLAT_PLATEAU,CLOCK_CALIBRATION_VALIDATED,0.2,0.28313253012048195,1.0,0.9757575757575757,0.9375,0.9759036144578314,-0.0625
0021500464,2.5,6,17,32,135,13,14,139,144,13,14,141,145,FLAT_PLATEAU,CLOCK_CALIBRATION_VALIDATED,0.35294117647058826,0.23703703703703705,0.9285714285714286,0.9652777777777778,0.9285714285714286,0.9724137931034482,0.0
0021500465,3.5,8,27,30,133,23,24,133,136,24,24,131,133,MULTIMODAL,AMBIGUOUS_LEAD,0.2962962962962963,0.22556390977443608,0.9583333333333334,0.9779411764705882,1.0,0.9849624060150376,0.04166666666666663
0021500466,3.0,11,30,40,127,26,29,132,134,23,27,132,133,SHARP_UNIMODAL,CLOCK_CALIBRATION_VALIDATED,0.36666666666666664,0.31496062992125984,0.896551724137931,0.9850746268656716,0.8518518518518519,0.9924812030075187,-0.04469987228607919
0021500467,5.5,11,32,42,158,29,32,165,169,27,33,167,169,FLAT_PLATEAU,CLOCK_CALIBRATION_VALIDATED,0.34375,0.26582278481012656,0.90625,0.9763313609467456,0.8181818181818182,0.9881656804733728,-0.08806818181818177
0021500468,3.0,17,32,79,178,30,32,172,183,30,32,176,181,SHARP_UNIMODAL,CLOCK_CALIBRATION_VALIDATED,0.53125,0.4438202247191011,0.9375,0.9398907103825137,0.9375,0.9723756906077348,0.0
0021500469,3.5,10,18,54,154,20,20,163,166,19,20,167,168,SHARP_UNIMODAL,CLOCK_CALIBRATION_VALIDATED,0.5555555555555556,0.35064935064935066,1.0,0.9819277108433735,0.95,0.9940476190476191,-0.050000000000000044
0021500470,3.5,6,29,51,143,27,29,153,155,29,29,151,152,SHARP_UNIMODAL,CLOCK_CALIBRATION_VALIDATED,0.20689655172413793,0.35664335664335667,0.9310344827586207,0.9870967741935484,1.0,0.993421052631579,0.06896551724137934
0021500471,4.0,12,22,51,151,22,22,160,163,22,22,160,163,FLAT_PLATEAU,CLOCK_CALIBRATION_VALIDATED,0.5454545454545454,0.33774834437086093,1.0,0.9815950920245399,1.0,0.9815950920245399,0.0
0021500472,3.5,7,25,87,179,20,25,181,186,20,25,181,186,SHARP_UNIMODAL,CLOCK_CALIBRATION_VALIDATED,0.28,0.4860335195530726,0.8,0.9731182795698925,0.8,0.9731182795698925,0.0
0021500473,5.5,12,30,43,160,25,28,150,159,23,27,152,161,MULTIMODAL,AMBIGUOUS_LEAD,0.4,0.26875,0.8928571428571429,0.9433962264150944,0.8518518518518519,0.9440993788819876,-0.041005291005291045
0021500474,4.5,8,22,42,142,21,22,153,157,20,23,154,157,FLAT_PLATEAU,CLOCK_CALIBRATION_VALIDATED,0.36363636363636365,0.29577464788732394,0.9545454545454546,0.9745222929936306,0.8695652173913043,0.9808917197452229,-0.08498023715415026
0021500475,2.5,6,22,63,142,20,23,148,153,19,22,149,152,FLAT_PLATEAU,CLOCK_CALIBRATION_VALIDATED,0.2727272727272727,0.44366197183098594,0.8695652173913043,0.9673202614379085,0.8636363636363636,0.9802631578947368,-0.005928853754940677
0021500476,3.0,6,20,75,176,18,19,174,179,19,20,177,181,FLAT_PLATEAU,CLOCK_CALIBRATION_VALIDATED,0.3,0.42613636363636365,0.9473684210526315,0.9720670391061452,0.95,0.9779005524861878,0.0026315789473684292
0021500477,5.0,9,26,34,163,24,25,158,163,23,24,157,159,SHARP_UNIMODAL,CLOCK_CALIBRATION_VALIDATED,0.34615384615384615,0.2085889570552147,0.96,0.9693251533742331,0.9583333333333334,0.9874213836477987,-0.0016666666666665941
0021500478,4.0,10,32,56,171,31,31,170,174,31,31,170,174,FLAT_PLATEAU,CLOCK_CALIBRATION_VALIDATED,0.3125,0.32748538011695905,1.0,0.9770114942528736,1.0,0.9770114942528736,0.0
0021500479,3.5,8,26,53,120,23,25,129,131,25,26,131,131,FLAT_PLATEAU,CLOCK_CALIBRATION_VALIDATED,0.3076923076923077,0.44166666666666665,0.92,0.9847328244274809,0.9615384615384616,1.0,0.041538461538461524
0021500480,4.0,8,26,38,145,24,26,144,145,24,26,144,145,FLAT_PLATEAU,CLOCK_CALIBRATION_VALIDATED,0.3076923076923077,0.2620689655172414,0.9230769230769231,0.993103448275862,0.9230769230769231,0.993103448275862,0.0
0021500481,5.0,5,25,28,139,24,25,129,137,23,26,131,136,DRIFTING,DRIFTING_LEAD,0.2,0.2014388489208633,0.96,0.9416058394160584,0.8846153846153846,0.9632352941176471,-0.07538461538461538
0021500482,4.0,5,27,40,169,27,27,169,173,27,27,169,173,SHARP_UNIMODAL,CLOCK_CALIBRATION_VALIDATED,0.18518518518518517,0.23668639053254437,1.0,0.976878612716763,1.0,0.976878612716763,0.0
0021500483,3.5,12,34,37,157,34,34,154,160,35,35,156,158,SHARP_UNIMODAL,CLOCK_CALIBRATION_VALIDATED,0.35294117647058826,0.2356687898089172,1.0,0.9625,1.0,0.9873417721518988,0.0
0021500484,3.5,13,34,43,140,31,31,138,142,32,32,140,141,SHARP_UNIMODAL,CLOCK_CALIBRATION_VALIDATED,0.38235294117647056,0.30714285714285716,1.0,0.971830985915493,1.0,0.9929078014184397,0.0
0021500485,3.5,14,30,50,146,30,32,144,150,31,32,146,151,MULTIMODAL,AMBIGUOUS_LEAD,0.4666666666666667,0.3424657534246575,0.9375,0.96,0.96875,0.9668874172185431,0.03125
0021500486,5.0,18,30,43,164,28,30,161,169,24,29,163,168,SHARP_UNIMODAL,CLOCK_CALIBRATION_VALIDATED,0.6,0.2621951219512195,0.9333333333333333,0.9526627218934911,0.8275862068965517,0.9702380952380952,-0.10574712643678164
0021500487,5.0,10,25,36,151,25,26,153,157,26,27,154,157,FLAT_PLATEAU,CLOCK_CALIBRATION_VALIDATED,0.4,0.23841059602649006,0.9615384615384616,0.9745222929936306,0.9629629629629629,0.9808917197452229,0.0014245014245013454
0021500488,3.0,12,29,67,149,28,29,153,161,29,29,158,161,SHARP_UNIMODAL,CLOCK_CALIBRATION_VALIDATED,0.41379310344827586,0.44966442953020136,0.9655172413793104,0.9503105590062112,1.0,0.9813664596273292,0.03448275862068961
0021500489,4.0,5,15,34,158,12,15,153,158,12,15,153,158,DRIFTING,DRIFTING_LEAD,0.3333333333333333,0.21518987341772153,0.8,0.9683544303797469,0.8,0.9683544303797469,0.0
0021500490,4.0,8,24,57,167,24,24,175,177,24,24,175,177,FLAT_PLATEAU,CLOCK_CALIBRATION_VALIDATED,0.3333333333333333,0.3413173652694611,1.0,0.9887005649717514,1.0,0.9887005649717514,0.0
0021500491,5.5,11,21,43,160,21,21,152,158,19,21,153,157,DRIFTING,AMBIGUOUS_LEAD,0.5238095238095238,0.26875,1.0,0.9620253164556962,0.9047619047619048,0.9745222929936306,-0.09523809523809523
0021500492,6.0,5,23,46,167,20,21,161,173,20,22,167,172,FLAT_PLATEAU,CLOCK_CALIBRATION_VALIDATED,0.21739130434782608,0.2754491017964072,0.9523809523809523,0.930635838150289,0.9090909090909091,0.9709302325581395,-0.04329004329004327
0021500493,4.5,6,18,39,158,15,16,152,156,14,16,153,157,FLAT_PLATEAU,CLOCK_CALIBRATION_VALIDATED,0.3333333333333333,0.2468354430379747,0.9375,0.9743589743589743,0.875,0.9745222929936306,-0.0625
0021500494,5.5,10,24,39,161,23,25,157,164,21,24,156,161,MULTIMODAL,AMBIGUOUS_LEAD,0.4166666666666667,0.2422360248447205,0.92,0.9573170731707317,0.875,0.968944099378882,-0.04500000000000004
0021500495,5.5,16,27,73,171,26,28,168,178,25,28,173,181,DRIFTING,AMBIGUOUS_LEAD,0.5925925925925926,0.4269005847953216,0.9285714285714286,0.9438202247191011,0.8928571428571429,0.9558011049723757,-0.0357142857142857
0021500496,4.0,7,30,35,166,28,30,163,166,28,30,163,166,SHARP_UNIMODAL,CLOCK_CALIBRATION_VALIDATED,0.23333333333333334,0.21084337349397592,0.9333333333333333,0.9819277108433735,0.9333333333333333,0.9819277108433735,0.0
0021500497,5.0,7,15,43,151,14,16,158,162,15,16,160,162,FLAT_PLATEAU,CLOCK_CALIBRATION_VALIDATED,0.4666666666666667,0.2847682119205298,0.875,0.9753086419753086,0.9375,0.9876543209876543,0.0625
0021500498,2.5,8,22,42,138,19,21,148,148,19,21,149,149,FLAT_PLATEAU,CLOCK_CALIBRATION_VALIDATED,0.36363636363636365,0.30434782608695654,0.9047619047619048,1.0,0.9047619047619048,1.0,0.0
0021500499,5.0,5,14,31,134,13,13,130,134,12,13,133,135,FLAT_PLATEAU,CLOCK_CALIBRATION_VALIDATED,0.35714285714285715,0.23134328358208955,1.0,0.9701492537313433,0.9230769230769231,0.9851851851851852,-0.07692307692307687
0021500500,4.0,6,26,50,130,25,25,138,138,25,25,138,138,FLAT_PLATEAU,CLOCK_CALIBRATION_VALIDATED,0.23076923076923078,0.38461538461538464,1.0,1.0,1.0,1.0,0.0
0021500501,3.5,9,28,36,147,26,27,146,149,26,27,147,150,FLAT_PLATEAU,CLOCK_CALIBRATION_VALIDATED,0.32142857142857145,0.24489795918367346,0.9629629629629629,0.9798657718120806,0.9629629629629629,0.98,0.0
0021500502,4.0,5,21,41,128,21,23,123,126,21,23,123,126,SHARP_UNIMODAL,CLOCK_CALIBRATION_VALIDATED,0.23809523809523808,0.3203125,0.9130434782608695,0.9761904761904762,0.9130434782608695,0.9761904761904762,0.0
0021500503,3.5,9,27,43,148,27,27,153,155,27,27,154,155,FLAT_PLATEAU,CLOCK_CALIBRATION_VALIDATED,0.3333333333333333,0.2905405405405405,1.0,0.9870967741935484,1.0,0.9935483870967742,0.0
0021500504,5.0,12,25,86,179,25,25,180,191,26,26,183,191,SHARP_UNIMODAL,CLOCK_CALIBRATION_VALIDATED,0.48,0.48044692737430167,1.0,0.9424083769633508,1.0,0.9581151832460733,0.0
0021500505,4.5,8,24,38,165,24,25,159,168,23,25,163,169,FLAT_PLATEAU,CLOCK_CALIBRATION_VALIDATED,0.3333333333333333,0.23030303030303031,0.96,0.9464285714285714,0.92,0.9644970414201184,-0.039999999999999925
0021500506,4.0,12,22,80,118,21,22,116,124,21,22,116,124,MULTIMODAL,AMBIGUOUS_LEAD,0.5454545454545454,0.6779661016949152,0.9545454545454546,0.9354838709677419,0.9545454545454546,0.9354838709677419,0.0
0021500507,5.0,6,18,46,166,17,17,165,173,16,18,170,172,SHARP_UNIMODAL,CLOCK_CALIBRATION_VALIDATED,0.3333333333333333,0.27710843373493976,1.0,0.953757225433526,0.8888888888888888,0.9883720930232558,-0.11111111111111116
0021500508,3.5,5,22,51,163,22,22,170,176,22,22,174,176,SHARP_UNIMODAL,CLOCK_CALIBRATION_VALIDATED,0.22727272727272727,0.3128834355828221,1.0,0.9659090909090909,1.0,0.9886363636363636,0.0
0021500509,5.5,4,17,40,154,18,18,148,157,16,18,154,158,FLAT_PLATEAU,CLOCK_CALIBRATION_VALIDATED,0.23529411764705882,0.2597402597402597,1.0,0.9426751592356688,0.8888888888888888,0.9746835443037974,-0.11111111111111116
0021500510,5.0,9,23,33,147,24,27,141,152,25,27,141,149,FLAT_PLATEAU,CLOCK_CALIBRATION_VALIDATED,0.391304347826087,0.22448979591836735,0.8888888888888888,0.9276315789473685,0.9259259259259259,0.9463087248322147,0.03703703703703709
0021500511,5.0,4,16,33,112,15,15,111,113,14,14,112,113,MULTIMODAL,AMBIGUOUS_LEAD,0.25,0.29464285714285715,1.0,0.9823008849557522,1.0,0.9911504424778761,0.0
0021500512,3.0,11,31,118,157,27,32,145,159,27,32,148,159,DRIFTING,DRIFTING_LEAD,0.3548387096774194,0.7515923566878981,0.84375,0.9119496855345912,0.84375,0.9308176100628931,0.0
0021500513,4.5,6,19,69,167,16,18,160,164,17,18,162,164,SHARP_UNIMODAL,CLOCK_CALIBRATION_VALIDATED,0.3157894736842105,0.41317365269461076,0.8888888888888888,0.975609756097561,0.9444444444444444,0.9878048780487805,0.05555555555555558
0021500514,4.5,6,18,45,161,17,18,157,167,16,18,162,169,DRIFTING,AMBIGUOUS_LEAD,0.3333333333333333,0.2795031055900621,0.9444444444444444,0.9401197604790419,0.8888888888888888,0.9585798816568047,-0.05555555555555558
0021500515,5.5,9,17,58,174,15,16,167,173,15,16,168,172,FLAT_PLATEAU,CLOCK_CALIBRATION_VALIDATED,0.5294117647058824,0.3333333333333333,0.9375,0.9653179190751445,0.9375,0.9767441860465116,0.0
0021500516,4.0,9,28,57,163,28,28,166,167,28,28,166,167,FLAT_PLATEAU,CLOCK_CALIBRATION_VALIDATED,0.32142857142857145,0.3496932515337423,1.0,0.9940119760479041,1.0,0.9940119760479041,0.0
0021500517,2.0,17,30,79,170,27,30,164,176,28,30,168,175,DRIFTING,DRIFTING_LEAD,0.5666666666666667,0.4647058823529412,0.9,0.9318181818181818,0.9333333333333333,0.96,0.033333333333333326
0021500518,4.0,10,30,30,131,30,31,142,143,30,31,142,143,FLAT_PLATEAU,CLOCK_CALIBRATION_VALIDATED,0.3333333333333333,0.22900763358778625,0.967741935483871,0.993006993006993,0.967741935483871,0.993006993006993,0.0
0021500519,3.5,8,32,35,159,29,32,159,163,29,32,160,163,FLAT_PLATEAU,CLOCK_CALIBRATION_VALIDATED,0.25,0.22012578616352202,0.90625,0.9754601226993865,0.90625,0.9815950920245399,0.0
0021500520,4.5,18,22,76,162,21,22,171,173,21,22,172,173,FLAT_PLATEAU,CLOCK_CALIBRATION_VALIDATED,0.8181818181818182,0.4691358024691358,0.9545454545454546,0.9884393063583815,0.9545454545454546,0.9942196531791907,0.0
0021500521,3.5,10,22,64,163,21,22,161,167,21,22,164,168,MULTIMODAL,AMBIGUOUS_LEAD,0.45454545454545453,0.39263803680981596,0.9545454545454546,0.9640718562874252,0.9545454545454546,0.9761904761904762,0.0
0021500522,3.5,5,23,45,164,22,23,149,157,22,23,153,159,MULTIMODAL,AMBIGUOUS_LEAD,0.21739130434782608,0.27439024390243905,0.9565217391304348,0.9490445859872612,0.9565217391304348,0.9622641509433962,0.0
0021500523,3.0,6,36,58,181,34,36,183,190,34,36,184,190,FLAT_PLATEAU,CLOCK_CALIBRATION_VALIDATED,0.16666666666666666,0.32044198895027626,0.9444444444444444,0.9631578947368421,0.9444444444444444,0.968421052631579,0.0
0021500524,4.5,3,21,39,174,21,21,160,174,20,21,164,175,FLAT_PLATEAU,CLOCK_CALIBRATION_VALIDATED,0.14285714285714285,0.22413793103448276,1.0,0.9195402298850575,0.9523809523809523,0.9371428571428572,-0.04761904761904767
0021500525,4.0,14,22,42,134,22,22,135,138,22,22,135,138,FLAT_PLATEAU,CLOCK_CALIBRATION_VALIDATED,0.6363636363636364,0.31343283582089554,1.0,0.9782608695652174,1.0,0.9782608695652174,0.0
0021500526,3.5,10,33,42,142,29,33,149,151,29,33,150,152,FLAT_PLATEAU,CLOCK_CALIBRATION_VALIDATED,0.30303030303030304,0.29577464788732394,0.8787878787878788,0.9867549668874173,0.8787878787878788,0.9868421052631579,0.0
0021500527,3.5,7,22,56,153,22,22,160,164,22,22,164,165,MULTIMODAL,AMBIGUOUS_LEAD,0.3181818181818182,0.3660130718954248,1.0,0.975609756097561,1.0,0.9939393939393939,0.0
0021500528,4.0,17,27,58,150,24,27,161,164,24,27,161,164,FLAT_PLATEAU,CLOCK_CALIBRATION_VALIDATED,0.6296296296296297,0.38666666666666666,0.8888888888888888,0.9817073170731707,0.8888888888888888,0.9817073170731707,0.0
0021500529,4.5,11,30,49,146,30,32,145,148,30,32,146,147,MULTIMODAL,AMBIGUOUS_LEAD,0.36666666666666664,0.3356164383561644,0.9375,0.9797297297297297,0.9375,0.9931972789115646,0.0
0021500530,2.5,12,20,41,142,18,19,149,152,20,20,154,154,FLAT_PLATEAU,CLOCK_CALIBRATION_VALIDATED,0.6,0.2887323943661972,0.9473684210526315,0.9802631578947368,1.0,1.0,0.052631578947368474
0021500531,4.0,7,20,44,165,19,20,172,177,19,20,172,177,FLAT_PLATEAU,CLOCK_CALIBRATION_VALIDATED,0.35,0.26666666666666666,0.95,0.9717514124293786,0.95,0.9717514124293786,0.0
0021500532,6.5,8,23,32,128,23,23,127,132,21,21,130,133,MULTIMODAL,AMBIGUOUS_LEAD,0.34782608695652173,0.25,1.0,0.9621212121212122,1.0,0.9774436090225563,0.0
0021500533,2.5,5,23,48,164,23,24,166,169,21,24,166,168,FLAT_PLATEAU,CLOCK_CALIBRATION_VALIDATED,0.21739130434782608,0.2926829268292683,0.9583333333333334,0.9822485207100592,0.875,0.9880952380952381,-0.08333333333333337
0021500534,3.5,14,23,82,161,22,22,166,170,23,23,169,171,MULTIMODAL,AMBIGUOUS_LEAD,0.6086956521739131,0.5093167701863354,1.0,0.9764705882352941,1.0,0.9883040935672515,0.0
0021500535,3.5,7,23,45,162,20,22,163,169,19,22,164,169,FLAT_PLATEAU,CLOCK_CALIBRATION_VALIDATED,0.30434782608695654,0.2777777777777778,0.9090909090909091,0.9644970414201184,0.8636363636363636,0.9704142011834319,-0.045454545454545414
0021500536,2.5,11,32,98,154,33,33,146,158,30,33,157,162,MULTIMODAL,AMBIGUOUS_LEAD,0.34375,0.6363636363636364,1.0,0.9240506329113924,0.9090909090909091,0.9691358024691358,-0.09090909090909094
0021500537,4.5,7,24,39,166,21,23,154,159,21,22,154,158,FLAT_PLATEAU,CLOCK_CALIBRATION_VALIDATED,0.2916666666666667,0.23493975903614459,0.9130434782608695,0.9685534591194969,0.9545454545454546,0.9746835443037974,0.041501976284585074
0021500538,4.5,14,35,47,142,30,33,148,150,30,33,149,151,SHARP_UNIMODAL,CLOCK_CALIBRATION_VALIDATED,0.4,0.33098591549295775,0.9090909090909091,0.9866666666666667,0.9090909090909091,0.9867549668874173,0.0
0021500539,4.5,12,33,48,155,30,32,145,151,30,32,148,152,FLAT_PLATEAU,CLOCK_CALIBRATION_VALIDATED,0.36363636363636365,0.3096774193548387,0.9375,0.9602649006622517,0.9375,0.9736842105263158,0.0
0021500540,3.0,18,40,52,154,39,41,154,158,41,41,156,159,MULTIMODAL,AMBIGUOUS_LEAD,0.45,0.33766233766233766,0.9512195121951219,0.9746835443037974,1.0,0.9811320754716981,0.04878048780487809
0021500541,4.5,13,26,44,139,26,27,140,143,26,27,142,143,MULTIMODAL,AMBIGUOUS_LEAD,0.5,0.31654676258992803,0.9629629629629629,0.9790209790209791,0.9629629629629629,0.993006993006993,0.0
0021500542,3.5,13,24,51,158,23,24,162,165,22,23,163,166,FLAT_PLATEAU,CLOCK_CALIBRATION_VALIDATED,0.5416666666666666,0.3227848101265823,0.9583333333333334,0.9818181818181818,0.9565217391304348,0.9819277108433735,-0.0018115942028985588
0021500543,2.5,5,21,52,135,20,22,134,139,20,20,139,140,SHARP_UNIMODAL,CLOCK_CALIBRATION_VALIDATED,0.23809523809523808,0.3851851851851852,0.9090909090909091,0.9640287769784173,1.0,0.9928571428571429,0.09090909090909094
0021500544,3.5,6,36,48,156,34,38,157,161,35,38,157,161,FLAT_PLATEAU,CLOCK_CALIBRATION_VALIDATED,0.16666666666666666,0.3076923076923077,0.8947368421052632,0.9751552795031055,0.9210526315789473,0.9751552795031055,0.02631578947368418
0021500545,4.0,11,28,49,144,27,29,148,153,27,29,148,153,FLAT_PLATEAU,CLOCK_CALIBRATION_VALIDATED,0.39285714285714285,0.3402777777777778,0.9310344827586207,0.9673202614379085,0.9310344827586207,0.9673202614379085,0.0
0021500546,4.5,7,13,40,136,10,12,136,140,10,12,137,140,FLAT_PLATEAU,CLOCK_CALIBRATION_VALIDATED,0.5384615384615384,0.29411764705882354,0.8333333333333334,0.9714285714285714,0.8333333333333334,0.9785714285714285,0.0
0021500547,4.0,5,21,58,155,20,20,154,154,20,20,154,154,FLAT_PLATEAU,CLOCK_CALIBRATION_VALIDATED,0.23809523809523808,0.3741935483870968,1.0,1.0,1.0,1.0,0.0
0021500548,3.5,5,24,46,174,22,24,178,182,22,24,178,182,FLAT_PLATEAU,CLOCK_CALIBRATION_VALIDATED,0.20833333333333334,0.26436781609195403,0.9166666666666666,0.978021978021978,0.9166666666666666,0.978021978021978,0.0
0021500549,6.5,7,24,39,172,22,24,151,172,22,24,160,172,FLAT_PLATEAU,CLOCK_CALIBRATION_VALIDATED,0.2916666666666667,0.22674418604651161,0.9166666666666666,0.877906976744186,0.9166666666666666,0.9302325581395349,0.0
0021500550,6.0,13,23,41,167,23,24,162,174,20,24,170,175,FLAT_PLATEAU,CLOCK_CALIBRATION_VALIDATED,0.5652173913043478,0.24550898203592814,0.9583333333333334,0.9310344827586207,0.8333333333333334,0.9714285714285714,-0.125
0021500551,4.0,12,35,49,161,33,36,161,164,33,36,161,164,FLAT_PLATEAU,CLOCK_CALIBRATION_VALIDATED,0.34285714285714286,0.30434782608695654,0.9166666666666666,0.9817073170731707,0.9166666666666666,0.9817073170731707,0.0
0021500552,3.5,9,23,27,132,25,25,129,131,22,23,132,133,SHARP_UNIMODAL,CLOCK_CALIBRATION_VALIDATED,0.391304347826087,0.20454545454545456,1.0,0.9847328244274809,0.9565217391304348,0.9924812030075187,-0.04347826086956519
0021500553,5.0,8,23,45,167,22,23,160,167,22,23,164,169,FLAT_PLATEAU,CLOCK_CALIBRATION_VALIDATED,0.34782608695652173,0.2694610778443114,0.9565217391304348,0.9580838323353293,0.9565217391304348,0.9704142011834319,0.0
0021500554,3.5,10,23,57,140,20,23,139,140,21,22,140,140,MULTIMODAL,AMBIGUOUS_LEAD,0.43478260869565216,0.40714285714285714,0.8695652173913043,0.9928571428571429,0.9545454545454546,1.0,0.08498023715415026
0021500555,3.0,12,33,42,146,33,33,150,153,31,33,150,153,MULTIMODAL,AMBIGUOUS_LEAD,0.36363636363636365,0.2876712328767123,1.0,0.9803921568627451,0.9393939393939394,0.9803921568627451,-0.06060606060606055
0021500556,3.5,11,28,40,174,27,28,173,178,27,28,176,178,FLAT_PLATEAU,CLOCK_CALIBRATION_VALIDATED,0.39285714285714285,0.22988505747126436,0.9642857142857143,0.9719101123595506,0.9642857142857143,0.9887640449438202,0.0
0021500557,2.0,12,29,53,142,27,28,143,145,27,28,148,149,MULTIMODAL,AMBIGUOUS_LEAD,0.41379310344827586,0.3732394366197183,0.9642857142857143,0.9862068965517241,0.9642857142857143,0.9932885906040269,0.0
0021500558,5.0,10,28,48,187,27,28,180,188,27,28,182,187,MULTIMODAL,AMBIGUOUS_LEAD,0.35714285714285715,0.25668449197860965,0.9642857142857143,0.9574468085106383,0.9642857142857143,0.9732620320855615,0.0
0021500559,3.0,12,27,55,144,26,29,148,154,25,27,151,154,DRIFTING,DRIFTING_LEAD,0.4444444444444444,0.3819444444444444,0.896551724137931,0.961038961038961,0.9259259259259259,0.9805194805194806,0.02937420178799488
0021500560,3.5,14,36,45,160,33,36,161,167,33,36,162,168,FLAT_PLATEAU,CLOCK_CALIBRATION_VALIDATED,0.3888888888888889,0.28125,0.9166666666666666,0.9640718562874252,0.9166666666666666,0.9642857142857143,0.0
0021500561,3.0,20,38,57,158,33,37,167,171,36,37,170,172,SHARP_UNIMODAL,CLOCK_CALIBRATION_VALIDATED,0.5263157894736842,0.36075949367088606,0.8918918918918919,0.9766081871345029,0.972972972972973,0.9883720930232558,0.08108108108108114
0021500562,2.0,3,17,75,150,22,22,158,163,20,22,156,160,MULTIMODAL,AMBIGUOUS_LEAD,0.17647058823529413,0.5,1.0,0.9693251533742331,0.9090909090909091,0.975,-0.09090909090909094
0021500563,5.5,9,25,42,155,24,25,150,159,22,25,158,160,FLAT_PLATEAU,CLOCK_CALIBRATION_VALIDATED,0.36,0.2709677419354839,0.96,0.9433962264150944,0.88,0.9875,-0.07999999999999996
0021500564,4.5,16,35,49,168,32,35,171,174,30,35,171,173,FLAT_PLATEAU,CLOCK_CALIBRATION_VALIDATED,0.45714285714285713,0.2916666666666667,0.9142857142857143,0.9827586206896551,0.8571428571428571,0.9884393063583815,-0.05714285714285716
0021500565,3.5,10,24,37,154,25,25,152,157,25,25,152,157,FLAT_PLATEAU,CLOCK_CALIBRATION_VALIDATED,0.4166666666666667,0.24025974025974026,1.0,0.9681528662420382,1.0,0.9681528662420382,0.0
0021500566,5.0,12,22,64,145,22,23,136,142,22,23,139,144,MULTIMODAL,AMBIGUOUS_LEAD,0.5454545454545454,0.4413793103448276,0.9565217391304348,0.9577464788732394,0.9565217391304348,0.9652777777777778,0.0
0021500567,5.5,4,24,51,175,24,25,167,174,24,25,173,178,FLAT_PLATEAU,CLOCK_CALIBRATION_VALIDATED,0.16666666666666666,0.2914285714285714,0.96,0.9597701149425287,0.96,0.9719101123595506,0.0
0021500568,3.0,12,17,62,159,17,19,170,176,17,18,172,176,DRIFTING,DRIFTING_LEAD,0.7058823529411765,0.389937106918239,0.8947368421052632,0.9659090909090909,0.9444444444444444,0.9772727272727273,0.049707602339181256
0021500569,2.0,10,30,53,150,29,30,155,160,26,29,157,161,FLAT_PLATEAU,CLOCK_CALIBRATION_VALIDATED,0.3333333333333333,0.35333333333333333,0.9666666666666667,0.96875,0.896551724137931,0.9751552795031055,-0.07011494252873562
0021500570,7.0,13,28,38,161,28,29,155,171,24,29,158,164,FLAT_PLATEAU,CLOCK_CALIBRATION_VALIDATED,0.4642857142857143,0.2360248447204969,0.9655172413793104,0.9064327485380117,0.8275862068965517,0.9634146341463414,-0.13793103448275867
0021500571,4.0,9,19,32,144,19,19,157,160,19,19,157,160,SHARP_UNIMODAL,CLOCK_CALIBRATION_VALIDATED,0.47368421052631576,0.2222222222222222,1.0,0.98125,1.0,0.98125,0.0
0021500572,4.5,13,30,64,143,30,30,133,137,29,29,135,138,MULTIMODAL,AMBIGUOUS_LEAD,0.43333333333333335,0.44755244755244755,1.0,0.9708029197080292,1.0,0.9782608695652174,0.0
0021500573,3.5,5,15,45,147,12,14,135,141,11,14,138,142,SHARP_UNIMODAL,HOLDOUT_FAIL,0.3333333333333333,0.30612244897959184,0.8571428571428571,0.9574468085106383,0.7857142857142857,0.971830985915493,-0.0714285714285714
0021500574,2.5,10,33,59,140,32,33,153,157,32,33,155,158,DRIFTING,AMBIGUOUS_LEAD,0.30303030303030304,0.42142857142857143,0.9696969696969697,0.9745222929936306,0.9696969696969697,0.9810126582278481,0.0
0021500575,3.0,10,25,45,153,22,24,160,163,23,24,163,165,MULTIMODAL,AMBIGUOUS_LEAD,0.4,0.29411764705882354,0.9166666666666666,0.9815950920245399,0.9583333333333334,0.9878787878787879,0.04166666666666674
0021500576,7.0,12,19,35,176,16,18,156,174,16,18,156,166,FLAT_PLATEAU,CLOCK_CALIBRATION_VALIDATED,0.631578947368421,0.19886363636363635,0.8888888888888888,0.896551724137931,0.8888888888888888,0.9397590361445783,0.0
0021500577,4.5,15,30,43,159,27,31,161,163,29,31,161,162,FLAT_PLATEAU,CLOCK_CALIBRATION_VALIDATED,0.5,0.27044025157232704,0.8709677419354839,0.9877300613496932,0.9354838709677419,0.9938271604938271,0.06451612903225801
0021500578,4.0,15,43,51,149,41,43,154,155,41,43,154,155,MULTIMODAL,AMBIGUOUS_LEAD,0.3488372093023256,0.3422818791946309,0.9534883720930233,0.9935483870967742,0.9534883720930233,0.9935483870967742,0.0
0021500579,3.0,10,24,66,147,20,24,153,153,20,24,153,153,FLAT_PLATEAU,CLOCK_CALIBRATION_VALIDATED,0.4166666666666667,0.4489795918367347,0.8333333333333334,1.0,0.8333333333333334,1.0,0.0
0021500580,3.0,17,36,64,168,31,36,171,180,33,35,174,181,FLAT_PLATEAU,CLOCK_CALIBRATION_VALIDATED,0.4722222222222222,0.38095238095238093,0.8611111111111112,0.95,0.9428571428571428,0.9613259668508287,0.08174603174603168
0021500581,3.5,11,31,49,139,30,30,141,144,31,31,143,145,FLAT_PLATEAU,CLOCK_CALIBRATION_VALIDATED,0.3548387096774194,0.35251798561151076,1.0,0.9791666666666666,1.0,0.9862068965517241,0.0
0021500582,2.5,17,34,66,144,34,34,160,164,34,34,162,164,FLAT_PLATEAU,CLOCK_CALIBRATION_VALIDATED,0.5,0.4583333333333333,1.0,0.975609756097561,1.0,0.9878048780487805,0.0
0021500583,5.5,7,24,51,168,19,23,167,175,18,24,170,175,FLAT_PLATEAU,HOLDOUT_FAIL,0.2916666666666667,0.30357142857142855,0.8260869565217391,0.9542857142857143,0.75,0.9714285714285714,-0.07608695652173914
0021500584,5.0,10,27,40,158,26,27,155,162,26,27,156,162,FLAT_PLATEAU,CLOCK_CALIBRATION_VALIDATED,0.37037037037037035,0.25316455696202533,0.9629629629629629,0.9567901234567902,0.9629629629629629,0.9629629629629629,0.0
0021500585,3.5,7,22,37,180,22,23,173,174,23,23,175,175,SHARP_UNIMODAL,CLOCK_CALIBRATION_VALIDATED,0.3181818181818182,0.20555555555555555,0.9565217391304348,0.9942528735632183,1.0,1.0,0.04347826086956519
0021500586,6.5,6,29,40,161,25,28,158,163,24,29,159,163,DRIFTING,AMBIGUOUS_LEAD,0.20689655172413793,0.2484472049689441,0.8928571428571429,0.9693251533742331,0.8275862068965517,0.9754601226993865,-0.06527093596059119
0021500591,4.0,5,28,48,153,27,27,151,156,27,27,151,156,FLAT_PLATEAU,CLOCK_CALIBRATION_VALIDATED,0.17857142857142858,0.3137254901960784,1.0,0.967948717948718,1.0,0.967948717948718,0.0
0021500592,3.0,23,39,80,166,36,40,168,176,38,40,169,175,DRIFTING,DRIFTING_LEAD,0.5897435897435898,0.4819277108433735,0.9,0.9545454545454546,0.95,0.9657142857142857,0.04999999999999993
0021500593,4.0,5,24,45,156,18,21,152,152,18,21,152,152,SHARP_UNIMODAL,CLOCK_CALIBRATION_VALIDATED,0.20833333333333334,0.28846153846153844,0.8571428571428571,1.0,0.8571428571428571,1.0,0.0
0021500594,2.5,6,18,76,156,16,18,170,173,17,18,172,173,FLAT_PLATEAU,CLOCK_CALIBRATION_VALIDATED,0.3333333333333333,0.48717948717948717,0.8888888888888888,0.9826589595375722,0.9444444444444444,0.9942196531791907,0.05555555555555558
0021500595,3.0,6,26,62,167,25,25,176,179,25,25,177,180,FLAT_PLATEAU,CLOCK_CALIBRATION_VALIDATED,0.23076923076923078,0.3712574850299401,1.0,0.9832402234636871,1.0,0.9833333333333333,0.0
0021500596,4.0,7,20,69,157,18,19,155,158,18,19,155,158,FLAT_PLATEAU,CLOCK_CALIBRATION_VALIDATED,0.35,0.4394904458598726,0.9473684210526315,0.9810126582278481,0.9473684210526315,0.9810126582278481,0.0
0021500597,3.5,7,17,31,158,17,17,160,162,16,17,162,163,FLAT_PLATEAU,CLOCK_CALIBRATION_VALIDATED,0.4117647058823529,0.1962025316455696,1.0,0.9876543209876543,0.9411764705882353,0.9938650306748467,-0.05882352941176472
0021500598,4.0,8,15,39,147,17,17,162,162,17,17,162,162,FLAT_PLATEAU,CLOCK_CALIBRATION_VALIDATED,0.5333333333333333,0.2653061224489796,1.0,1.0,1.0,1.0,0.0
0021500599,4.0,12,24,38,150,23,25,145,150,23,25,145,150,SHARP_UNIMODAL,CLOCK_CALIBRATION_VALIDATED,0.5,0.25333333333333335,0.92,0.9666666666666667,0.92,0.9666666666666667,0.0
0021500600,5.5,16,25,43,149,23,25,142,148,20,25,147,150,FLAT_PLATEAU,CLOCK_CALIBRATION_VALIDATED,0.64,0.28859060402684567,0.92,0.9594594594594594,0.8,0.98,-0.12
0021500601,3.5,10,30,47,137,25,29,146,147,24,29,146,147,FLAT_PLATEAU,CLOCK_CALIBRATION_VALIDATED,0.3333333333333333,0.34306569343065696,0.8620689655172413,0.9931972789115646,0.8275862068965517,0.9931972789115646,-0.03448275862068961
0021500615,3.5,9,27,85,173,26,27,193,197,25,27,194,198,FLAT_PLATEAU,CLOCK_CALIBRATION_VALIDATED,0.3333333333333333,0.4913294797687861,0.9629629629629629,0.9796954314720813,0.9259259259259259,0.9797979797979798,-0.03703703703703698
0021500616,4.0,12,26,60,184,22,25,187,191,22,25,187,191,MULTIMODAL,AMBIGUOUS_LEAD,0.46153846153846156,0.32608695652173914,0.88,0.9790575916230366,0.88,0.9790575916230366,0.0
0021500617,3.5,9,23,41,145,23,24,160,160,23,24,160,160,FLAT_PLATEAU,CLOCK_CALIBRATION_VALIDATED,0.391304347826087,0.2827586206896552,0.9583333333333334,1.0,0.9583333333333334,1.0,0.0
0021500618,3.5,6,23,48,139,23,25,148,149,25,25,148,149,FLAT_PLATEAU,CLOCK_CALIBRATION_VALIDATED,0.2608695652173913,0.34532374100719426,0.92,0.9932885906040269,1.0,0.9932885906040269,0.07999999999999996
0021500619,6.5,8,20,39,156,19,20,148,161,16,20,153,159,FLAT_PLATEAU,CLOCK_CALIBRATION_VALIDATED,0.4,0.25,0.95,0.9192546583850931,0.8,0.9622641509433962,-0.1499999999999999
0021500620,3.0,10,28,55,144,29,29,142,147,28,28,143,148,MULTIMODAL,AMBIGUOUS_LEAD,0.35714285714285715,0.3819444444444444,1.0,0.9659863945578231,1.0,0.9662162162162162,0.0
0021500621,3.5,5,17,37,150,16,18,148,151,17,18,149,152,MULTIMODAL,AMBIGUOUS_LEAD,0.29411764705882354,0.24666666666666667,0.8888888888888888,0.9801324503311258,0.9444444444444444,0.9802631578947368,0.05555555555555558
0021500622,4.0,7,16,26,120,18,18,116,119,18,18,116,119,FLAT_PLATEAU,CLOCK_CALIBRATION_VALIDATED,0.4375,0.21666666666666667,1.0,0.9747899159663865,1.0,0.9747899159663865,0.0
0021500623,2.5,9,25,52,168,24,24,168,172,25,25,171,174,FLAT_PLATEAU,CLOCK_CALIBRATION_VALIDATED,0.36,0.30952380952380953,1.0,0.9767441860465116,1.0,0.9827586206896551,0.0
0021500624,5.0,10,26,63,169,22,25,172,179,24,26,174,179,SHARP_UNIMODAL,CLOCK_CALIBRATION_VALIDATED,0.38461538461538464,0.3727810650887574,0.88,0.9608938547486033,0.9230769230769231,0.9720670391061452,0.043076923076923124
0021500625,4.0,14,25,29,123,25,27,125,128,25,27,125,128,FLAT_PLATEAU,CLOCK_CALIBRATION_VALIDATED,0.56,0.23577235772357724,0.9259259259259259,0.9765625,0.9259259259259259,0.9765625,0.0
0021500626,3.5,9,28,34,144,26,28,139,144,25,28,140,144,MULTIMODAL,AMBIGUOUS_LEAD,0.32142857142857145,0.2361111111111111,0.9285714285714286,0.9652777777777778,0.8928571428571429,0.9722222222222222,-0.0357142857142857
0021500627,5.5,13,26,51,162,24,27,160,169,24,27,158,165,MULTIMODAL,AMBIGUOUS_LEAD,0.5,0.3148148148148148,0.8888888888888888,0.9467455621301775,0.8888888888888888,0.9575757575757575,0.0
0021500628,3.0,11,35,58,151,32,34,153,162,33,34,159,163,FLAT_PLATEAU,CLOCK_CALIBRATION_VALIDATED,0.3142857142857143,0.3841059602649007,0.9411764705882353,0.9444444444444444,0.9705882352941176,0.9754601226993865,0.02941176470588236
0021500629,3.0,7,28,54,149,27,28,156,158,28,28,156,158,FLAT_PLATEAU,CLOCK_CALIBRATION_VALIDATED,0.25,0.3624161073825503,0.9642857142857143,0.9873417721518988,1.0,0.9873417721518988,0.0357142857142857
0021500630,3.5,11,28,45,147,28,30,153,153,28,30,154,154,FLAT_PLATEAU,CLOCK_CALIBRATION_VALIDATED,0.39285714285714285,0.30612244897959184,0.9333333333333333,1.0,0.9333333333333333,1.0,0.0
0021500631,3.5,10,19,46,134,20,20,132,136,20,20,133,136,MULTIMODAL,AMBIGUOUS_LEAD,0.5263157894736842,0.34328358208955223,1.0,0.9705882352941176,1.0,0.9779411764705882,0.0
0021500632,4.5,11,19,99,160,18,21,162,169,18,21,165,170,FLAT_PLATEAU,CLOCK_CALIBRATION_VALIDATED,0.5789473684210527,0.61875,0.8571428571428571,0.9585798816568047,0.8571428571428571,0.9705882352941176,0.0
0021500633,4.5,10,24,33,151,25,26,147,153,24,26,149,154,MULTIMODAL,AMBIGUOUS_LEAD,0.4166666666666667,0.2185430463576159,0.9615384615384616,0.9607843137254902,0.9230769230769231,0.9675324675324676,-0.038461538461538436
0021500634,4.0,3,20,53,186,19,19,182,185,19,19,182,185,MULTIMODAL,AMBIGUOUS_LEAD,0.15,0.2849462365591398,1.0,0.9837837837837838,1.0,0.9837837837837838,0.0
0021500635,4.5,7,22,59,166,21,22,169,174,21,22,173,175,SHARP_UNIMODAL,CLOCK_CALIBRATION_VALIDATED,0.3181818181818182,0.35542168674698793,0.9545454545454546,0.9712643678160919,0.9545454545454546,0.9885714285714285,0.0
0021500636,3.0,19,36,47,148,34,36,162,164,34,36,163,163,SHARP_UNIMODAL,CLOCK_CALIBRATION_VALIDATED,0.5277777777777778,0.31756756756756754,0.9444444444444444,0.9878048780487805,0.9444444444444444,1.0,0.0
0021500637,4.0,10,26,48,158,23,24,161,161,23,24,161,161,MULTIMODAL,AMBIGUOUS_LEAD,0.38461538461538464,0.3037974683544304,0.9583333333333334,1.0,0.9583333333333334,1.0,0.0
0021500638,5.5,9,23,47,176,21,23,164,177,20,23,172,178,FLAT_PLATEAU,CLOCK_CALIBRATION_VALIDATED,0.391304347826087,0.26704545454545453,0.9130434782608695,0.9265536723163842,0.8695652173913043,0.9662921348314607,-0.04347826086956519
0021500639,5.5,6,24,44,176,24,25,173,180,22,25,177,180,FLAT_PLATEAU,CLOCK_CALIBRATION_VALIDATED,0.25,0.25,0.96,0.9611111111111111,0.88,0.9833333333333333,-0.07999999999999996
0021500641,5.0,7,20,46,141,15,16,132,137,16,18,134,136,SHARP_UNIMODAL,CLOCK_CALIBRATION_VALIDATED,0.35,0.3262411347517731,0.9375,0.9635036496350365,0.8888888888888888,0.9852941176470589,-0.04861111111111116
0021500642,4.0,11,22,42,134,21,21,132,133,21,21,132,133,FLAT_PLATEAU,CLOCK_CALIBRATION_VALIDATED,0.5,0.31343283582089554,1.0,0.9924812030075187,1.0,0.9924812030075187,0.0
0021500645,3.0,13,27,53,185,26,27,178,185,26,27,182,186,SHARP_UNIMODAL,CLOCK_CALIBRATION_VALIDATED,0.48148148148148145,0.2864864864864865,0.9629629629629629,0.9621621621621622,0.9629629629629629,0.978494623655914,0.0
0021500646,4.0,11,30,60,168,29,29,182,184,29,29,182,184,SHARP_UNIMODAL,CLOCK_CALIBRATION_VALIDATED,0.36666666666666664,0.35714285714285715,1.0,0.9891304347826086,1.0,0.9891304347826086,0.0
0021500647,4.0,11,18,53,118,18,19,123,125,18,19,123,125,DRIFTING,DRIFTING_LEAD,0.6111111111111112,0.4491525423728814,0.9473684210526315,0.984,0.9473684210526315,0.984,0.0
0021500648,3.5,10,25,72,147,24,25,159,161,25,26,159,161,FLAT_PLATEAU,CLOCK_CALIBRATION_VALIDATED,0.4,0.4897959183673469,0.96,0.9875776397515528,0.9615384615384616,0.9875776397515528,0.0015384615384615996
0021500649,4.0,13,23,37,139,22,23,133,137,22,23,133,137,MULTIMODAL,AMBIGUOUS_LEAD,0.5652173913043478,0.26618705035971224,0.9565217391304348,0.9708029197080292,0.9565217391304348,0.9708029197080292,0.0
0021500650,3.5,9,25,64,163,25,25,165,171,25,25,166,172,FLAT_PLATEAU,CLOCK_CALIBRATION_VALIDATED,0.36,0.39263803680981596,1.0,0.9649122807017544,1.0,0.9651162790697675,0.0
0021500651,6.0,6,18,47,149,18,18,149,153,17,18,152,155,FLAT_PLATEAU,CLOCK_CALIBRATION_VALIDATED,0.3333333333333333,0.31543624161073824,1.0,0.9738562091503268,0.9444444444444444,0.9806451612903225,-0.05555555555555558
0021500652,2.5,13,30,74,177,29,30,176,184,30,30,179,184,MULTIMODAL,AMBIGUOUS_LEAD,0.43333333333333335,0.4180790960451977,0.9666666666666667,0.9565217391304348,1.0,0.9728260869565217,0.033333333333333326
0021500653,5.0,4,16,48,164,15,16,164,169,17,17,162,166,MULTIMODAL,AMBIGUOUS_LEAD,0.25,0.2926829268292683,0.9375,0.9704142011834319,1.0,0.9759036144578314,0.0625
0021500655,5.0,15,24,45,150,24,24,148,152,23,23,151,154,FLAT_PLATEAU,CLOCK_CALIBRATION_VALIDATED,0.625,0.3,1.0,0.9736842105263158,1.0,0.9805194805194806,0.0
0021500657,4.0,8,20,52,138,19,21,140,142,19,21,140,142,SHARP_UNIMODAL,CLOCK_CALIBRATION_VALIDATED,0.4,0.37681159420289856,0.9047619047619048,0.9859154929577465,0.9047619047619048,0.9859154929577465,0.0
0021500658,2.5,9,26,57,130,23,24,133,135,22,24,133,134,MULTIMODAL,AMBIGUOUS_LEAD,0.34615384615384615,0.43846153846153846,0.9583333333333334,0.9851851851851852,0.9166666666666666,0.9925373134328358,-0.04166666666666674
0021500660,3.0,9,33,60,158,28,31,160,165,28,31,163,168,MULTIMODAL,AMBIGUOUS_LEAD,0.2727272727272727,0.379746835443038,0.9032258064516129,0.9696969696969697,0.9032258064516129,0.9702380952380952,0.0
0021500661,6.0,6,20,35,135,18,21,130,138,18,19,136,142,FLAT_PLATEAU,CLOCK_CALIBRATION_VALIDATED,0.3,0.25925925925925924,0.8571428571428571,0.9420289855072463,0.9473684210526315,0.9577464788732394,0.09022556390977443
0021500662,3.0,9,26,46,155,26,26,160,161,26,26,159,159,FLAT_PLATEAU,CLOCK_CALIBRATION_VALIDATED,0.34615384615384615,0.2967741935483871,1.0,0.9937888198757764,1.0,1.0,0.0
0021500663,4.5,9,23,47,160,23,23,159,164,24,24,160,164,FLAT_PLATEAU,CLOCK_CALIBRATION_VALIDATED,0.391304347826087,0.29375,1.0,0.9695121951219512,1.0,0.975609756097561,0.0
